#include "wio_memo/presentation/memo_mascot_assets.h"

LV_ATTRIBUTE_MEM_ALIGN static const uint16_t memo_mascot_large_pixels[] = {
  0xF79D, 0xF79D, 0xF79D, 0xF79D, 0xF79D, 0xF79D, 0xF79D, 0xF79D, 0xF79D, 0xF79D,
  0xF79D, 0xF79D, 0xF79D, 0xF79D, 0xF79D, 0xF79D, 0xF79D, 0xF79D, 0xF79D, 0xF79D,
  0xF79D, 0xF79D, 0xF79D, 0xF79D, 0xF79D, 0xF79D, 0xF79D, 0xF79D, 0xF79D, 0xF79D,
  0xF79D, 0xF79D, 0xF79D, 0xF79D, 0xF79D, 0xF79D, 0xF79D, 0xF79D, 0xF79D, 0xF79D,
  0xF79D, 0xF79D, 0xF79D, 0xF79D, 0xF79D, 0xF79D, 0xF79D, 0xF79D, 0xF79D, 0xF79D,
  0xF79D, 0xF79D, 0xF79D, 0xF79D, 0xF79D, 0xF79D, 0xF79D, 0xF79D, 0xF79D, 0xF79D,
  0xF79D, 0xF79D, 0xF79D, 0xF79D, 0xF79D, 0xF79D, 0xF79D, 0xF79D, 0xF79D, 0xF79D,
  0xF79D, 0xF79D, 0xF79D, 0xF79D, 0xF79D, 0xF79D, 0xF79D, 0xF79D, 0xF79D, 0xF79D,
  0xF79D, 0xF79D, 0xF79D, 0xF79D, 0xF79D, 0xF79D, 0xF79D, 0xF79D, 0xF79D, 0xF79D,
  0xF79D, 0xF79D, 0xF79D, 0xF79D, 0xF79D, 0xF79D, 0xF79D, 0xF79D, 0xF79D, 0xF79D,
  0xF79D, 0xF79D, 0xF79D, 0xF79D, 0xF79D, 0xF79D, 0xF79D, 0xF79D, 0xF79D, 0xF79D,
  0xF79D, 0xF79D, 0xF79D, 0xF79D, 0xF79D, 0xF79D, 0xF79D, 0xF79D, 0xF79D, 0xF79D,
  0xF79D, 0xF79D, 0xF79D, 0xF79D, 0xF79D, 0xF79D, 0xF79D, 0xF79D, 0xF79D, 0xF79D,
  0xF79D, 0xF79D, 0xF79D, 0xF79D, 0xF79D, 0xF79D, 0xF79D, 0xF79D, 0xF79D, 0xF79D,
  0xF79D, 0xF79D, 0xF79D, 0xF79D, 0xF79D, 0xF79D, 0xF79D, 0xF79D, 0xF79D, 0xF79D,
  0xF79D, 0xF79D, 0xF79D, 0xF79D, 0xF79D, 0xF79D, 0xF79D, 0xF79D, 0xF79D, 0xF79D,
  0xF79D, 0xF79D, 0xF79D, 0xF79D, 0xF79D, 0xF79D, 0xF79D, 0xF79D, 0xF79D, 0xF79D,
  0xF79D, 0xF79D, 0xF79D, 0xF79D, 0xF79D, 0xF79D, 0xF79D, 0xF79D, 0xF79D, 0xF79D,
  0xF79D, 0xF79D, 0xF79D, 0xF79D, 0xF79D, 0xF79D, 0xF79D, 0xF79D, 0xF79D, 0xF79D,
  0xF79D, 0xF79D, 0xF79D, 0xF79D, 0xF79D, 0xF79D, 0xF79D, 0xF79D, 0xF79D, 0xF79D,
  0xF79D, 0xF79D, 0xF79D, 0xF79D, 0xF79D, 0xF79D, 0xF79D, 0xF79D, 0xF79D, 0xF79D,
  0xF79D, 0xF79D, 0xF79D, 0xF79D, 0xF79D, 0xF79D, 0xF79D, 0xF79D, 0xF79D, 0xF79D,
  0xF79D, 0xF79D, 0xF79D, 0xF79D, 0xF79D, 0xF79D, 0xF79D, 0xF79D, 0xF79D, 0xF79D,
  0xF79D, 0xF79D, 0xF79D, 0xF79D, 0xF79D, 0xF79D, 0xF79D, 0xF79D, 0xF79D, 0xF79D,
  0xF79D, 0xF79D, 0xF79D, 0xF79D, 0xF79D, 0xF79D, 0xF79D, 0xF79D, 0xF79D, 0xF79D,
  0xF79D, 0xF79D, 0xF79D, 0xF79D, 0xF79D, 0xF79D, 0xF79D, 0xF79D, 0xF79D, 0xF79D,
  0xF79D, 0xF79D, 0xF79D, 0xF79D, 0xF79D, 0xF79D, 0xF79D, 0xF79D, 0xF79D, 0xF79D,
  0xF79D, 0xF79D, 0xF79D, 0xF79D, 0xF79D, 0xF79D, 0xF79D, 0xF79D, 0xF79D, 0xF79D,
  0xF79D, 0xF79D, 0xF79D, 0xF79D, 0xF79D, 0xF79D, 0xF79D, 0xF79D, 0xF79D, 0xF79D,
  0xF79D, 0xF79D, 0xF79D, 0xF79D, 0xF79D, 0xF79D, 0xF79D, 0xF79D, 0xF79D, 0xF79D,
  0xF79D, 0xF79D, 0xF79D, 0xF79D, 0xF79D, 0xF79D, 0xF79D, 0xF79D, 0xF79D, 0xF79D,
  0xF79D, 0xF79D, 0xF79D, 0xF79D, 0xF79D, 0xF79D, 0xF79D, 0xF79D, 0xF79D, 0xF79D,
  0xF79D, 0xF79D, 0xF79D, 0xF79D, 0xF79D, 0xF79D, 0xF79D, 0xF79D, 0xF79D, 0xF79D,
  0xF79D, 0xF79D, 0xF79D, 0xF79D, 0xF79D, 0xF79D, 0xF79D, 0xF79D, 0xF79D, 0xF79D,
  0xF79D, 0xF79D, 0xF79D, 0xF79D, 0xF79D, 0xF79D, 0xF79D, 0xF79D, 0xF79D, 0xF79D,
  0xF79D, 0xF79D, 0xF79D, 0xF79D, 0xF79D, 0xF79D, 0xF79D, 0xF79D, 0xF79D, 0xF79D,
  0xF79D, 0xF79D, 0xF79D, 0xF79D, 0xF79D, 0xF79D, 0xF79D, 0xF79D, 0xF79D, 0xF79D,
  0xF79D, 0xF79D, 0xF79D, 0xF79D, 0xF79D, 0xF79D, 0xF79D, 0xF79D, 0xF79D, 0xF79D,
  0xF79D, 0xF79D, 0xF79D, 0xF79D, 0xF79D, 0xF79D, 0xF79D, 0xF79D, 0xF79D, 0xF79D,
  0xF79D, 0xF79D, 0xF79D, 0xF79D, 0xF79D, 0xF79D, 0xF79D, 0xF79D, 0xF79D, 0xF79D,
  0xF79D, 0xF79D, 0xF79D, 0xF79D, 0xF79D, 0xF79D, 0xF79D, 0xF79D, 0xF79D, 0xF79D,
  0xF79D, 0xF79D, 0xF79D, 0xF79D, 0xF79D, 0xF79D, 0xF79D, 0xF79D, 0xF79D, 0xF79D,
  0xF79D, 0xF79D, 0xF79D, 0xF79D, 0xF79D, 0xF79D, 0xF79D, 0xF79D, 0xF79D, 0xF79D,
  0xF79D, 0xF79D, 0xF79D, 0xF79D, 0xF79D, 0xF79D, 0xF79D, 0xF79D, 0xF79D, 0xF79D,
  0xF79D, 0xF79D, 0xF79D, 0xF79D, 0xF79D, 0xF79D, 0xF79D, 0xF79D, 0xF79D, 0xF79D,
  0xF79D, 0xF79D, 0xF79D, 0xF79D, 0xF79D, 0xF79D, 0xF79D, 0xF79D, 0xF79D, 0xF79D,
  0xF79D, 0xF79D, 0xF79D, 0xF79D, 0xF79D, 0xF79D, 0xF79D, 0xF79D, 0xF79D, 0xF79D,
  0xF79D, 0xF79D, 0xF79D, 0xF79D, 0xF79D, 0xF79D, 0xF79D, 0xF79D, 0xF79D, 0xF79D,
  0xF79D, 0xF79D, 0xF79D, 0xF79D, 0xF79D, 0xF79D, 0xF79D, 0xF79D, 0xF79D, 0xF79D,
  0xF79D, 0xF79D, 0xF79D, 0xF79D, 0xF79D, 0xF79D, 0xF79D, 0xF79D, 0xF79D, 0xF79D,
  0xF79D, 0xF79D, 0xF79D, 0xF79D, 0xF79D, 0xF79D, 0xF79D, 0xF79D, 0xF79D, 0xF79D,
  0xF79D, 0xF79D, 0xF79D, 0xF79D, 0xF79D, 0xF79D, 0xF79D, 0xF79D, 0xF79D, 0xF79D,
  0xF79D, 0xF79D, 0xF79D, 0xF79D, 0xF79D, 0xF79D, 0xF79D, 0xF79D, 0xF79D, 0xF79D,
  0xF79D, 0xF79D, 0xF79D, 0xF79D, 0xF79D, 0xF79D, 0xF79D, 0xF79D, 0xF79D, 0xF79D,
  0xF79D, 0xF79D, 0xF79D, 0xF79D, 0xF79D, 0xF79D, 0xF79D, 0xF79D, 0xF79D, 0xF79D,
  0xF79D, 0xF79D, 0xF79D, 0xF79D, 0xF79D, 0xF79D, 0xF79D, 0xF79D, 0xF79D, 0xF79D,
  0xF79D, 0xF79D, 0xF79D, 0xF79D, 0xF79D, 0xF79D, 0xF79D, 0xF79D, 0xF79D, 0xF79D,
  0xF79D, 0xF79D, 0xF79D, 0xF79D, 0xF79D, 0xF79D, 0xF79D, 0xF79D, 0xF79D, 0xF79D,
  0xF79D, 0xF79D, 0xF79D, 0xF79D, 0xF79D, 0xF79D, 0xF79D, 0xF79D, 0xF79D, 0xF79D,
  0xF79D, 0xF79D, 0xF79D, 0xF79D, 0xF79D, 0xF79D, 0xF79D, 0xF79D, 0xF79D, 0xF79D,
  0xF79D, 0xF79D, 0xF79D, 0xF79D, 0xF79D, 0xF79D, 0xF79D, 0xF79D, 0xF79D, 0xF79D,
  0xF79D, 0xF79D, 0xF79D, 0xF79D, 0xF79D, 0xF79D, 0xF79D, 0xF79D, 0xF79D, 0xF79D,
  0xF79D, 0xF79D, 0xF79D, 0xF79D, 0xF79D, 0xF79D, 0xF79D, 0xF79D, 0xC618, 0x6B70,
  0x29CB, 0x1949, 0x29AB, 0x6350, 0xBDD7, 0xF79D, 0xF79D, 0xF79D, 0xF79D, 0xF79D,
  0xF79D, 0xF79D, 0xF79D, 0xF79D, 0xF79D, 0xF79D, 0xF79D, 0xF79D, 0xF79D, 0xF79D,
  0xF79D, 0xF79D, 0xF79D, 0xF79D, 0xF79D, 0xF79D, 0xF79D, 0xF79D, 0xF79D, 0xF79D,
  0xF79D, 0xF79D, 0xF79D, 0xF79D, 0xF79D, 0xF79D, 0xF79D, 0xF79D, 0xF79D, 0xF79D,
  0xF79D, 0xF79D, 0xF79D, 0xF79D, 0xF79D, 0xF79D, 0xF79D, 0xF79D, 0xF79D, 0xF79D,
  0xF79D, 0xF79D, 0xF79D, 0xF79D, 0xF79D, 0xF79D, 0xF79D, 0xF79D, 0xF79D, 0xF79D,
  0xF79D, 0xF79D, 0xF79D, 0xF79D, 0xF79D, 0xF79D, 0xF79D, 0xF79D, 0xF79D, 0xF79D,
  0xF79D, 0xF79D, 0xF79D, 0xF79D, 0xF79D, 0xF79D, 0xF79D, 0xF79D, 0xF79D, 0xF79D,
  0xF79D, 0xF79D, 0xF79D, 0xF79D, 0xF79D, 0xF79D, 0xF79D, 0xF79D, 0xF79D, 0xF79D,
  0xF79D, 0xF79D, 0xF79D, 0xF79D, 0xF79D, 0xF79D, 0xF79D, 0xF79D, 0xF79D, 0xF79D,
  0xF79D, 0xF79D, 0xF79D, 0xF79D, 0xF79D, 0xF79D, 0xF79D, 0xF79D, 0xF79D, 0xF79D,
  0xF79D, 0xF79D, 0xF79D, 0xF79D, 0xF79D, 0xF79D, 0xF79D, 0xF79D, 0xF79D, 0xF79D,
  0xF79D, 0xF79D, 0xF79D, 0xF79D, 0xF79D, 0xF79D, 0xF79D, 0xF79D, 0xF79D, 0xF79D,
  0xF79D, 0xF79D, 0xF79D, 0xF79D, 0xEF5B, 0x6330, 0x0047, 0x20A6, 0x51A8, 0x6A2A,
  0x59E9, 0x28E8, 0x0047, 0x5ACE, 0xEF3B, 0xF79D, 0xF79D, 0xF79D, 0xF79D, 0xF79D,
  0xF79D, 0xF79D, 0xF79D, 0xF79D, 0xF79D, 0xF79D, 0xF79D, 0xF79D, 0xF79D, 0xF79D,
  0xF79D, 0xF79D, 0xF79D, 0xF79D, 0xF79D, 0xF79D, 0xF79D, 0xF79D, 0xF79D, 0xF79D,
  0xF79D, 0xF79D, 0xF79D, 0xF79D, 0xF79D, 0xF79D, 0xF79D, 0xF79D, 0xF79D, 0xF79D,
  0xF79D, 0xF79D, 0xF79D, 0xF79D, 0xF79D, 0xF79D, 0xF79D, 0xF79D, 0xF79D, 0xF79D,
  0xF79D, 0xF79D, 0xF79D, 0xF79D, 0xF79D, 0xF79D, 0xF79D, 0xF79D, 0xF79D, 0xF79D,
  0xF79D, 0xF79D, 0xF79D, 0xF79D, 0xF79D, 0xF79D, 0xF79D, 0xF79D, 0xF79D, 0xF79D,
  0xF79D, 0xF79D, 0xF79D, 0xF79D, 0xF79D, 0xF79D, 0xF79D, 0xF79D, 0xF79D, 0xF79D,
  0xF79D, 0xF79D, 0xF79D, 0xF79D, 0xF79D, 0xF79D, 0xF79D, 0xF79D, 0xF79D, 0xF79D,
  0xF79D, 0xF79D, 0xF79D, 0xF79D, 0xF79D, 0xF79D, 0xF79D, 0xF79D, 0xF79D, 0xF79D,
  0xF79D, 0xF79D, 0xF79D, 0xF79D, 0xF79D, 0xF79D, 0xF79D, 0xF79D, 0xF79D, 0xF79D,
  0xF79D, 0xF79D, 0xF79D, 0xF79D, 0xF79D, 0xF79D, 0xF79D, 0xF79D, 0xF79D, 0xF79D,
  0xF79D, 0xF79D, 0xF79D, 0xF79D, 0xF79D, 0xF79D, 0xF79D, 0xF79D, 0xF79D, 0xF79D,
  0xF79D, 0xEF3B, 0x31CB, 0x0846, 0x92AB, 0xF510, 0xFCEF, 0xFCEF, 0xFCAE, 0xF42D,
  0x9269, 0x1046, 0x31AB, 0xEF3B, 0xF79D, 0xF79D, 0xF79D, 0xF79D, 0xF79D, 0xF79D,
  0xF79D, 0xF79D, 0xF79D, 0xF79D, 0xF79D, 0xF79D, 0xF79D, 0xF79D, 0xF79D, 0xF79D,
  0xF79D, 0xF79D, 0xF79D, 0xF79D, 0xF79D, 0xF79D, 0xF79D, 0xF79D, 0xF79D, 0xF79D,
  0xF79D, 0xF79D, 0xF79D, 0xF79D, 0xF79D, 0xF79D, 0xF79D, 0xF79D, 0xF79D, 0xF79D,
  0xF79D, 0xF79D, 0xF79D, 0xF79D, 0xF79D, 0xF79D, 0xF79D, 0xF79D, 0xF79D, 0xF79D,
  0xF79D, 0xF79D, 0xF79D, 0xF79D, 0xF79D, 0xF79D, 0xF79D, 0xF79D, 0xF79D, 0xF79D,
  0xF79D, 0xF79D, 0xF79D, 0xF79D, 0xF79D, 0xF79D, 0xF79D, 0xF79D, 0xF79D, 0xF79D,
  0xF79D, 0xF79D, 0xF79D, 0xF79D, 0xF79D, 0xF79D, 0xF79D, 0xF79D, 0xF79D, 0xF79D,
  0xF79D, 0xF79D, 0xF79D, 0xF79D, 0xF79D, 0xF79D, 0xF79D, 0xF79D, 0xF79D, 0xF79D,
  0xF79D, 0xF79D, 0xF79D, 0xF79D, 0xF79D, 0xF79D, 0xF79D, 0xF79D, 0xF79D, 0xF79D,
  0xF79D, 0xF79D, 0xF79D, 0xF79D, 0xF79D, 0xF79D, 0xF79D, 0xF79D, 0xF79D, 0xF79D,
  0xF79D, 0xF79D, 0xF79D, 0xF79D, 0xF79D, 0xF79D, 0xF79D, 0xF79D, 0xF79D, 0xF79D,
  0xF79D, 0xF79D, 0xF79D, 0xF79D, 0xF79D, 0xF79D, 0xF79D, 0xF79D, 0xF79D, 0x5ACF,
  0x1067, 0xC3ED, 0xFE95, 0xFF58, 0xFDB3, 0xFC4D, 0xFC6E, 0xFC4D, 0xFC8E, 0xC38C,
  0x0868, 0x630F, 0xF79D, 0xF79D, 0xF79D, 0xF79D, 0xF79D, 0xF79D, 0xF79D, 0xF79D,
  0xF79D, 0xF79D, 0xF79D, 0xF79D, 0xF79D, 0xF79D, 0xF79D, 0xF79D, 0xF79D, 0xF79D,
  0xF79D, 0xF79D, 0xF79D, 0xF79D, 0xF79D, 0xF79D, 0xF79D, 0xF79D, 0xF79D, 0xF79D,
  0xF79D, 0xF79D, 0xF79D, 0xF79D, 0xF79D, 0xF79D, 0xF79D, 0xF79D, 0xF79D, 0xF79D,
  0xF79D, 0xF79D, 0xF79D, 0xF79D, 0xF79D, 0xF79D, 0xF79D, 0xF79D, 0xF79D, 0xF79D,
  0xF79D, 0xF79D, 0xF79D, 0xF79D, 0xF79D, 0xF79D, 0xF79D, 0xF79D, 0xF79D, 0xF79D,
  0xF79D, 0xF79D, 0xF79D, 0xF79D, 0xF79D, 0xF79D, 0xF79D, 0xF79D, 0xF79D, 0xF79D,
  0xF79D, 0xF79D, 0xF79D, 0xF79D, 0xF79D, 0xF79D, 0xF79D, 0xF79D, 0xF79D, 0xF79D,
  0xF79D, 0xF79D, 0xF79D, 0xF79D, 0xF79D, 0xF79D, 0xF79D, 0xF79D, 0xF79D, 0xF79D,
  0xF79D, 0xF79D, 0xF79D, 0xF79D, 0xF79D, 0xF79D, 0xF79D, 0xF79D, 0xF79D, 0xF79D,
  0xF79D, 0xF79D, 0xF79D, 0xF79D, 0xF79D, 0xF79D, 0xF79D, 0xF79D, 0xF79D, 0xF79D,
  0xF79D, 0xF79D, 0xF79D, 0xF79D, 0xF79D, 0xF79D, 0xF79D, 0xF79D, 0xF79D, 0xF79D,
  0xF79D, 0xF79D, 0xF79D, 0xF79D, 0xF79D, 0xF79D, 0xBDD7, 0x0026, 0xA30C, 0xFEB6,
  0xF758, 0xFED6, 0xFCCF, 0xFC4D, 0xFC6E, 0xFC6E, 0xF44E, 0xFCEF, 0x8A6B, 0x0027,
  0xCE58, 0xF79D, 0xF79D, 0xF79D, 0xF79D, 0xF79D, 0xF79D, 0xF79D, 0xF79D, 0xF79D,
  0xF79D, 0xF79D, 0xF79D, 0xF79D, 0xF79D, 0xF79D, 0xF79D, 0xF79D, 0xF79D, 0xF79D,
  0xF79D, 0xF79D, 0xF79D, 0xF79D, 0xF79D, 0xF79D, 0xF79D, 0xF79D, 0xF79D, 0xF79D,
  0xF79D, 0xF79D, 0xF79D, 0xF79D, 0xF79D, 0xF79D, 0xF79D, 0xF79D, 0xF79D, 0xF79D,
  0xF79D, 0xF79D, 0xF79D, 0xF79D, 0xF79D, 0xF79D, 0xF79D, 0xF79D, 0xF79D, 0xF79D,
  0xF79D, 0xF79D, 0xF79D, 0xF79D, 0xF79D, 0xF79D, 0xF79D, 0xF79D, 0xF79D, 0xF79D,
  0xF79D, 0xF79D, 0xF79D, 0xF79D, 0xF79D, 0xF79D, 0xF79D, 0xF79D, 0xF79D, 0xF79D,
  0xF79D, 0xF79D, 0xF79D, 0xF79D, 0xF79D, 0xF79D, 0xF79D, 0xF79D, 0xF79D, 0xF79D,
  0xF79D, 0xF79D, 0xF79D, 0xF79D, 0xF79D, 0xF79D, 0xF79D, 0xF79D, 0xF79D, 0xF79D,
  0xF79D, 0xF79D, 0xF79D, 0xF79D, 0xF79D, 0xF79D, 0xF79D, 0xF79D, 0xF79D, 0xF79D,
  0xF79D, 0xF79D, 0xF79D, 0xF79D, 0xF79D, 0xF79D, 0xF79D, 0xF79D, 0xF79D, 0xF79D,
  0xF79D, 0xF79D, 0xF79D, 0xF79D, 0xF79D, 0xF79D, 0xF79D, 0xF79D, 0xF79D, 0xF79D,
  0xF79D, 0xF79D, 0xF79C, 0xF79D, 0x52CD, 0x20E6, 0xFC6E, 0xFD92, 0xFE55, 0xFD10,
  0xFC4D, 0xFC6E, 0xFC6E, 0xFC6E, 0xFC6E, 0xFC6E, 0xEB6B, 0x1866, 0x73B0, 0xF79D,
  0xF77C, 0xF79D, 0xF79D, 0xF79D, 0xF79D, 0xF79D, 0xF79D, 0xF79D, 0xF79D, 0xF79D,
  0xF79D, 0xF79D, 0xF79D, 0xF79D, 0xF79D, 0xF79D, 0xF79D, 0xF79D, 0xF79D, 0xF79D,
  0xF79D, 0xF79D, 0xF79D, 0xF79D, 0xF79D, 0xF79D, 0xF79D, 0xF79D, 0xF79D, 0xF79D,
  0xF79D, 0xF79D, 0xF79D, 0xF79D, 0xF79D, 0xF79D, 0xF79D, 0xF79D, 0xF79D, 0xF79D,
  0xF79D, 0xF79D, 0xF79D, 0xF79D, 0xF79D, 0xF79D, 0xF79D, 0xF79D, 0xF79D, 0xF79D,
  0xF79D, 0xF79D, 0xF79D, 0xF79D, 0xF79D, 0xF79D, 0xF79D, 0xF79D, 0xF79D, 0xF79D,
  0xF79D, 0xF79D, 0xF79D, 0xF79D, 0xF79D, 0xF79D, 0xF79D, 0xF79D, 0xF79D, 0xF79D,
  0xF79D, 0xF79D, 0xF79D, 0xF79D, 0xF79D, 0xF79D, 0xF79D, 0xF79D, 0xF79D, 0xF79D,
  0xF79D, 0xF79D, 0xF79D, 0xF79D, 0xF79D, 0xF79D, 0xF79D, 0xF79D, 0xF79D, 0xF79D,
  0xF79D, 0xF79D, 0xF79D, 0xF79D, 0xF79D, 0xF79D, 0xF79D, 0xF79D, 0xF79D, 0xF79D,
  0xF79D, 0xF79D, 0xF79D, 0xF79D, 0xF79D, 0xF79D, 0xF79D, 0xF79D, 0xF79D, 0xF79D,
  0xF79D, 0xF79D, 0xF79D, 0xF79D, 0xF79D, 0xF79D, 0xF79D, 0xF79D, 0xF79D, 0xF79D,
  0xF79D, 0xF79D, 0x216A, 0x61E9, 0xFCCF, 0xFC4D, 0xFC4E, 0xFC6E, 0xFC8E, 0xFC6E,
  0xFC6E, 0xFC6E, 0xFC4D, 0xFC4D, 0xFBAC, 0x4928, 0x320D, 0xF79D, 0xF79D, 0xF79D,
  0xF79D, 0xF79D, 0xF79D, 0xF79D, 0xF79D, 0xF79D, 0xF79D, 0xF79D, 0xF79D, 0xF79D,
  0xF79D, 0xF79D, 0xF79D, 0xF79D, 0xF79D, 0xF79D, 0xF79D, 0xF79D, 0xF79D, 0xF79D,
  0xF79D, 0xF79D, 0xF79D, 0xF79D, 0xF79D, 0xF79D, 0xF79D, 0xF79D, 0xF79D, 0xF79D,
  0xF79D, 0xF79D, 0xF79D, 0xF79D, 0xF79D, 0xF79D, 0xF79D, 0xF79D, 0xF79D, 0xF79D,
  0xF79D, 0xF79D, 0xF79D, 0xF79D, 0xF79D, 0xF79D, 0xF79D, 0xF79D, 0xF79D, 0xF79D,
  0xF79D, 0xF79D, 0xF79D, 0xF79D, 0xF79D, 0xF79D, 0xF79D, 0xF79D, 0xF79D, 0xF79D,
  0xF79D, 0xF79D, 0xF79D, 0xF79D, 0xF79D, 0xF79D, 0xF79D, 0xF79D, 0xF79D, 0xF79D,
  0xF79D, 0xF79D, 0xF79D, 0xF79D, 0xF79D, 0xF79D, 0xF79D, 0xF79D, 0xF79D, 0xF79D,
  0xF79D, 0xF79D, 0xF79D, 0xF79D, 0xF79D, 0xF79D, 0xF79D, 0xF79D, 0xF79D, 0xF79D,
  0xF79D, 0xF79D, 0xF79D, 0xF79D, 0xF79D, 0xF79D, 0xF79D, 0xF79D, 0xF79D, 0xF79D,
  0xF79D, 0xF79D, 0xF79D, 0xF79D, 0xF79D, 0xF79D, 0xF79D, 0xF79D, 0xF79D, 0xF79D,
  0xF79D, 0xF79D, 0xF79D, 0xF79D, 0xF79D, 0xF79D, 0xF79D, 0xF79D, 0xF79D, 0xF77C,
  0x1909, 0x828C, 0xFCF0, 0xFC6E, 0xFC6E, 0xFC6E, 0xFC6E, 0xFC6E, 0xFC6E, 0xFC6E,
  0xFC6E, 0xFC4E, 0xFB8B, 0x6168, 0x298B, 0xF79D, 0xF79D, 0xF79D, 0xF79D, 0xF79D,
  0xF79D, 0xF79D, 0xF79D, 0xF79D, 0xF79D, 0xF79D, 0xF79D, 0xF79D, 0xF79D, 0xF79D,
  0xF79D, 0xF79D, 0xF79D, 0xF79D, 0xF79D, 0xF79D, 0xF79D, 0xF79D, 0xF79D, 0xF79D,
  0xF79D, 0xF79D, 0xF79D, 0xF79D, 0xF79D, 0xF79D, 0xF79D, 0xF79D, 0xF79D, 0xF79D,
  0xF79D, 0xF79D, 0xF79D, 0xF79D, 0xF79D, 0xF79D, 0xF79D, 0xF79D, 0xF79D, 0xF79D,
  0xF79D, 0xF79D, 0xF79D, 0xF79D, 0xF79D, 0xF79D, 0xF79D, 0xF79D, 0xF79D, 0xF79D,
  0xF79D, 0xF79D, 0xF79D, 0xF79D, 0xF79D, 0xF79D, 0xF79D, 0xF79D, 0xF79D, 0xF79D,
  0xF79D, 0xF79D, 0xF79D, 0xF79D, 0xF79D, 0xF79D, 0xF79D, 0xF79D, 0xF79D, 0xF79D,
  0xF79D, 0xF79D, 0xF79D, 0xF79D, 0xF79D, 0xF79D, 0xF79D, 0xF79D, 0xF79D, 0xF79D,
  0xF79D, 0xF79D, 0xF79D, 0xF79D, 0xF79D, 0xF79D, 0xF79D, 0xF79D, 0xF79D, 0xF79D,
  0xF79D, 0xF79D, 0xF79D, 0xF79D, 0xF79D, 0xF79D, 0xF79D, 0xF79D, 0xF79D, 0xF79D,
  0xF79D, 0xF79D, 0xF79D, 0xF79D, 0xF79D, 0xF79D, 0xF79D, 0xF79D, 0xF79D, 0xF79D,
  0xF79D, 0xF79D, 0xF79D, 0xF79D, 0xF79D, 0xF79D, 0xF79D, 0xF79C, 0x192A, 0x69EA,
  0xFCAF, 0xFC6E, 0xFC6E, 0xFC6E, 0xFC6E, 0xFC6E, 0xFC6E, 0xFC6E, 0xFC6E, 0xF3CC,
  0xFB6A, 0x5128, 0x31CB, 0xF79D, 0xF79D, 0xF79D, 0xF79D, 0xF79D, 0xF79D, 0xF79D,
  0xF79D, 0xF79D, 0xF79D, 0xF79D, 0xF79D, 0xF79D, 0xF79D, 0xF79D, 0xF79D, 0xF79D,
  0xF79D, 0xF79D, 0xF79D, 0xF79D, 0xF79D, 0xF79D, 0xF79D, 0xF79D, 0xF79D, 0xF79D,
  0xF79D, 0xF79D, 0xF79D, 0xF79D, 0xF79D, 0xF79D, 0xF79D, 0xF79D, 0xF79D, 0xF79D,
  0xF79D, 0xF79D, 0xF79D, 0xF79D, 0xF79D, 0xF79D, 0xF79D, 0xF79D, 0xF79D, 0xF79D,
  0xF79D, 0xF79D, 0xF79D, 0xF79D, 0xF79D, 0xF79D, 0xF79D, 0xF79D, 0xF79D, 0xF79D,
  0xF79D, 0xF79D, 0xF79D, 0xF79D, 0xF79D, 0xF79D, 0xF79D, 0xF79D, 0xF79D, 0xF79D,
  0xF79D, 0xF79D, 0xF79D, 0xF79D, 0xF79D, 0xF79D, 0xF79D, 0xF79D, 0xF79D, 0xF79D,
  0xF79D, 0xF79D, 0xF79D, 0xF79D, 0xF79D, 0xF79D, 0xF79D, 0xF79D, 0xF79D, 0xF79D,
  0xF79D, 0xF79D, 0xF79D, 0xF79D, 0xF79D, 0xF79D, 0xF79D, 0xF79D, 0xF79D, 0xF79D,
  0xF79D, 0xF79D, 0xF79D, 0xF79D, 0xF79D, 0xF79D, 0xF79D, 0xF79D, 0xF79D, 0xF79D,
  0xF79D, 0xF79D, 0xF79D, 0xF79D, 0xF79D, 0xF79D, 0xF79D, 0xF79D, 0xF79D, 0xF79D,
  0xF79D, 0xF79D, 0xF79D, 0xF79D, 0xF79D, 0xF79D, 0x426D, 0x30E6, 0xFBCC, 0xFC4D,
  0xFC6E, 0xFC6E, 0xFC6E, 0xFC6E, 0xFC6E, 0xFC4E, 0xF3CC, 0xEB4A, 0xF34A, 0x28A9,
  0x52EF, 0xF79D, 0xF79D, 0xF79D, 0xF79D, 0xF79D, 0xF79D, 0xF79D, 0xF79D, 0xF79D,
  0xF79D, 0xF79D, 0xF79D, 0xF79D, 0xF79D, 0xF79D, 0xF79D, 0xF79D, 0xF79D, 0xF79D,
  0xF79D, 0xF79D, 0xF79D, 0xF79D, 0xF79D, 0xF79D, 0xF79D, 0xF79D, 0xF79D, 0xF79D,
  0xF79D, 0xF79D, 0xF79D, 0xF79D, 0xF79D, 0xF79D, 0xF79D, 0xF79D, 0xF79D, 0xF79D,
  0xF79D, 0xF79D, 0xF79D, 0xF79D, 0xF79D, 0xF79D, 0xF79D, 0xF79D, 0xF79D, 0xF79D,
  0xF79D, 0xF79D, 0xF79D, 0xF79D, 0xF79D, 0xF79D, 0xF79D, 0xF79D, 0xF79D, 0xF79D,
  0xF79D, 0xF79D, 0xF79D, 0xF79D, 0xF79D, 0xF79D, 0xF79D, 0xF79D, 0xF79D, 0xF79D,
  0xF79D, 0xF79D, 0xF79D, 0xF79D, 0xF79D, 0xF79D, 0xF79D, 0xF79D, 0xF79D, 0xF79D,
  0xF79D, 0xF79D, 0xF79D, 0xF79D, 0xF79D, 0xF79D, 0xF79D, 0xF79D, 0xF79D, 0xF79D,
  0xF79D, 0xF79D, 0xF79D, 0xF79D, 0xF79D, 0xF79D, 0xF79D, 0xF79D, 0xF79D, 0xF79D,
  0xF79D, 0xF79D, 0xF79D, 0xF79D, 0xF79D, 0xF79D, 0xF79D, 0xF79D, 0xF79D, 0xF79D,
  0xF79D, 0xF79D, 0xF79D, 0xF79D, 0xF79D, 0xF79D, 0xF79D, 0xF79D, 0xF79D, 0xF79D,
  0xF79D, 0xF79D, 0xF77C, 0xF79D, 0x9CD4, 0x0847, 0xC2AA, 0xFBAB, 0xFC2D, 0xFCAE,
  0xFC6D, 0xFC2D, 0xFC0D, 0xF3AB, 0xEB4A, 0xFB8B, 0xAA69, 0x0027, 0xAD75, 0xF79D,
  0xF77C, 0xF79D, 0xF79D, 0xF79D, 0xF79D, 0xF79D, 0xF79D, 0xF79D, 0xF79D, 0xF79D,
  0xF79D, 0xF79D, 0xF79D, 0xF79D, 0xF79D, 0xF79D, 0xF79D, 0xF79D, 0xF79D, 0xF79D,
  0xF79D, 0xF79D, 0xF79D, 0xF79D, 0xF79D, 0xF79D, 0xF79D, 0xF79D, 0xF79D, 0xF79D,
  0xF79D, 0xF79D, 0xF79D, 0xF79D, 0xF79D, 0xF79D, 0xF79D, 0xF79D, 0xF79D, 0xF79D,
  0xF79D, 0xF79D, 0xF79D, 0xF79D, 0xF79D, 0xF79D, 0xF79D, 0xF79D, 0xF79D, 0xF79D,
  0xF79D, 0xF79D, 0xF79D, 0xF79D, 0xF79D, 0xF79D, 0xF79D, 0xF79D, 0xF79D, 0xF79D,
  0xF79D, 0xF79D, 0xF79D, 0xF79D, 0xF79D, 0xF79D, 0xF79D, 0xF79D, 0xF79D, 0xF79D,
  0xF79D, 0xF79D, 0xF79D, 0xF79D, 0xF79D, 0xF79D, 0xF79D, 0xF79D, 0xF79D, 0xF79D,
  0xF79D, 0xF79D, 0xF79D, 0xF79D, 0xF79D, 0xF79D, 0xF79D, 0xF79D, 0xF79D, 0xF79D,
  0xF79D, 0xF79D, 0xF79D, 0xF79D, 0xF79D, 0xF79D, 0xF79D, 0xF79D, 0xF79D, 0xF79D,
  0xF79D, 0xF79D, 0xF79D, 0xF79D, 0xF79D, 0xF79D, 0xF79D, 0xF79D, 0xF79D, 0xF79D,
  0xF79D, 0xF79D, 0xF79D, 0xF79D, 0xF79D, 0xF79D, 0xF79D, 0xF79D, 0xF79D, 0xF79D,
  0xF79D, 0xF79D, 0xF77C, 0x298B, 0x30E8, 0xDB0A, 0x9A09, 0x81C8, 0xD2EA, 0xFBAB,
  0xEB6B, 0xEB6B, 0xFBAB, 0xE32A, 0x2087, 0x31CB, 0xF79C, 0xF79D, 0xF79D, 0xF79D,
  0xF79D, 0xF79D, 0xF79D, 0xF79D, 0xF79D, 0xF79D, 0xF79D, 0xF79D, 0xF79D, 0xF79D,
  0xF79D, 0xF79D, 0xF79D, 0xF79D, 0xF79D, 0xF79D, 0xF79D, 0xF79D, 0xF79D, 0xF79D,
  0xF79D, 0xF79D, 0xF79D, 0xF79D, 0xF79D, 0xF79D, 0xF79D, 0xF79D, 0xF79D, 0xF79D,
  0xF79D, 0xF79D, 0xF79D, 0xF79D, 0xF79D, 0xF79D, 0xF79D, 0xF79D, 0xF79D, 0xF79D,
  0xF79D, 0xF79D, 0xF79D, 0xF79D, 0xF79D, 0xF79D, 0xF79D, 0xF79D, 0xF79D, 0xF79D,
  0xF79D, 0xF79D, 0xF79D, 0xF79D, 0xF79D, 0xF79D, 0xF79D, 0xF79D, 0xF79D, 0xF79D,
  0xF79D, 0xF79D, 0xF79D, 0xF79D, 0xF79D, 0xF79D, 0xF79D, 0xF79D, 0xF79D, 0xF79D,
  0xF79D, 0xF79D, 0xF79D, 0xF79D, 0xF79D, 0xF79D, 0xF79D, 0xF79D, 0xF79D, 0xF79D,
  0xF79D, 0xF79D, 0xF79D, 0xF79D, 0xF79D, 0xF79D, 0xF79D, 0xF79D, 0xF79D, 0xF79D,
  0xF79D, 0xF79D, 0xF79D, 0xF79D, 0xF79D, 0xF79D, 0xF79D, 0xF79D, 0xF79D, 0xF79D,
  0xF79D, 0xF79D, 0xF79D, 0xF79D, 0xF79D, 0xF79D, 0xF79D, 0xF79D, 0xF79D, 0xF79D,
  0xF79D, 0xF79D, 0xF79D, 0xF79D, 0xF79D, 0xF79D, 0xF79D, 0xF79D, 0xF79D, 0xF79D,
  0xF79D, 0xCE59, 0x18E9, 0x1067, 0x2A2B, 0x4B4F, 0x10C7, 0xA249, 0xFBCB, 0xFBAB,
  0xD32A, 0x28C8, 0x08A8, 0xD679, 0xF79D, 0xF79D, 0xF79D, 0xF79D, 0xF79D, 0xF79D,
  0xF79D, 0xF79D, 0xF79D, 0xF79D, 0xF79D, 0xF79D, 0xF79D, 0xF79D, 0xF79D, 0xF79D,
  0xF79D, 0xF79D, 0xF79D, 0xF79D, 0xF79D, 0xF79D, 0xF79D, 0xF79D, 0xF79D, 0xF79D,
  0xF79D, 0xF79D, 0xF79D, 0xF79D, 0xF79D, 0xF79D, 0xF79D, 0xF79D, 0xF79D, 0xF79D,
  0xF79D, 0xF79D, 0xF79D, 0xF79D, 0xF79D, 0xF79D, 0xF79D, 0xF79D, 0xF79D, 0xF79D,
  0xF79D, 0xF79D, 0xF79D, 0xF79D, 0xF79D, 0xF79D, 0xF79D, 0xF79D, 0xF79D, 0xF79D,
  0xF79D, 0xF79D, 0xF79D, 0xF79D, 0xF79D, 0xF79D, 0xF79D, 0xF79D, 0xF79D, 0xF79D,
  0xF79D, 0xF79D, 0xF79D, 0xF79D, 0xF79D, 0xF79D, 0xF79D, 0xF79D, 0xF79D, 0xF79D,
  0xF79D, 0xF79D, 0xF79D, 0xF79D, 0xF79D, 0xF79D, 0xF79D, 0xF79D, 0xF79D, 0xF79D,
  0xF79D, 0xF79D, 0xF79D, 0xF79D, 0xF79D, 0xF79D, 0xF79D, 0xF79D, 0xF79D, 0xF79D,
  0xF79D, 0xF79D, 0xF79D, 0xF79D, 0xF79D, 0xF79D, 0xF79D, 0xF79D, 0xF79D, 0xF79D,
  0xF79D, 0xF79D, 0xF79D, 0xF79D, 0xF79D, 0xF79D, 0xF79D, 0xF79D, 0xF79D, 0xF79D,
  0xF79D, 0xF79D, 0xF79D, 0xF79D, 0xF79D, 0xF79D, 0xF79D, 0xF79D, 0xF77C, 0xF79D,
  0x7390, 0x1087, 0xC6BA, 0xDFBD, 0x4410, 0x1887, 0x9A48, 0x5947, 0x0847, 0x294A,
  0xCE38, 0xF79D, 0xF79D, 0xF79D, 0xF79D, 0xF79D, 0xF79D, 0xF79D, 0xF79D, 0xF79D,
  0xF79D, 0xF79D, 0xF79D, 0xF79D, 0xF79D, 0xF79D, 0xF79D, 0xF79D, 0xF79D, 0xF79D,
  0xF79D, 0xF79D, 0xF79D, 0xF79D, 0xF79D, 0xF79D, 0xF79D, 0xF79D, 0xF79D, 0xF79D,
  0xF79D, 0xF79D, 0xF79D, 0xF79D, 0xF79D, 0xF79D, 0xF79D, 0xF79D, 0xF79D, 0xF79D,
  0xF79D, 0xF79D, 0xF79D, 0xF79D, 0xF79D, 0xF79D, 0xF79D, 0xF79D, 0xF79D, 0xF79D,
  0xF79D, 0xF79D, 0xF79D, 0xF79D, 0xF79D, 0xF79D, 0xF79D, 0xF79D, 0xF79D, 0xF79D,
  0xF79D, 0xF79D, 0xF79D, 0xF79D, 0xF79D, 0xF79D, 0xF79D, 0xF79D, 0xF79D, 0xF79D,
  0xF79D, 0xF79D, 0xF79D, 0xF79D, 0xF79D, 0xF79D, 0xF79D, 0xF79D, 0xF79D, 0xF79D,
  0xF79D, 0xF79D, 0xF79D, 0xF79D, 0xF79D, 0xF79D, 0xF79D, 0xF79D, 0xF79D, 0xF79D,
  0xF79D, 0xF79D, 0xF79D, 0xF79D, 0xF79D, 0xF79D, 0xF79D, 0xF79D, 0xF79D, 0xF79D,
  0xF79D, 0xF79D, 0xF79D, 0xF79D, 0xF79D, 0xF79D, 0xF79D, 0xF79D, 0xF79D, 0xF79D,
  0xF79D, 0xF79D, 0xF79D, 0xF79D, 0xF79D, 0xF79D, 0xF79D, 0xF79D, 0xF79D, 0xF79D,
  0xF79D, 0xF79D, 0xF79D, 0xF79D, 0xF79D, 0xF79D, 0xF79D, 0xF77C, 0x18E8, 0x630E,
  0xEFBD, 0xAE99, 0x4C31, 0x0807, 0x0046, 0x2169, 0x8412, 0xEF3B, 0xF79D, 0xF79D,
  0xF79D, 0xF79D, 0xF79D, 0xF79D, 0xF79D, 0xF79D, 0xF79D, 0xF79D, 0xF79D, 0xF79D,
  0xF79D, 0xF79D, 0xF79D, 0xF79D, 0xF79D, 0xF79D, 0xF79D, 0xF79D, 0xF79D, 0xF79D,
  0xF79D, 0xF79D, 0xF79D, 0xF79D, 0xF79D, 0xF79D, 0xF79D, 0xF79D, 0xF79D, 0xF79D,
  0xF79D, 0xF79D, 0xF79D, 0xF79D, 0xF79D, 0xF79D, 0xF79D, 0xF79D, 0xF79D, 0xF79D,
  0xF79D, 0xF79D, 0xF79D, 0xF79D, 0xF79D, 0xF79D, 0xF79D, 0xF79D, 0xF79D, 0xF79D,
  0xF79D, 0xF79D, 0xF79D, 0xF79D, 0xF79D, 0xF79D, 0xF79D, 0xF79D, 0xF79D, 0xF79D,
  0xF79D, 0xF79D, 0xF79D, 0xF79D, 0xF79D, 0xF79D, 0xF79D, 0xF79D, 0xF79D, 0xF79D,
  0xF79D, 0xF79D, 0xF79D, 0xF79D, 0xF79D, 0xF79D, 0xF79D, 0xF79D, 0xF79D, 0xF79D,
  0xF79D, 0xF79D, 0xF79D, 0xF79D, 0xF79D, 0xF79D, 0xF79D, 0xF79D, 0xF79D, 0xF79D,
  0xF79D, 0xF79D, 0xF79D, 0xF79D, 0xF79D, 0xF79D, 0xF79D, 0xF79D, 0xF79D, 0xF79D,
  0xF79D, 0xF79D, 0xF79D, 0xF79D, 0xF79D, 0xF79D, 0xF79D, 0xF79D, 0xF79D, 0xF79D,
  0xF79D, 0xF79D, 0xF79D, 0xF79D, 0xF79D, 0xF79D, 0xF79D, 0xF79D, 0xF79D, 0xF79D,
  0xF79D, 0xF77C, 0xF79D, 0xF79D, 0xF79D, 0xC5F7, 0x0866, 0xA596, 0xDF7D, 0x9EB9,
  0x3ACE, 0x294A, 0xDEBA, 0xF79C, 0xF79D, 0xF79D, 0xF79D, 0xF79D, 0xF79D, 0xF79D,
  0xF79D, 0xF79D, 0xF79D, 0xF79D, 0xF79D, 0xF79D, 0xF79D, 0xF79D, 0xF79D, 0xF79D,
  0xF79D, 0xF79D, 0xF79D, 0xF79D, 0xF79D, 0xF79D, 0xF79D, 0xF79D, 0xF79D, 0xF79D,
  0xF79D, 0xF79D, 0xF79D, 0xF79D, 0xF79D, 0xF79D, 0xF79D, 0xF79D, 0xF79D, 0xF79D,
  0xF79D, 0xF79D, 0xF79D, 0xF79D, 0xF79D, 0xF79D, 0xF79D, 0xF79D, 0xF79D, 0xF79D,
  0xF79D, 0xF79D, 0xF79D, 0xF79D, 0xF79D, 0xF79D, 0xF79D, 0xF79D, 0xF79D, 0xF79D,
  0xF79D, 0xF79D, 0xF79D, 0xF79D, 0xF79D, 0xF79D, 0xF79D, 0xF79D, 0xF79D, 0xF79D,
  0xF79D, 0xF79D, 0xF79D, 0xF79D, 0xF79D, 0xF79D, 0xF79D, 0xF79D, 0xF79D, 0xF79D,
  0xF79D, 0xF79D, 0xF79D, 0xF79D, 0xF79D, 0xF79D, 0xF79D, 0xF79D, 0xF79D, 0xF79D,
  0xF79D, 0xF79D, 0xF79D, 0xF79D, 0xF79D, 0xF79D, 0xF79D, 0xF79D, 0xF79D, 0xF79D,
  0xF79D, 0xF79D, 0xF79D, 0xF79D, 0xF79D, 0xF79D, 0xF79D, 0xF79D, 0xF79D, 0xF79D,
  0xF79D, 0xF79D, 0xF79D, 0xF79D, 0xF79D, 0xF79D, 0xF79D, 0xF79D, 0xF79D, 0xF79D,
  0xF79D, 0xF79D, 0xF79D, 0xF79D, 0xF79D, 0xF79D, 0xF79D, 0xF79D, 0xF79D, 0xF79D,
  0xF79D, 0xF79D, 0xEF5C, 0x6B2F, 0x1929, 0xC71B, 0xCEFB, 0x8E78, 0x21CB, 0x7391,
  0xF79D, 0xF79D, 0xF79D, 0xF77C, 0xF79D, 0xF79D, 0xF79D, 0xF79D, 0xF79D, 0xF79D,
  0xF79D, 0xF79D, 0xF79D, 0xF79D, 0xF79D, 0xF79D, 0xF79D, 0xF79D, 0xF79D, 0xF79D,
  0xF79D, 0xF79D, 0xF79D, 0xF79D, 0xF79D, 0xF79D, 0xF79D, 0xF79D, 0xF79D, 0xF79D,
  0xF79D, 0xF79D, 0xF79D, 0xF79D, 0xF79D, 0xF79D, 0xF79D, 0xF79D, 0xF79D, 0xF79D,
  0xF79D, 0xF79D, 0xF79D, 0xF79D, 0xF79D, 0xF79D, 0xF79D, 0xF79D, 0xF79D, 0xF79D,
  0xF79D, 0xF79D, 0xF79D, 0xF79D, 0xF79D, 0xF79D, 0xF79D, 0xF79D, 0xF79D, 0xF79D,
  0xF79D, 0xF79D, 0xF79D, 0xF79D, 0xF79D, 0xF79D, 0xF79D, 0xF79D, 0xF79D, 0xF79D,
  0xF79D, 0xF79D, 0xF79D, 0xF79D, 0xF79D, 0xF79D, 0xF79D, 0xF79D, 0xF79D, 0xF79D,
  0xF79D, 0xF79D, 0xF79D, 0xF79D, 0xF79D, 0xF79D, 0xF79D, 0xF79D, 0xF79D, 0xF79D,
  0xF79D, 0xF79D, 0xF79D, 0xF79D, 0xF79D, 0xF79D, 0xF79D, 0xF79D, 0xF79D, 0xF79D,
  0xF79D, 0xF79D, 0xF79D, 0xF79D, 0xF79D, 0xF79D, 0xF79D, 0xF79D, 0xF79D, 0xF79D,
  0xF79D, 0xF79D, 0xF79D, 0xF79D, 0xF79D, 0xF79D, 0xF79D, 0xF79D, 0xF79D, 0xF79D,
  0xF79D, 0xF79D, 0xF79D, 0xF79D, 0xF79D, 0xF79D, 0xDEBA, 0x9CB4, 0x528D, 0x2128,
  0x1086, 0x0827, 0x426D, 0xDF7C, 0xBEDA, 0x64B2, 0x0846, 0x39AB, 0x9494, 0xCE59,
  0xF79D, 0xF79D, 0xF79D, 0xF79D, 0xF79D, 0xF79D, 0xF79D, 0xF79D, 0xF79D, 0xF79D,
  0xF79D, 0xF79D, 0xF79D, 0xF79D, 0xF79D, 0xF79D, 0xF79D, 0xF79D, 0xF79D, 0xF79D,
  0xF79D, 0xF79D, 0xF79D, 0xF79D, 0xF79D, 0xF79D, 0xF79D, 0xF79D, 0xF79D, 0xF79D,
  0xF79D, 0xF79D, 0xF79D, 0xF79D, 0xF79D, 0xF79D, 0xF79D, 0xF79D, 0xF79D, 0xF79D,
  0xF79D, 0xF79D, 0xF79D, 0xF79D, 0xF79D, 0xF79D, 0xF79D, 0xF79D, 0xF79D, 0xF79D,
  0xF79D, 0xF79D, 0xF79D, 0xF79D, 0xF79D, 0xF79D, 0xF79D, 0xF79D, 0xF79D, 0xF79D,
  0xF79D, 0xF79D, 0xF79D, 0xF79D, 0xF79D, 0xF79D, 0xF79D, 0xF79D, 0xF79D, 0xF79D,
  0xF79D, 0xF79D, 0xF79D, 0xF79D, 0xF79D, 0xF79D, 0xF79D, 0xF79D, 0xF79D, 0xF79D,
  0xF79D, 0xF79D, 0xF79D, 0xF79D, 0xF79D, 0xF79D, 0xF79D, 0xF79D, 0xF79D, 0xF79D,
  0xF79D, 0xF79D, 0xF79D, 0xF79D, 0xF79D, 0xF79D, 0xF79D, 0xF79D, 0xF79D, 0xF79D,
  0xF79D, 0xF79D, 0xF79D, 0xF79D, 0xF79D, 0xF79D, 0xF79D, 0xF79D, 0xF79D, 0xF79D,
  0xF79D, 0xF79D, 0xF79D, 0xF79D, 0xF79D, 0xF79D, 0xF79D, 0xF79D, 0xF79D, 0xF79D,
  0xF79D, 0xF79D, 0xB5B7, 0x4A4D, 0x0867, 0x10A8, 0x216A, 0x4AAD, 0x6BD0, 0x7C72,
  0x9555, 0xC6DA, 0xAE58, 0x6410, 0x324C, 0x198A, 0x1088, 0x0826, 0x318B, 0x9CD4,
  0xEF7C, 0xF79D, 0xF79D, 0xF79D, 0xF79D, 0xF79D, 0xF79D, 0xF79D, 0xF79D, 0xF79D,
  0xF79D, 0xF79D, 0xF79D, 0xF79D, 0xF79D, 0xF79D, 0xF79D, 0xF79D, 0xF79D, 0xF79D,
  0xF79D, 0xF79D, 0xF79D, 0xF79D, 0xF79D, 0xF79D, 0xF79D, 0xF79D, 0xF79D, 0xF79D,
  0xF79D, 0xF79D, 0xF79D, 0xF79D, 0xF79D, 0xF79D, 0xF79D, 0xF79D, 0xF79D, 0xF79D,
  0xF79D, 0xF79D, 0xF79D, 0xF79D, 0xF79D, 0xF79D, 0xF79D, 0xF79D, 0xF79D, 0xF79D,
  0xF79D, 0xF79D, 0xF79D, 0xF79D, 0xF79D, 0xF79D, 0xF79D, 0xF79D, 0xF79D, 0xF79D,
  0xF79D, 0xF79D, 0xF79D, 0xF79D, 0xF79D, 0xF79D, 0xF79D, 0xF79D, 0xF79D, 0xF79D,
  0xF79D, 0xF79D, 0xF79D, 0xF79D, 0xF79D, 0xF79D, 0xF79D, 0xF79D, 0xF79D, 0xF79D,
  0xF79D, 0xF79D, 0xF79D, 0xF79D, 0xF79D, 0xF79D, 0xF79D, 0xF79D, 0xF79D, 0xF79D,
  0xF79D, 0xF79D, 0xF79D, 0xF79D, 0xF79D, 0xF79D, 0xF79D, 0xF79D, 0xF79D, 0xF79D,
  0xF79D, 0xF79D, 0xF79D, 0xF79D, 0xF79D, 0xF79D, 0xF79D, 0xF79D, 0xF79D, 0xF79D,
  0xF79D, 0xF79D, 0xF79D, 0xF79D, 0xF79D, 0xF79D, 0xF77C, 0xF79D, 0xDEDA, 0x528D,
  0x0868, 0x2129, 0x7431, 0xC679, 0xEF9D, 0xFFBD, 0xE7BD, 0xD77C, 0xCF3C, 0xC6FB,
  0xCEFB, 0xD73C, 0xCF3B, 0x8E37, 0x5513, 0x438E, 0x1969, 0x0826, 0x294A, 0xB5B7,
  0xF79D, 0xF79D, 0xF79D, 0xF79D, 0xF79D, 0xF79D, 0xF79D, 0xF79D, 0xF79D, 0xF79D,
  0xF79D, 0xF79D, 0xF79D, 0xF79D, 0xF79D, 0xF79D, 0xF79D, 0xF79D, 0xF79D, 0xF79D,
  0xF79D, 0xF79D, 0xF79D, 0xF79D, 0xF79D, 0xF79D, 0xF79D, 0xF79D, 0xF79D, 0xF79D,
  0xF79D, 0xF79D, 0xF79D, 0xF79D, 0xF79D, 0xF79D, 0xF79D, 0xF79D, 0xF79D, 0xF79D,
  0xF79D, 0xF79D, 0xF79D, 0xF79D, 0xF79D, 0xF79D, 0xF79D, 0xF79D, 0xF79D, 0xF79D,
  0xF79D, 0xF79D, 0xF79D, 0xF79D, 0xF79D, 0xF79D, 0xF79D, 0xF79D, 0xF79D, 0xF79D,
  0xF79D, 0xF79D, 0xF79D, 0xF79D, 0xF79D, 0xF79D, 0xF79D, 0xF79D, 0xF79D, 0xF79D,
  0xF79D, 0xF79D, 0xF79D, 0xF79D, 0xF79D, 0xF79D, 0xF79D, 0xF79D, 0xF79D, 0xF79D,
  0xF79D, 0xF79D, 0xF79D, 0xF79D, 0xF79D, 0xF79D, 0xF79D, 0xF79D, 0xF79D, 0xF79D,
  0xF79D, 0xF79D, 0xF79D, 0xF79D, 0xF79D, 0xF79D, 0xF79D, 0xF79D, 0xF79D, 0xF79D,
  0xF79D, 0xF79D, 0xF79D, 0xF79D, 0xF79D, 0xF79D, 0xF79D, 0xF79D, 0xF79D, 0xF77C,
  0xF79D, 0xF79D, 0xF79D, 0xF79D, 0xF79D, 0xC638, 0x2108, 0x10C8, 0x8CB3, 0xD73B,
  0xE79D, 0xF7BD, 0xF77D, 0xEF5C, 0xCEFB, 0xC6DB, 0xC6FB, 0xCEFB, 0xCEFB, 0xCEFA,
  0xCEFB, 0xCEFB, 0x8E37, 0x6E16, 0x6DF5, 0x5491, 0x1949, 0x0807, 0x8412, 0xF79D,
  0xF77C, 0xF79D, 0xF79D, 0xF79D, 0xF79D, 0xF79D, 0xF79D, 0xF79D, 0xF79D, 0xF79D,
  0xF79D, 0xF79D, 0xF79D, 0xF79D, 0xF79D, 0xF79D, 0xF79D, 0xF79D, 0xF79D, 0xF79D,
  0xF79D, 0xF79D, 0xF79D, 0xF79D, 0xF79D, 0xF79D, 0xF79D, 0xF79D, 0xF79D, 0xF79D,
  0xF79D, 0xF79D, 0xF79D, 0xF79D, 0xF79D, 0xF79D, 0xF79D, 0xF79D, 0xF79D, 0xF79D,
  0xF79D, 0xF79D, 0xF79D, 0xF79D, 0xF79D, 0xF79D, 0xF79D, 0xF79D, 0xF79D, 0xF79D,
  0xF79D, 0xF79D, 0xF79D, 0xF79D, 0xF79D, 0xF79D, 0xF79D, 0xF79D, 0xF79D, 0xF79D,
  0xF79D, 0xF79D, 0xF79D, 0xF79D, 0xF79D, 0xF79D, 0xF79D, 0xF79D, 0xF79D, 0xF79D,
  0xF79D, 0xF79D, 0xF79D, 0xF79D, 0xF79D, 0xF79D, 0xF79D, 0xF79D, 0xF79D, 0xF79D,
  0xF79D, 0xF79D, 0xF79D, 0xF79D, 0xF79D, 0xF79D, 0xF79D, 0xF79D, 0xF79D, 0xF79D,
  0xF79D, 0xF79D, 0xF79D, 0xF79D, 0xF79D, 0xF79D, 0xF79D, 0xF79D, 0xF79D, 0xF79D,
  0xF79D, 0xF79D, 0xF79D, 0xF77C, 0xF79D, 0xF79D, 0xF79D, 0xF79D, 0xF79D, 0xF79D,
  0xE6FB, 0xC618, 0xA535, 0x18E8, 0x0866, 0x9D95, 0xE7BE, 0xD77C, 0xDF7C, 0xE79D,
  0xDF5C, 0xCF1B, 0xC6FB, 0xCEFB, 0xCEDA, 0xC6DA, 0xC6DA, 0xC6DA, 0xC6DA, 0xCEFB,
  0xBEBA, 0x65B5, 0x65B5, 0x6E16, 0x7616, 0x3B2E, 0x0867, 0x7BD1, 0xF79D, 0xF79D,
  0xF79D, 0xF77C, 0xF79D, 0xF79D, 0xF79D, 0xF79D, 0xF79D, 0xF79D, 0xF79D, 0xF79D,
  0xF79D, 0xF79D, 0xF79D, 0xF79D, 0xF79D, 0xF79D, 0xF79D, 0xF79D, 0xF79D, 0xF79D,
  0xF79D, 0xF79D, 0xF79D, 0xF79D, 0xF79D, 0xF79D, 0xF79D, 0xF79D, 0xF79D, 0xF79D,
  0xF79D, 0xF79D, 0xF79D, 0xF79D, 0xF79D, 0xF79D, 0xF79D, 0xF79D, 0xF79D, 0xF79D,
  0xF79D, 0xF79D, 0xF79D, 0xF79D, 0xF79D, 0xF79D, 0xF79D, 0xF79D, 0xF79D, 0xF79D,
  0xF79D, 0xF79D, 0xF79D, 0xF79D, 0xF79D, 0xF79D, 0xF79D, 0xF79D, 0xF79D, 0xF79D,
  0xF79D, 0xF79D, 0xF79D, 0xF79D, 0xF79D, 0xF79D, 0xF79D, 0xF79D, 0xF79D, 0xF79D,
  0xF79D, 0xF79D, 0xF79D, 0xF79D, 0xF79D, 0xF79D, 0xF79D, 0xF79D, 0xF79D, 0xF79D,
  0xF79D, 0xF79D, 0xF79D, 0xF79D, 0xF79D, 0xF79D, 0xF79D, 0xF79D, 0xF79D, 0xF79D,
  0xF79D, 0xF79D, 0xF79D, 0xF79D, 0xF79D, 0xF79D, 0xF79D, 0xF79D, 0xF77C, 0xF79D,
  0xF79D, 0xF79D, 0xF79D, 0xEF5B, 0xC618, 0x8432, 0x4A6C, 0x1908, 0x0047, 0x0006,
  0x0026, 0x0847, 0x20E9, 0x2109, 0x2189, 0x4ACD, 0x7452, 0x9576, 0xB658, 0xC6DA,
  0xCF1B, 0xCF5C, 0xD77C, 0xD77C, 0xD77C, 0xDF7C, 0xD77C, 0xCF5C, 0x9698, 0x6E16,
  0x6DB5, 0x5D34, 0x4C92, 0x3BCF, 0x08A7, 0x0848, 0x94B4, 0xDEFA, 0xF79D, 0xF79D,
  0xF79D, 0xF79D, 0xF77C, 0xF79D, 0xF79D, 0xF79D, 0xF79D, 0xF79D, 0xF79D, 0xF79D,
  0xF79D, 0xF79D, 0xF79D, 0xF79D, 0xF79D, 0xF79D, 0xF79D, 0xF79D, 0xF79D, 0xF79D,
  0xF79D, 0xF79D, 0xF79D, 0xF79D, 0xF79D, 0xF79D, 0xF79D, 0xF79D, 0xF79D, 0xF79D,
  0xF79D, 0xF79D, 0xF79D, 0xF79D, 0xF79D, 0xF79D, 0xF79D, 0xF79D, 0xF79D, 0xF79D,
  0xF79D, 0xF79D, 0xF79D, 0xF79D, 0xF79D, 0xF79D, 0xF79D, 0xF79D, 0xF79D, 0xF79D,
  0xF79D, 0xF79D, 0xF79D, 0xF79D, 0xF79D, 0xF79D, 0xF79D, 0xF79D, 0xF79D, 0xF79D,
  0xF79D, 0xF79D, 0xF79D, 0xF79D, 0xF79D, 0xF79D, 0xF79D, 0xF79D, 0xF79D, 0xF79D,
  0xF79D, 0xF79D, 0xF79D, 0xF79D, 0xF79D, 0xF79D, 0xF79D, 0xF79D, 0xF79D, 0xF79D,
  0xF79D, 0xF79D, 0xF79D, 0xF79D, 0xF79D, 0xF79D, 0xF79D, 0xF79D, 0xF79D, 0xF79D,
  0xF79D, 0xF79D, 0xF79D, 0xF79D, 0xF79D, 0xF79D, 0xF79D, 0xF79D, 0xE6FB, 0xA4F5,
  0x528D, 0x1087, 0x0006, 0x0846, 0x2128, 0x4A6C, 0x73B1, 0xA4F4, 0xC5F7, 0xD699,
  0xEF3B, 0xDEB9, 0xAD34, 0x83D0, 0x5ACD, 0x39EB, 0x2989, 0x298A, 0x29AA, 0x31EB,
  0x3A2B, 0x428C, 0x428D, 0x428D, 0x4A8D, 0x320B, 0x19A9, 0x1989, 0x1949, 0x1928,
  0x2127, 0x3169, 0x318A, 0x10A8, 0x0007, 0x0046, 0x39EB, 0x8C53, 0xD69A, 0xF79D,
  0xF79D, 0xF79D, 0xF79D, 0xF79D, 0xF79D, 0xF79D, 0xF79D, 0xF79D, 0xF79D, 0xF79D,
  0xF79D, 0xF79D, 0xF79D, 0xF79D, 0xF79D, 0xF79D, 0xF79D, 0xF79D, 0xF79D, 0xF79D,
  0xF79D, 0xF79D, 0xF79D, 0xF79D, 0xF79D, 0xF79D, 0xF79D, 0xF79D, 0xF79D, 0xF79D,
  0xF79D, 0xF79D, 0xF79D, 0xF79D, 0xF79D, 0xF79D, 0xF79D, 0xF79D, 0xF79D, 0xF79D,
  0xF79D, 0xF79D, 0xF79D, 0xF79D, 0xF79D, 0xF79D, 0xF79D, 0xF79D, 0xF79D, 0xF79D,
  0xF79D, 0xF79D, 0xF79D, 0xF79D, 0xF79D, 0xF79D, 0xF79D, 0xF79D, 0xF79D, 0xF79D,
  0xF79D, 0xF79D, 0xF79D, 0xF79D, 0xF79D, 0xF79D, 0xF79D, 0xF79D, 0xF79D, 0xF79D,
  0xF79D, 0xF79D, 0xF79D, 0xF79D, 0xF79D, 0xF79D, 0xF79D, 0xF79D, 0xF79D, 0xF79D,
  0xF79D, 0xF79D, 0xF79D, 0xF79D, 0xF79D, 0xF79D, 0xF79D, 0xF79D, 0xF79D, 0xF79D,
  0xF79D, 0xF79D, 0xF79D, 0xEF5C, 0xAD55, 0x52AE, 0x0847, 0x0005, 0x18E8, 0x5AAE,
  0x9CD4, 0xD679, 0xF79C, 0xFFFE, 0xFFFD, 0xFFFD, 0xFFFD, 0xFFFC, 0xFFDC, 0xFFFC,
  0xFFFD, 0xFFFD, 0xFFFD, 0xFFDC, 0xEF5A, 0xDEB9, 0xCE17, 0xBD96, 0xAD35, 0xA4F3,
  0x9CD3, 0x9CB3, 0x9CD3, 0xA4F4, 0xAD14, 0xBD96, 0xCE38, 0xE6D9, 0xF75A, 0xFFDC,
  0xFFBB, 0xDED9, 0xAD75, 0x6B2E, 0x2948, 0x0006, 0x0007, 0x3A0D, 0x9CD4, 0xEF3B,
  0xF79D, 0xF79D, 0xF79D, 0xF79D, 0xF79D, 0xF79D, 0xF79D, 0xF79D, 0xF79D, 0xF79D,
  0xF79D, 0xF79D, 0xF79D, 0xF79D, 0xF79D, 0xF79D, 0xF79D, 0xF79D, 0xF79D, 0xF79D,
  0xF79D, 0xF79D, 0xF79D, 0xF79D, 0xF79D, 0xF79D, 0xF79D, 0xF79D, 0xF79D, 0xF79D,
  0xF79D, 0xF79D, 0xF79D, 0xF79D, 0xF79D, 0xF79D, 0xF79D, 0xF79D, 0xF79D, 0xF79D,
  0xF79D, 0xF79D, 0xF79D, 0xF79D, 0xF79D, 0xF79D, 0xF79D, 0xF79D, 0xF79D, 0xF79D,
  0xF79D, 0xF79D, 0xF79D, 0xF79D, 0xF79D, 0xF79D, 0xF79D, 0xF79D, 0xF79D, 0xF79D,
  0xF79D, 0xF79D, 0xF79D, 0xF79D, 0xF79D, 0xF79D, 0xF79D, 0xF79D, 0xF79D, 0xF79D,
  0xF79D, 0xF79D, 0xF79D, 0xF79D, 0xF79D, 0xF79D, 0xF79D, 0xF79D, 0xF79D, 0xF79D,
  0xF79D, 0xF79D, 0xF79D, 0xF79D, 0xF79D, 0xF79D, 0xF77C, 0xF79D, 0xF79D, 0xE71B,
  0x8C53, 0x1909, 0x0005, 0x18C8, 0x62EF, 0xB576, 0xEF5C, 0xFFFE, 0xFFFE, 0xFFFC,
  0xFFDC, 0xFFBB, 0xFFBB, 0xFF9B, 0xFFBB, 0xFFBB, 0xFFBB, 0xFFBB, 0xFF9B, 0xFF9B,
  0xFFBB, 0xFFBB, 0xFFDC, 0xFFFC, 0xFFFC, 0xFFFD, 0xFFFD, 0xFFFD, 0xFFFD, 0xFFFD,
  0xFFFD, 0xFFFD, 0xFFFD, 0xFFFD, 0xFFFC, 0xFFFC, 0xFFDC, 0xFFBB, 0xFFBB, 0xFFFC,
  0xFFFD, 0xFFFD, 0xFF9B, 0xC5F6, 0x7370, 0x2109, 0x0005, 0x10A8, 0x7BD1, 0xDEDA,
  0xF79D, 0xF79D, 0xF79D, 0xF79D, 0xF79D, 0xF79D, 0xF79D, 0xF79D, 0xF79D, 0xF79D,
  0xF79D, 0xF79D, 0xF79D, 0xF79D, 0xF79D, 0xF79D, 0xF79D, 0xF79D, 0xF79D, 0xF79D,
  0xF79D, 0xF79D, 0xF79D, 0xF79D, 0xF79D, 0xF79D, 0xF79D, 0xF79D, 0xF79D, 0xF79D,
  0xF79D, 0xF79D, 0xF79D, 0xF79D, 0xF79D, 0xF79D, 0xF79D, 0xF79D, 0xF79D, 0xF79D,
  0xF79D, 0xF79D, 0xF79D, 0xF79D, 0xF79D, 0xF79D, 0xF79D, 0xF79D, 0xF79D, 0xF79D,
  0xF79D, 0xF79D, 0xF79D, 0xF79D, 0xF79D, 0xF79D, 0xF79D, 0xF79D, 0xF79D, 0xF79D,
  0xF79D, 0xF79D, 0xF79D, 0xF79D, 0xF79D, 0xF79D, 0xF79D, 0xF79D, 0xF79D, 0xF79D,
  0xF79D, 0xF79D, 0xF79D, 0xF79D, 0xF79D, 0xF79D, 0xF79D, 0xF79D, 0xF79D, 0xF79D,
  0xF79D, 0xF79D, 0xF79D, 0xF79D, 0xF79D, 0xEF3B, 0x8411, 0x10A7, 0x0006, 0x318A,
  0x9493, 0xE73B, 0xFFFE, 0xFFFD, 0xFFDB, 0xFFBB, 0xFF9B, 0xFFBB, 0xFFBB, 0xFFBB,
  0xFFBB, 0xFFBB, 0xFFBB, 0xFFBB, 0xFFBB, 0xFFBB, 0xFFBC, 0xFFBC, 0xFFBC, 0xFFBB,
  0xFFBB, 0xFFBB, 0xFFBB, 0xFFBB, 0xFFBB, 0xFF9B, 0xFFBB, 0xFFBB, 0xFFBB, 0xFFBB,
  0xFFBB, 0xFFBB, 0xFFBB, 0xFFBB, 0xFFBB, 0xFFBB, 0xFFBB, 0xFFBB, 0xFFBB, 0xFFBB,
  0xFFDB, 0xFFFC, 0xFFFD, 0xF77B, 0xA513, 0x39EB, 0x0027, 0x0867, 0x7BD1, 0xE6FB,
  0xF79D, 0xF79D, 0xF79D, 0xF79D, 0xF79D, 0xF79D, 0xF79D, 0xF79D, 0xF79D, 0xF79D,
  0xF79D, 0xF79D, 0xF79D, 0xF79D, 0xF79D, 0xF79D, 0xF79D, 0xF79D, 0xF79D, 0xF79D,
  0xF79D, 0xF79D, 0xF79D, 0xF79D, 0xF79D, 0xF79D, 0xF79D, 0xF79D, 0xF79D, 0xF79D,
  0xF79D, 0xF79D, 0xF79D, 0xF79D, 0xF79D, 0xF79D, 0xF79D, 0xF79D, 0xF79D, 0xF79D,
  0xF79D, 0xF79D, 0xF79D, 0xF79D, 0xF79D, 0xF79D, 0xF79D, 0xF79D, 0xF79D, 0xF79D,
  0xF79D, 0xF79D, 0xF79D, 0xF79D, 0xF79D, 0xF79D, 0xF79D, 0xF79D, 0xF79D, 0xF79D,
  0xF79D, 0xF79D, 0xF79D, 0xF79D, 0xF79D, 0xF79D, 0xF79D, 0xF79D, 0xF79D, 0xF79D,
  0xF79D, 0xF79D, 0xF79D, 0xF79D, 0xF79D, 0xF79D, 0xF79D, 0xF79D, 0xF79D, 0xF77C,
  0xF79D, 0xF79D, 0x9CB4, 0x18E8, 0x0006, 0x39CA, 0xB576, 0xFFDE, 0xFFFE, 0xFFFC,
  0xFF9B, 0xFFBB, 0xFFBC, 0xFFDC, 0xFFDC, 0xFFBC, 0xFFBB, 0xFFBB, 0xFFBB, 0xFFBB,
  0xFFBB, 0xFFBB, 0xFFBB, 0xFFBC, 0xFFDB, 0xFFDC, 0xFFDC, 0xFFDC, 0xFFBC, 0xFFBB,
  0xFFBB, 0xFFBC, 0xFFBB, 0xFFBB, 0xFFBB, 0xFFBB, 0xFFBB, 0xFFBB, 0xFFBB, 0xFFDB,
  0xFFBB, 0xFFBB, 0xFFBB, 0xFFBB, 0xFFBB, 0xFFBB, 0xFFBB, 0xFFBB, 0xFFBB, 0xFFBB,
  0xFFBB, 0xFFDC, 0xFFFD, 0xFFFC, 0xBDD6, 0x420B, 0x0006, 0x10A9, 0x9494, 0xF79C,
  0xF79D, 0xF79D, 0xF79D, 0xF79D, 0xF79D, 0xF79D, 0xF79D, 0xF79D, 0xF79D, 0xF79D,
  0xF79D, 0xF79D, 0xF79D, 0xF79D, 0xF79D, 0xF79D, 0xF79D, 0xF79D, 0xF79D, 0xF79D,
  0xF79D, 0xF79D, 0xF79D, 0xF79D, 0xF79D, 0xF79D, 0xF79D, 0xF79D, 0xF79D, 0xF79D,
  0xF79D, 0xF79D, 0xF79D, 0xF79D, 0xF79D, 0xF79D, 0xF79D, 0xF79D, 0xF79D, 0xF79D,
  0xF79D, 0xF79D, 0xF79D, 0xF79D, 0xF79D, 0xF79D, 0xF79D, 0xF79D, 0xF79D, 0xF79D,
  0xF79D, 0xF79D, 0xF79D, 0xF79D, 0xF79D, 0xF79D, 0xF79D, 0xF79D, 0xF79D, 0xF79D,
  0xF79D, 0xF79D, 0xF79D, 0xF79D, 0xF79D, 0xF79D, 0xF79D, 0xF79D, 0xF79D, 0xF79D,
  0xF79D, 0xF79D, 0xF79D, 0xF79D, 0xF79D, 0xF79D, 0xF79D, 0xF79D, 0xCE59, 0x420C,
  0x0005, 0x2949, 0xAD56, 0xFFFE, 0xFFFF, 0xFFDC, 0xFF9B, 0xFFBC, 0xFFDD, 0xFFFE,
  0xFFFE, 0xFFFE, 0xFFFF, 0xFFDE, 0xFFDC, 0xFFDB, 0xFFBB, 0xFFBB, 0xFFBB, 0xFFBB,
  0xFFBB, 0xFFBB, 0xFFBB, 0xFFBC, 0xFFDC, 0xFFDC, 0xFFBC, 0xFFBC, 0xFFDC, 0xFFDC,
  0xFFDC, 0xFFBC, 0xFFDC, 0xFFDC, 0xFFBC, 0xFFBB, 0xFFBC, 0xFFBC, 0xFFBC, 0xFFBB,
  0xFFBC, 0xFFBB, 0xFFBC, 0xFFBB, 0xFFBC, 0xFFBC, 0xFFBC, 0xFFBC, 0xFFBC, 0xFFBB,
  0xFFBB, 0xFFBB, 0xFFFD, 0xFFFC, 0xB595, 0x318A, 0x0006, 0x39EC, 0xCE38, 0xF79D,
  0xF79D, 0xF79D, 0xF79D, 0xF79D, 0xF79D, 0xF79D, 0xF79D, 0xF79D, 0xF79D, 0xF79D,
  0xF79D, 0xF79D, 0xF79D, 0xF79D, 0xF79D, 0xF79D, 0xF79D, 0xF79D, 0xF79D, 0xF79D,
  0xF79D, 0xF79D, 0xF79D, 0xF79D, 0xF79D, 0xF79D, 0xF79D, 0xF79D, 0xF79D, 0xF79D,
  0xF79D, 0xF79D, 0xF79D, 0xF79D, 0xF79D, 0xF79D, 0xF79D, 0xF79D, 0xF79D, 0xF79D,
  0xF79D, 0xF79D, 0xF79D, 0xF79D, 0xF79D, 0xF79D, 0xF79D, 0xF79D, 0xF79D, 0xF79D,
  0xF79D, 0xF79D, 0xF79D, 0xF79D, 0xF79D, 0xF79D, 0xF79D, 0xF79D, 0xF79D, 0xF79D,
  0xF79D, 0xF79D, 0xF79D, 0xF79D, 0xF79D, 0xF79D, 0xF79D, 0xF79D, 0xF79D, 0xF79D,
  0xF79D, 0xF79D, 0xF79D, 0xF79D, 0xF79D, 0x9473, 0x0047, 0x0846, 0x83F1, 0xF79E,
  0xFFFF, 0xFFDC, 0xFFBB, 0xFFDC, 0xFFFE, 0xFFFF, 0xFFFE, 0xFFFE, 0xFFFE, 0xFFFE,
  0xFFFF, 0xFFFF, 0xFFDC, 0xFFBB, 0xFFBB, 0xFFBB, 0xFFDB, 0xFFBB, 0xFFBB, 0xFFBC,
  0xFFBB, 0xFFBC, 0xFFBC, 0xFFBC, 0xFFBC, 0xFFBC, 0xFFBC, 0xFFDC, 0xFFDC, 0xFFBC,
  0xFFDB, 0xFFBC, 0xFFBC, 0xFFBC, 0xFFBB, 0xFFBC, 0xFFDC, 0xFFBB, 0xFFBC, 0xFFBC,
  0xFFBC, 0xFFBC, 0xFFDC, 0xFFDC, 0xFFDB, 0xFFBC, 0xFFBC, 0xFFBB, 0xFFBC, 0xFFBC,
  0xFFBB, 0xFFBB, 0xFFFD, 0xFFBC, 0x8C51, 0x0867, 0x0026, 0x8C53, 0xF79D, 0xF79D,
  0xF79D, 0xF79D, 0xF79D, 0xF79D, 0xF79D, 0xF79D, 0xF79D, 0xF79D, 0xF79D, 0xF79D,
  0xF79D, 0xF79D, 0xF79D, 0xF79D, 0xF79D, 0xF79D, 0xF79D, 0xF79D, 0xF79D, 0xF79D,
  0xF79D, 0xF79D, 0xF79D, 0xF79D, 0xF79D, 0xF79D, 0xF79D, 0xF79D, 0xF79D, 0xF79D,
  0xF79D, 0xF79D, 0xF79D, 0xF79D, 0xF79D, 0xF79D, 0xF79D, 0xF79D, 0xF79D, 0xF79D,
  0xF79D, 0xF79D, 0xF79D, 0xF79D, 0xF79D, 0xF79D, 0xF79D, 0xF79D, 0xF79D, 0xF79D,
  0xF79D, 0xF79D, 0xF79D, 0xF79D, 0xF79D, 0xF79D, 0xF79D, 0xF79D, 0xF79D, 0xF79D,
  0xF79D, 0xF79D, 0xF79D, 0xF79D, 0xF79D, 0xF79D, 0xF79D, 0xF79D, 0xF79D, 0xF77C,
  0xF79D, 0xE71B, 0x52AE, 0x0006, 0x39EB, 0xD69A, 0xFFFF, 0xFFDD, 0xFFBB, 0xFFBC,
  0xFFDD, 0xFFFE, 0xFFFF, 0xFFFE, 0xFFFE, 0xFFFE, 0xFFFE, 0xFFFF, 0xFFFE, 0xFFDD,
  0xFFDB, 0xFFBC, 0xFFBB, 0xFFBB, 0xFFDB, 0xFFBB, 0xFFBB, 0xFFBB, 0xFFBC, 0xFFBB,
  0xFFBC, 0xFFBC, 0xFFBB, 0xFFBC, 0xFFBB, 0xFFDC, 0xFFBC, 0xFFBC, 0xFFBB, 0xFFBC,
  0xFFBC, 0xFFBB, 0xFFBB, 0xFFBC, 0xFFBC, 0xFFBB, 0xFFBB, 0xFFBC, 0xFFBC, 0xFFBC,
  0xFFDB, 0xFFBB, 0xFFDC, 0xFFBB, 0xFFBC, 0xFFBC, 0xFFBC, 0xFFBB, 0xFFBB, 0xFFBC,
  0xFFBB, 0xFFBB, 0xFFFD, 0xD6B8, 0x41EA, 0x0005, 0x528E, 0xE71B, 0xF79D, 0xF77C,
  0xF79D, 0xF79D, 0xF79D, 0xF79D, 0xF79D, 0xF79D, 0xF79D, 0xF79D, 0xF79D, 0xF79D,
  0xF79D, 0xF79D, 0xF79D, 0xF79D, 0xF79D, 0xF79D, 0xF79D, 0xF79D, 0xF79D, 0xF79D,
  0xF79D, 0xF79D, 0xF79D, 0xF79D, 0xF79D, 0xF79D, 0xF79D, 0xF79D, 0xF79D, 0xF79D,
  0xF79D, 0xF79D, 0xF79D, 0xF79D, 0xF79D, 0xF79D, 0xF79D, 0xF79D, 0xF79D, 0xF79D,
  0xF79D, 0xF79D, 0xF79D, 0xF79D, 0xF79D, 0xF79D, 0xF79D, 0xF79D, 0xF79D, 0xF79D,
  0xF79D, 0xF79D, 0xF79D, 0xF79D, 0xF79D, 0xF79D, 0xF79D, 0xF79D, 0xF79D, 0xF79D,
  0xF79D, 0xF79D, 0xF79D, 0xF79D, 0xF79D, 0xF79D, 0xF77C, 0xF79D, 0xCE58, 0x2149,
  0x0005, 0x7BD1, 0xFFDE, 0xFFFE, 0xFFBB, 0xFFBB, 0xFFBB, 0xFFDD, 0xFFFF, 0xFFFE,
  0xFFFE, 0xFFFE, 0xFFFF, 0xFFFF, 0xFFFF, 0xFFDE, 0xFFDC, 0xFFBB, 0xFFDB, 0xFFBB,
  0xFFBB, 0xFFBB, 0xFFBB, 0xFFBB, 0xFFBB, 0xFFBB, 0xFFBB, 0xFFBB, 0xFFBB, 0xFFBC,
  0xFFBC, 0xFFBC, 0xFFDC, 0xFFDC, 0xFFBC, 0xFFBC, 0xFFBB, 0xFFBC, 0xFFDC, 0xFFDB,
  0xFFDC, 0xFFBB, 0xFFDC, 0xFFBC, 0xFFBC, 0xFFBB, 0xFFBB, 0xFFBB, 0xFFBB, 0xFFBC,
  0xFFBB, 0xFFBC, 0xFFBC, 0xFFBC, 0xFFDC, 0xFFBB, 0xFFBC, 0xFFDC, 0xFFBB, 0xFFBB,
  0xFF9B, 0xFFFC, 0xFFDB, 0x7BAF, 0x0006, 0x294B, 0xCE59, 0xF79D, 0xF77C, 0xF79D,
  0xF79D, 0xF79D, 0xF79D, 0xF79D, 0xF79D, 0xF79D, 0xF79D, 0xF79D, 0xF79D, 0xF79D,
  0xF79D, 0xF79D, 0xF79D, 0xF79D, 0xF79D, 0xF79D, 0xF79D, 0xF79D, 0xF79D, 0xF79D,
  0xF79D, 0xF79D, 0xF79D, 0xF79D, 0xF79D, 0xF79D, 0xF79D, 0xF79D, 0xF79D, 0xF79D,
  0xF79D, 0xF79D, 0xF79D, 0xF79D, 0xF79D, 0xF79D, 0xF79D, 0xF79D, 0xF79D, 0xF79D,
  0xF79D, 0xF79D, 0xF79D, 0xF79D, 0xF79D, 0xF79D, 0xF79D, 0xF79D, 0xF79D, 0xF79D,
  0xF79D, 0xF79D, 0xF79D, 0xF79D, 0xF79D, 0xF79D, 0xF79D, 0xF79D, 0xF79D, 0xF79D,
  0xF79D, 0xF79D, 0xF79D, 0xF77C, 0xF79D, 0xB5B7, 0x0867, 0x1086, 0xAD56, 0xFFFF,
  0xFFDC, 0xFFBB, 0xFFDB, 0xFFBC, 0xFFBB, 0xFFDE, 0xFFFF, 0xFFFF, 0xFFFF, 0xFFFF,
  0xFFFE, 0xFFDD, 0xFFDC, 0xFFBB, 0xFFBB, 0xFFBB, 0xFFBB, 0xFFBB, 0xFFBB, 0xFFBB,
  0xFFBB, 0xFFBB, 0xFFBB, 0xFFBB, 0xFFBB, 0xFFBB, 0xFFBB, 0xFFBB, 0xFFBB, 0xFFBB,
  0xFFBB, 0xFFBC, 0xFFBC, 0xFFBC, 0xFFBC, 0xFFBC, 0xFFDC, 0xFFDC, 0xFFBC, 0xFFBC,
  0xFFBC, 0xFFDC, 0xFFBC, 0xFFDB, 0xFFBC, 0xFFBC, 0xFFBC, 0xFFBC, 0xFFBC, 0xFFDC,
  0xFFDB, 0xFFBC, 0xFFDB, 0xFFBC, 0xFFBC, 0xFFBB, 0xFFBC, 0xFFDB, 0xFFDC, 0xFFBB,
  0xFFBB, 0xFFFD, 0xAD13, 0x0867, 0x10A8, 0xBDB7, 0xF79D, 0xF77C, 0xF79D, 0xF79D,
  0xF79D, 0xF79D, 0xF79D, 0xF79D, 0xF79D, 0xF79D, 0xF79D, 0xF79D, 0xF79D, 0xF79D,
  0xF79D, 0xF79D, 0xF79D, 0xF79D, 0xF79D, 0xF79D, 0xF79D, 0xF79D, 0xF79D, 0xF79D,
  0xF79D, 0xF79D, 0xF79D, 0xF79D, 0xF79D, 0xF79D, 0xF79D, 0xF79D, 0xF79D, 0xF79D,
  0xF79D, 0xF79D, 0xF79D, 0xF79D, 0xF79D, 0xF79D, 0xF79D, 0xF79D, 0xF79D, 0xF79D,
  0xF79D, 0xF79D, 0xF79D, 0xF79D, 0xF79D, 0xF79D, 0xF79D, 0xF79D, 0xF79D, 0xF79D,
  0xF79D, 0xF79D, 0xF79D, 0xF79D, 0xF79D, 0xF79D, 0xF79D, 0xF79D, 0xF79D, 0xF79D,
  0xF77C, 0xF79D, 0xA535, 0x0046, 0x18E8, 0xCE59, 0xFFFF, 0xFFBC, 0xFFBB, 0xFFBB,
  0xFFBB, 0xFFBC, 0xFFBB, 0xFFDC, 0xFFDD, 0xFFDD, 0xFFDD, 0xFFDC, 0xFFDC, 0xFFBB,
  0xFFBB, 0xFFBB, 0xFFBB, 0xFFBB, 0xFFBB, 0xFFBB, 0xFFBB, 0xFFBB, 0xFFBB, 0xFFBB,
  0xFFDC, 0xFFBB, 0xFFBB, 0xFFBC, 0xFFBB, 0xFFBB, 0xFFBB, 0xFFBB, 0xFFBB, 0xFFBB,
  0xFFDB, 0xFFBB, 0xFFBB, 0xFFBC, 0xFFBB, 0xFFBC, 0xFFBC, 0xFFBC, 0xFFBC, 0xFFBC,
  0xFFBC, 0xFFBC, 0xFFBB, 0xFFBC, 0xFFBB, 0xFFBC, 0xFFBC, 0xFFBB, 0xFFBB, 0xFFBC,
  0xFFBB, 0xFFBC, 0xFFBB, 0xFFBB, 0xFFDC, 0xFFBB, 0xFFBB, 0xFFDB, 0xFFBB, 0xFFBB,
  0xFFFC, 0xC594, 0x18A7, 0x0847, 0xAD35, 0xF79D, 0xF77C, 0xF79D, 0xF79D, 0xF79D,
  0xF79D, 0xF79D, 0xF79D, 0xF79D, 0xF79D, 0xF79D, 0xF79D, 0xF79D, 0xF79D, 0xF79D,
  0xF79D, 0xF79D, 0xF79D, 0xF79D, 0xF79D, 0xF79D, 0xF79D, 0xF79D, 0xF79D, 0xF79D,
  0xF79D, 0xF79D, 0xF79D, 0xF79D, 0xF79D, 0xF79D, 0xF79D, 0xF79D, 0xF79D, 0xF79D,
  0xF79D, 0xF79D, 0xF79D, 0xF79D, 0xF79D, 0xF79D, 0xF79D, 0xF79D, 0xF79D, 0xF79D,
  0xF79D, 0xF79D, 0xF79D, 0xF79D, 0xF79D, 0xF79D, 0xF79D, 0xF79D, 0xF79D, 0xF79D,
  0xF79D, 0xF79D, 0xF79D, 0xF79D, 0xF79D, 0xF79D, 0xF79D, 0xF77C, 0xF79D, 0xA535,
  0x0025, 0x2948, 0xDEFC, 0xFFFF, 0xFFBB, 0xFFBB, 0xFFBB, 0xFFDB, 0xFFBB, 0xFFBB,
  0xFFDB, 0xFFBB, 0xFFBB, 0xFFBB, 0xFFBB, 0xFFBB, 0xFFBB, 0xFFBB, 0xFFBB, 0xFFBB,
  0xFFBB, 0xFFBB, 0xFFBB, 0xFFBB, 0xFFBB, 0xFFBB, 0xFFBB, 0xFFBB, 0xFFBB, 0xFFBB,
  0xFFBB, 0xFFBB, 0xFFBB, 0xFFBB, 0xFFBB, 0xFFBB, 0xFFDC, 0xFFBB, 0xFFBB, 0xFFBB,
  0xFFBB, 0xFFBB, 0xFFDB, 0xFFBC, 0xFFDC, 0xFFBB, 0xFFBC, 0xFFBC, 0xFFBC, 0xFFDC,
  0xFFBC, 0xFFDB, 0xFFBB, 0xFFBB, 0xFFBC, 0xFFBC, 0xFFBB, 0xFFBC, 0xFFBC, 0xFFDC,
  0xFFBB, 0xFFBB, 0xFFBB, 0xFFBB, 0xFFBB, 0xFFBB, 0xFFBB, 0xFFBB, 0xFFBB, 0xFFDB,
  0xD5F4, 0x2107, 0x0027, 0xB576, 0xF79D, 0xF77C, 0xF79D, 0xF79D, 0xF79D, 0xF79D,
  0xF79D, 0xF79D, 0xF79D, 0xF79D, 0xF79D, 0xF79D, 0xF79D, 0xF79D, 0xF79D, 0xF79D,
  0xF79D, 0xF79D, 0xF79D, 0xF79D, 0xF79D, 0xF79D, 0xF79D, 0xF79D, 0xF79D, 0xF79D,
  0xF79D, 0xF79D, 0xF79D, 0xF79D, 0xF79D, 0xF79D, 0xF79D, 0xF79D, 0xF79D, 0xF79D,
  0xF79D, 0xF79D, 0xF79D, 0xF79D, 0xF79D, 0xF79D, 0xF79D, 0xF79D, 0xF79D, 0xF79D,
  0xF79D, 0xF79D, 0xF79D, 0xF79D, 0xF79D, 0xF79D, 0xF79D, 0xF79D, 0xF79D, 0xF79D,
  0xF79D, 0xF79D, 0xF79D, 0xF79D, 0xF79C, 0xF79D, 0xB596, 0x0047, 0x2969, 0xE71C,
  0xFFFE, 0xFFBB, 0xFFBB, 0xFFBB, 0xFFBB, 0xFFBB, 0xFFDB, 0xFFBB, 0xFFBB, 0xFFBB,
  0xFFBC, 0xFFBC, 0xFFBB, 0xFFBB, 0xFFBB, 0xFFBB, 0xFFBB, 0xFFBB, 0xFFBB, 0xFFDB,
  0xFFBC, 0xFFBC, 0xFFBC, 0xFFBB, 0xFFBB, 0xFFBB, 0xFFBB, 0xFFBB, 0xFFBB, 0xFFBB,
  0xFFBB, 0xFFDB, 0xFFBB, 0xFFBB, 0xFFBB, 0xFFBB, 0xFFBB, 0xFFBB, 0xFFDC, 0xFFBB,
  0xFFBB, 0xFFBB, 0xFFBB, 0xFFDB, 0xFFBC, 0xFFDC, 0xFFDC, 0xFFBB, 0xFFBC, 0xFFDC,
  0xFFBB, 0xFFBB, 0xFFBB, 0xFFBB, 0xFFBB, 0xFFBB, 0xFFBB, 0xFFBB, 0xFFBC, 0xFFBB,
  0xFFBB, 0xFFBB, 0xFFBB, 0xFFBB, 0xFFBB, 0xFFBB, 0xFFBB, 0xFFBB, 0xFF79, 0xD615,
  0x2109, 0x0848, 0xBDD7, 0xF79D, 0xF79C, 0xF79D, 0xF79D, 0xF79D, 0xF79D, 0xF79D,
  0xF79D, 0xF79D, 0xF79D, 0xF79D, 0xF79D, 0xF79D, 0xF79D, 0xF79D, 0xF79D, 0xF79D,
  0xF79D, 0xF79D, 0xF79D, 0xF79D, 0xF79D, 0xF79D, 0xF79D, 0xF79D, 0xF79D, 0xF79D,
  0xF79D, 0xF79D, 0xF79D, 0xF79D, 0xF79D, 0xF79D, 0xF79D, 0xF79D, 0xF79D, 0xF79D,
  0xF79D, 0xF79D, 0xF79D, 0xF79D, 0xF79D, 0xF79D, 0xF79D, 0xF79D, 0xF79D, 0xF79D,
  0xF79D, 0xF79D, 0xF79D, 0xF79D, 0xF79D, 0xF79D, 0xF79D, 0xF79D, 0xF79D, 0xF79D,
  0xF79D, 0xF79D, 0xF79D, 0xC638, 0x0865, 0x2107, 0xDEFC, 0xFFFF, 0xFFBB, 0xFFBB,
  0xFFBB, 0xFFBB, 0xFFBB, 0xFFBB, 0xFFDB, 0xFFBB, 0xFFBB, 0xFFBB, 0xFFBB, 0xFFBB,
  0xFFBB, 0xFFBB, 0xFF9B, 0xFF9B, 0xFFBB, 0xFFBB, 0xFFBB, 0xFFBB, 0xFFBB, 0xFFBB,
  0xFFBB, 0xFF9B, 0xFFBB, 0xFFBB, 0xFF9B, 0xFF9B, 0xFFBB, 0xFFBB, 0xFFBB, 0xFFBB,
  0xFFBB, 0xFFBB, 0xFFBB, 0xFFBB, 0xFFBB, 0xFFBB, 0xFFBB, 0xFFBB, 0xFFBB, 0xFFBB,
  0xFFDB, 0xFFBC, 0xFFBB, 0xFFBB, 0xFFBC, 0xFFBB, 0xFFBC, 0xFFBB, 0xFFDC, 0xFFDC,
  0xFFBB, 0xFFBB, 0xFFBB, 0xFFBB, 0xFFBB, 0xFFBB, 0xFFBB, 0xFFBB, 0xFFBB, 0xFFBB,
  0xFFBB, 0xFFBB, 0xFFBB, 0xFFBB, 0xFFBB, 0xFFDB, 0xFF9B, 0xFF59, 0xD5F4, 0x18A7,
  0x10A9, 0xD679, 0xF79D, 0xF79D, 0xF79D, 0xF79D, 0xF79D, 0xF79D, 0xF79D, 0xF79D,
  0xF79D, 0xF79D, 0xF79D, 0xF79D, 0xF79D, 0xF79D, 0xF79D, 0xF79D, 0xF79D, 0xF79D,
  0xF79D, 0xF79D, 0xF79D, 0xF79D, 0xF79D, 0xF79D, 0xF79D, 0xF79D, 0xF79D, 0xF79D,
  0xF79D, 0xF79D, 0xF79D, 0xF79D, 0xF79D, 0xF79D, 0xF79D, 0xF79D, 0xF79D, 0xF79D,
  0xF79D, 0xF79D, 0xF79D, 0xF79D, 0xF79D, 0xF79D, 0xF79D, 0xF79D, 0xF79D, 0xF79D,
  0xF79D, 0xF79D, 0xF79D, 0xF79D, 0xF79D, 0xF79D, 0xF79D, 0xF79D, 0xF79D, 0xF79D,
  0xE6FA, 0x2129, 0x1086, 0xD67A, 0xFFFE, 0xFFBB, 0xFFBB, 0xFFBB, 0xFFBB, 0xFFBB,
  0xFFBB, 0xFFBB, 0xFFBB, 0xFFBB, 0xFFBB, 0xFFBB, 0xFFDC, 0xFFFC, 0xFFFD, 0xFFFD,
  0xFFFD, 0xFFFD, 0xFFFD, 0xFFFD, 0xFFFD, 0xFFFD, 0xFFFD, 0xFFFD, 0xFFFD, 0xFFFD,
  0xFFFD, 0xFFFD, 0xFFFD, 0xFFFD, 0xFFFD, 0xFFFD, 0xFFFD, 0xFFFC, 0xFFFC, 0xFFDB,
  0xFFBB, 0xFFBB, 0xFFBB, 0xFFBB, 0xFFBB, 0xFFBB, 0xFFBB, 0xFFDB, 0xFFBC, 0xFFBB,
  0xFFBB, 0xFFBB, 0xFFBB, 0xFFBB, 0xFFBB, 0xFFBB, 0xFFBB, 0xFFBB, 0xFFBC, 0xFFBC,
  0xFFBB, 0xFFBB, 0xFFBB, 0xFFBB, 0xFFBB, 0xFFBB, 0xFFBB, 0xFFBB, 0xFFBB, 0xFFBB,
  0xFFBB, 0xFFBB, 0xFFBB, 0xFFBB, 0xFFDC, 0xF739, 0xFF38, 0xC5B4, 0x0847, 0x2149,
  0xEF3B, 0xF79D, 0xF79D, 0xF79D, 0xF79D, 0xF79D, 0xF79D, 0xF79D, 0xF79D, 0xF79D,
  0xF79D, 0xF79D, 0xF79D, 0xF79D, 0xF79D, 0xF79D, 0xF79D, 0xF79D, 0xF79D, 0xF79D,
  0xF79D, 0xF79D, 0xF79D, 0xF79D, 0xF79D, 0xF79D, 0xF79D, 0xF79D, 0xF79D, 0xF79D,
  0xF79D, 0xF79D, 0xF79D, 0xF79D, 0xF79D, 0xF79D, 0xF79D, 0xF79D, 0xF79D, 0xF79D,
  0xF79D, 0xF79D, 0xF79D, 0xF79D, 0xF79D, 0xF79D, 0xF79D, 0xF79D, 0xF79D, 0xF79D,
  0xF79D, 0xF79D, 0xF79D, 0xF79D, 0xF79D, 0xF79D, 0xF79C, 0xF79C, 0x422B, 0x0005,
  0xB5B8, 0xFFFF, 0xFFBB, 0xFFBB, 0xFFBB, 0xFFBB, 0xFFBB, 0xFFBB, 0xFFBB, 0xFFDB,
  0xFFFC, 0xFFFD, 0xFFFD, 0xFFFC, 0xEF3A, 0xDE78, 0xBDB5, 0xA4F4, 0x9C72, 0x83F0,
  0x7B8F, 0x736F, 0x6B4E, 0x630E, 0x630E, 0x630E, 0x6B2E, 0x6B4F, 0x736F, 0x738F,
  0x83F0, 0x9452, 0x9CB3, 0xAD34, 0xBDB6, 0xCE37, 0xE6D9, 0xF75A, 0xFFDC, 0xFFFD,
  0xFFFD, 0xFFFD, 0xFFFD, 0xFFFC, 0xFFDB, 0xFFBB, 0xFFBB, 0xFFBB, 0xFFBC, 0xFFBC,
  0xFFBB, 0xFFBB, 0xFFBB, 0xFFBB, 0xFFBB, 0xFFBC, 0xFFBB, 0xFFBB, 0xFFBC, 0xFFBB,
  0xFFBB, 0xFFBB, 0xFFBB, 0xFFBB, 0xFFBB, 0xFFBB, 0xFFBB, 0xFFBB, 0xFFBB, 0xFFBB,
  0xFFBB, 0xFFBB, 0xFFBB, 0xFFBB, 0xEED8, 0xFF79, 0x9C70, 0x0005, 0x52AE, 0xF79D,
  0xF77C, 0xF79D, 0xF79D, 0xF79D, 0xF79D, 0xF79D, 0xF79D, 0xF79D, 0xF79D, 0xF79D,
  0xF79D, 0xF79D, 0xF79D, 0xF79D, 0xF79D, 0xF79D, 0xF79D, 0xF79D, 0xF79D, 0xF79D,
  0xF79D, 0xF79D, 0xF79D, 0xF79D, 0xF79D, 0xF79D, 0xF79D, 0xF79D, 0xF79D, 0xF79D,
  0xF79D, 0xF79D, 0xF79D, 0xF79D, 0xF79D, 0xF79D, 0xF79D, 0xF79D, 0xF79D, 0xF79D,
  0xF79D, 0xF79D, 0xF79D, 0xF79D, 0xF79D, 0xF79D, 0xF79D, 0xF79D, 0xF79D, 0xF79D,
  0xF79D, 0xF79D, 0xF79D, 0xF79C, 0xF79D, 0x7C12, 0x0004, 0x7BF1, 0xFFFF, 0xFFBC,
  0xFFDC, 0xFFDB, 0xFFDB, 0xFFBB, 0xFFBB, 0xFFFC, 0xFFFD, 0xFF9B, 0xD637, 0x9C92,
  0x630D, 0x422B, 0x29CA, 0x21AA, 0x21CA, 0x220B, 0x2A6C, 0x32CD, 0x3B0E, 0x3B4F,
  0x3B6F, 0x3B8F, 0x43AF, 0x4BD0, 0x4BB0, 0x438F, 0x436F, 0x432E, 0x3AED, 0x32CD,
  0x326C, 0x2A0B, 0x29CA, 0x21AA, 0x29AA, 0x31CA, 0x422B, 0x52AD, 0x736F, 0x9C72,
  0xBDB5, 0xE6D9, 0xFFBC, 0xFFFD, 0xFFFD, 0xFFFC, 0xFFBB, 0xFF9B, 0xFFBB, 0xFFBB,
  0xFFBB, 0xFFBB, 0xFFBB, 0xFFBB, 0xFFBB, 0xFFBB, 0xFFBB, 0xFFBB, 0xFFBB, 0xFFBB,
  0xFFBB, 0xFFBB, 0xFFBB, 0xFFBB, 0xFFBB, 0xFFBB, 0xFFBB, 0xFFBB, 0xFFBB, 0xFFBB,
  0xFFBB, 0xFFDC, 0xF759, 0xEEB6, 0xFF57, 0x6B0D, 0x0008, 0x94B4, 0xF79D, 0xF79D,
  0xF79D, 0xF79D, 0xF79D, 0xF79D, 0xF79D, 0xF79D, 0xF79D, 0xF79D, 0xF79D, 0xF79D,
  0xF79D, 0xF79D, 0xF79D, 0xF79D, 0xF79D, 0xF79D, 0xF79D, 0xF79D, 0xF79D, 0xF79D,
  0xF79D, 0xF79D, 0xF79D, 0xF79D, 0xF79D, 0xF79D, 0xF79D, 0xF79D, 0xF79D, 0xF79D,
  0xF79D, 0xF79D, 0xF79D, 0xF79D, 0xF79D, 0xF79D, 0xF79D, 0xF79D, 0xF79D, 0xF79D,
  0xF79D, 0xF79D, 0xF79D, 0xF79D, 0xF79D, 0xF79D, 0xF79D, 0xF79D, 0xF79D, 0xF79D,
  0xF79D, 0xF79D, 0xC638, 0x0047, 0x4A4C, 0xFFFF, 0xFFBC, 0xFFBB, 0xFFDC, 0xFFDC,
  0xFFBB, 0xFFFC, 0xFFFD, 0xD657, 0x736F, 0x31A9, 0x1989, 0x2A6C, 0x3B8F, 0x64D3,
  0x8DD6, 0x9E58, 0xAEBA, 0xB71B, 0xBF3B, 0xC73C, 0xCF5C, 0xCF5C, 0xCF5C, 0xCF5C,
  0xD75C, 0xD75C, 0xD75C, 0xD75C, 0xD75C, 0xD75C, 0xCF5C, 0xC73B, 0xC73B, 0xC71B,
  0xBEFA, 0xAEB9, 0xA658, 0x8DB6, 0x6CF4, 0x5431, 0x3B6E, 0x2AAC, 0x21EA, 0x218A,
  0x39EB, 0x630D, 0x9CB2, 0xDE98, 0xFFFC, 0xFFFD, 0xFFFC, 0xFFBB, 0xFFBB, 0xFFBB,
  0xFFBB, 0xFFBB, 0xFFBB, 0xFFBB, 0xFFBC, 0xFFBB, 0xFFBB, 0xFFBB, 0xFFBB, 0xFFBB,
  0xFFBB, 0xFFBB, 0xFFBB, 0xFFBC, 0xFFBB, 0xFFDB, 0xFFBB, 0xFFBB, 0xFFDB, 0xFFBB,
  0xFF9B, 0xEEF7, 0xF6F7, 0xF6F7, 0x318A, 0x0868, 0xD6B9, 0xF79D, 0xF79D, 0xF79D,
  0xF79D, 0xF79D, 0xF79D, 0xF79D, 0xF79D, 0xF79D, 0xF79D, 0xF79D, 0xF79D, 0xF79D,
  0xF79D, 0xF79D, 0xF79D, 0xF79D, 0xF79D, 0xF79D, 0xF79D, 0xF79D, 0xF79D, 0xF79D,
  0xF79D, 0xF79D, 0xF79D, 0xF79D, 0xF79D, 0xF79D, 0xF79D, 0xF79D, 0xF79D, 0xF79D,
  0xF79D, 0xF79D, 0xF79D, 0xF79D, 0xF79D, 0xF79D, 0xF79D, 0xF79D, 0xF79D, 0xF79D,
  0xF79D, 0xF79D, 0xF79D, 0xF79D, 0xF79D, 0xF79D, 0xF79D, 0xF79D, 0xF79D, 0xF79C,
  0x2989, 0x1086, 0xE71C, 0xFFFE, 0xFFBB, 0xFFBB, 0xFFBB, 0xFFDB, 0xFFFE, 0xCE37,
  0x526B, 0x1948, 0x32ED, 0x64F4, 0x9658, 0xB71B, 0xC73B, 0xCF3B, 0xD73C, 0xDF3C,
  0xDF3C, 0xDF3C, 0xE73C, 0xDF3C, 0xE73C, 0xE73C, 0xE73C, 0xE73C, 0xE75C, 0xE73C,
  0xE73C, 0xE75C, 0xE75C, 0xE73C, 0xE73C, 0xE73C, 0xE73C, 0xE73C, 0xE73C, 0xDF3C,
  0xDF3C, 0xDF5C, 0xDF5C, 0xD75C, 0xCF5C, 0xBF3B, 0xAEDA, 0x9E38, 0x7514, 0x4BD0,
  0x2A4C, 0x218A, 0x420A, 0x83F0, 0xDEB9, 0xFFFD, 0xFFFC, 0xFFBB, 0xFFBB, 0xFFDB,
  0xFFBB, 0xFFBB, 0xFFBB, 0xFFBB, 0xFFDB, 0xFFBB, 0xFFBB, 0xFFBC, 0xFFBB, 0xFFBB,
  0xFFBB, 0xFFBC, 0xFFDB, 0xFFBB, 0xFFBB, 0xFFBB, 0xFFBB, 0xFFBB, 0xFFDC, 0xF739,
  0xEED7, 0xFF58, 0xCDD4, 0x0026, 0x422C, 0xF79D, 0xF79D, 0xF79D, 0xF79D, 0xF79D,
  0xF79D, 0xF79D, 0xF79D, 0xF79D, 0xF79D, 0xF79D, 0xF79D, 0xF79D, 0xF79D, 0xF79D,
  0xF79D, 0xF79D, 0xF79D, 0xF79D, 0xF79D, 0xF79D, 0xF79D, 0xF79D, 0xF79D, 0xF79D,
  0xF79D, 0xF79D, 0xF79D, 0xF79D, 0xF79D, 0xF79D, 0xF79D, 0xF79D, 0xF79D, 0xF79D,
  0xF79D, 0xF79D, 0xF79D, 0xF79D, 0xF79D, 0xF79D, 0xF79D, 0xF79D, 0xF79D, 0xF79D,
  0xF79D, 0xF79D, 0xF79D, 0xF79D, 0xF79D, 0xF79D, 0xF79D, 0x8C73, 0x0004, 0x9CD4,
  0xFFFF, 0xFFBB, 0xFFDC, 0xFFBB, 0xFFFC, 0xFFBB, 0x736F, 0x1128, 0x438F, 0x8E37,
  0xB71B, 0xCF3B, 0xD71B, 0xDF1B, 0xE73C, 0xE75C, 0xE75C, 0xE75C, 0xE73C, 0xE75C,
  0xE75C, 0xE75C, 0xDF3C, 0xDF3C, 0xE73C, 0xDF3C, 0xE75C, 0xE75C, 0xE75C, 0xDF3C,
  0xE75C, 0xE75C, 0xE75C, 0xE75C, 0xE73C, 0xE75C, 0xE75C, 0xE75C, 0xE75C, 0xE75C,
  0xE75C, 0xE75C, 0xE73C, 0xE73C, 0xDF3C, 0xDF3C, 0xD73C, 0xCF3B, 0xBEFA, 0x8E37,
  0x6492, 0x326C, 0x2189, 0x6B0E, 0xD678, 0xFFFD, 0xFFDB, 0xFFBB, 0xFFDC, 0xFFBB,
  0xFFBB, 0xFFDB, 0xFFBB, 0xFFBC, 0xFFBB, 0xFFBB, 0xFFBB, 0xFFBB, 0xFFBB, 0xFFBB,
  0xFFDB, 0xFFBC, 0xFFBB, 0xFFBB, 0xFFBB, 0xFFBB, 0xFFDC, 0xFF7A, 0xEEF7, 0xEED7,
  0xFF58, 0x736D, 0x0006, 0xAD55, 0xF79D, 0xF77C, 0xF79D, 0xF79D, 0xF79D, 0xF79D,
  0xF79D, 0xF79D, 0xF79D, 0xF79D, 0xF79D, 0xF79D, 0xF79D, 0xF79D, 0xF79D, 0xF79D,
  0xF79D, 0xF79D, 0xF79D, 0xF79D, 0xF79D, 0xF79D, 0xF79D, 0xF79D, 0xF79D, 0xF79D,
  0xF79D, 0xF79D, 0xF79D, 0xF79D, 0xF79D, 0xF79D, 0xF79D, 0xF79D, 0xF79D, 0xF79D,
  0xF79D, 0xF79D, 0xF79D, 0xF79D, 0xF79D, 0xF79D, 0xF79D, 0xF79D, 0xF79D, 0xF79D,
  0xF79D, 0xF79D, 0xF79D, 0xF79D, 0xE6FA, 0x1086, 0x39CA, 0xFFFE, 0xFFBB, 0xFFBB,
  0xFFBB, 0xFFFD, 0xE73A, 0x39CA, 0x1A0A, 0x7DD6, 0xB71A, 0xCEFB, 0xDF1B, 0xE75C,
  0xE75C, 0xE75C, 0xE75C, 0xE75C, 0xE75C, 0xE75C, 0xE75C, 0xE75C, 0xE75C, 0xE75C,
  0xE73C, 0xE73C, 0xE75C, 0xE73C, 0xE75C, 0xE75C, 0xE75C, 0xE75C, 0xE75C, 0xE75C,
  0xE75C, 0xE75C, 0xE75C, 0xE75C, 0xE75C, 0xE75C, 0xE75C, 0xE75C, 0xE75C, 0xE75C,
  0xE73C, 0xDF3C, 0xE75C, 0xE75C, 0xE75C, 0xE73C, 0xDF3C, 0xD71B, 0xCF1B, 0xBF1B,
  0x8E17, 0x3B4E, 0x1107, 0x734E, 0xF79C, 0xFFFD, 0xFFBB, 0xFFDB, 0xFFBB, 0xFFDB,
  0xFFBB, 0xFFBC, 0xFFBB, 0xFFBB, 0xFFBB, 0xFFBB, 0xFFBC, 0xFFBB, 0xFFBC, 0xFFBB,
  0xFFBB, 0xFFBB, 0xFFBB, 0xFFBB, 0xFFBB, 0xFFBB, 0xF6F8, 0xEED7, 0xEEF7, 0xEED6,
  0x2929, 0x212A, 0xF77C, 0xF79D, 0xF79D, 0xF79D, 0xF79D, 0xF79D, 0xF79D, 0xF79D,
  0xF79D, 0xF79D, 0xF79D, 0xF79D, 0xF79D, 0xF79D, 0xF79D, 0xF79D, 0xF79D, 0xF79D,
  0xF79D, 0xF79D, 0xF79D, 0xF79D, 0xF79D, 0xF79D, 0xF79D, 0xF79D, 0xF79D, 0xF79D,
  0xF79D, 0xF79D, 0xF79D, 0xF79D, 0xF79D, 0xF79D, 0xF79D, 0xF79D, 0xF79D, 0xF79D,
  0xF79D, 0xF79D, 0xF79D, 0xF79D, 0xF79D, 0xF79D, 0xF79D, 0xF79D, 0xF79D, 0xF79D,
  0xF79D, 0xF79D, 0x6B70, 0x0006, 0xC618, 0xFFFD, 0xFFBB, 0xFFBB, 0xFFFC, 0xDED9,
  0x2929, 0x4390, 0xB71B, 0xC6DB, 0xD6FB, 0xE73C, 0xE75C, 0xE73C, 0xE75C, 0xE75C,
  0xE75C, 0xE75C, 0xE75C, 0xE75C, 0xE75C, 0xE75C, 0xE75C, 0xE73C, 0xE73C, 0xDF3C,
  0xE73C, 0xE73C, 0xE75C, 0xE75C, 0xE73C, 0xE75C, 0xE75C, 0xE73C, 0xE75C, 0xE75C,
  0xE75C, 0xE75C, 0xE75C, 0xE75C, 0xE75C, 0xE75C, 0xE75C, 0xE75C, 0xE75C, 0xE75C,
  0xE75C, 0xE73C, 0xE75C, 0xE75C, 0xE75C, 0xE75C, 0xE73C, 0xD71B, 0xCEFB, 0xBF1B,
  0x85F6, 0x224B, 0x318A, 0xD678, 0xFFFD, 0xFF9B, 0xFFBB, 0xFFBB, 0xFFBB, 0xFFBB,
  0xFFBB, 0xFFBB, 0xFFBB, 0xFFBB, 0xFFBC, 0xFFBC, 0xFFBB, 0xFFBB, 0xFFBB, 0xFFBB,
  0xFFBB, 0xFFBB, 0xFFBB, 0xFFBB, 0xF718, 0xEED7, 0xEED7, 0xFF58, 0xA4B1, 0x0007,
  0x9494, 0xF79D, 0xF77C, 0xF79D, 0xF79D, 0xF79D, 0xF79D, 0xF79D, 0xF79D, 0xF79D,
  0xF79D, 0xF79D, 0xF79D, 0xF79D, 0xF79D, 0xF79D, 0xF79D, 0xF79D, 0xF79D, 0xF79D,
  0xF79D, 0xF79D, 0xF79D, 0xF79D, 0xF79D, 0xF79D, 0xF79D, 0xF79D, 0xF79D, 0xF79D,
  0xF79D, 0xF79D, 0xF79D, 0xF79D, 0xF79D, 0xF79D, 0xF79D, 0xF79D, 0xF79D, 0xF79D,
  0xF79D, 0xF79D, 0xF79D, 0xF79D, 0xF79D, 0xF79D, 0xF79D, 0xF79D, 0xF79D, 0xDEDA,
  0x0045, 0x52AD, 0xFFFF, 0xFFBB, 0xFFBB, 0xFFDC, 0xEF19, 0x2127, 0x438F, 0xBF3B,
  0xCEFB, 0xE73C, 0xE75C, 0xDF3C, 0xE75C, 0xE75C, 0xE75C, 0xE75C, 0xE75C, 0xE75C,
  0xE75C, 0xE75C, 0xE75C, 0xE75C, 0xE75C, 0xE75C, 0xDF3C, 0xE75C, 0xE75C, 0xE75C,
  0xE75C, 0xE75C, 0xDF3C, 0xE75C, 0xE75C, 0xE73C, 0xE75C, 0xE75C, 0xE75C, 0xE75C,
  0xE75C, 0xE75C, 0xE75C, 0xE75C, 0xE75C, 0xE75C, 0xE75C, 0xE75C, 0xE75C, 0xE75C,
  0xE75C, 0xE75C, 0xDF3C, 0xDF3C, 0xE75C, 0xE75C, 0xE75C, 0xD71B, 0xBEDB, 0xB71B,
  0x5C31, 0x18E8, 0xBDB6, 0xFFFD, 0xFFBB, 0xFFBB, 0xFFBB, 0xFFBB, 0xFFBC, 0xFFBB,
  0xFFBB, 0xFFBB, 0xFFBC, 0xFFBC, 0xFFBB, 0xFFBB, 0xFFBB, 0xFFBB, 0xFFBB, 0xFFBB,
  0xFFBB, 0xFFDC, 0xF759, 0xEED7, 0xEEF7, 0xEED7, 0xF717, 0x39AA, 0x18C8, 0xEF5B,
  0xF79D, 0xF79D, 0xF79D, 0xF79D, 0xF79D, 0xF79D, 0xF79D, 0xF79D, 0xF79D, 0xF79D,
  0xF79D, 0xF79D, 0xF79D, 0xF79D, 0xF79D, 0xF79D, 0xF79D, 0xF79D, 0xF79D, 0xF79D,
  0xF79D, 0xF79D, 0xF79D, 0xF79D, 0xF79D, 0xF79D, 0xF79D, 0xF79D, 0xF79D, 0xF79D,
  0xF79D, 0xF79D, 0xF79D, 0xF79D, 0xF79D, 0xF79D, 0xF79D, 0xF79D, 0xF79D, 0xF79D,
  0xF79D, 0xF79D, 0xF79D, 0xF79D, 0xF79D, 0xF79D, 0xF79D, 0x6B70, 0x0026, 0xCE59,
  0xFFFC, 0xFF9B, 0xFFBB, 0xFFDD, 0x420B, 0x3B0E, 0xAF1A, 0xC6DA, 0xE73C, 0xDF3C,
  0xDF3C, 0xE75C, 0xE75C, 0xE75C, 0xE75C, 0xDF3C, 0xE73C, 0xE75C, 0xE73C, 0xE75C,
  0xE75C, 0xE75C, 0xE75C, 0xE75C, 0xE75C, 0xE73C, 0xE75C, 0xE75C, 0xDF3C, 0xE75C,
  0xE73C, 0xDF3C, 0xE73C, 0xE75C, 0xE75C, 0xE75C, 0xE75C, 0xE75C, 0xE75C, 0xE75C,
  0xE73C, 0xE75C, 0xE75C, 0xE75C, 0xE75C, 0xE75C, 0xE75C, 0xE75C, 0xE75C, 0xE75C,
  0xE75C, 0xE75C, 0xE75C, 0xE75C, 0xE75C, 0xE75C, 0xDF3C, 0xC6DA, 0xC73B, 0x6CF3,
  0x10C7, 0xC5F7, 0xFFFD, 0xFFBB, 0xFFDB, 0xFFBB, 0xFFBB, 0xFFBC, 0xFFBB, 0xFFDB,
  0xFFDC, 0xFFBB, 0xFFBB, 0xFFBB, 0xFFBB, 0xFFBB, 0xFFBB, 0xFFBB, 0xFFBB, 0xFFDC,
  0xFF7A, 0xEED7, 0xEEF7, 0xEED7, 0xFF58, 0xAD12, 0x0007, 0x94B3, 0xF79D, 0xF77C,
  0xF79D, 0xF79D, 0xF79D, 0xF79D, 0xF79D, 0xF79D, 0xF79D, 0xF79D, 0xF79D, 0xF79D,
  0xF79D, 0xF79D, 0xF79D, 0xF79D, 0xF79D, 0xF79D, 0xF79D, 0xF79D, 0xF79D, 0xF79D,
  0xF79D, 0xF79D, 0xF79D, 0xF79D, 0xF79D, 0xF79D, 0xF79D, 0xF79D, 0xF79D, 0xF79D,
  0xF79D, 0xF79D, 0xF79D, 0xF79D, 0xF79D, 0xF79D, 0xF79D, 0xF79D, 0xF79D, 0xF79D,
  0xF79D, 0xF79D, 0xF79D, 0xF79D, 0xE71B, 0x0866, 0x528D, 0xFFFF, 0xFFBB, 0xFFBB,
  0xFFFD, 0x83D0, 0x19CA, 0xB71B, 0xCEFB, 0xE75C, 0xDF3C, 0xDF3C, 0xE73C, 0xDF3C,
  0xE75C, 0xDF3C, 0xDF3C, 0xDF3C, 0xDF3C, 0xE75C, 0xE75C, 0xE75C, 0xE75C, 0xE75C,
  0xE75C, 0xDF3C, 0xDF3C, 0xDF3C, 0xE75C, 0xDF3C, 0xDF3C, 0xE73C, 0xDF3C, 0xDF3C,
  0xDF3C, 0xE73C, 0xDF3C, 0xDF3C, 0xE75C, 0xE75C, 0xE73C, 0xE75C, 0xE75C, 0xDF3C,
  0xE75C, 0xE75C, 0xE75C, 0xE75C, 0xE75C, 0xE73C, 0xE75C, 0xE75C, 0xE73C, 0xE73C,
  0xE75C, 0xE75C, 0xE75C, 0xE75C, 0xE75C, 0xE75C, 0xC6DA, 0xBF1B, 0x6492, 0x2108,
  0xE6FA, 0xFFDC, 0xFFBB, 0xFFBC, 0xFFBB, 0xFFBC, 0xFFBB, 0xFFBB, 0xFFBB, 0xFFBB,
  0xFFBB, 0xFFBB, 0xFFBB, 0xFFBB, 0xFFBB, 0xFFBB, 0xFFBB, 0xFFDB, 0xFF9B, 0xEEF7,
  0xEEF7, 0xEED7, 0xEED7, 0xF6F6, 0x316A, 0x294A, 0xF79D, 0xF79D, 0xF79D, 0xF79D,
  0xF79D, 0xF79D, 0xF79D, 0xF79D, 0xF79D, 0xF79D, 0xF79D, 0xF79D, 0xF79D, 0xF79D,
  0xF79D, 0xF79D, 0xF79D, 0xF79D, 0xF79D, 0xF79D, 0xF79D, 0xF79D, 0xF79D, 0xF79D,
  0xF79D, 0xF79D, 0xF79D, 0xF79D, 0xF79D, 0xF79D, 0xF79D, 0xF79D, 0xF79D, 0xF79D,
  0xF79D, 0xF79D, 0xF79D, 0xF79D, 0xF79D, 0xF79D, 0xF79D, 0xF79D, 0xF79D, 0xF79D,
  0xF77C, 0xF79D, 0x9493, 0x0005, 0xBDD7, 0xFFFD, 0xFF9B, 0xFFFC, 0xD699, 0x10E8,
  0x95F7, 0xC71B, 0xE75C, 0xE75C, 0xE75C, 0xE75C, 0xDF3C, 0xE73C, 0xDF3C, 0xEF7D,
  0xEFBD, 0xF7BD, 0xEF9D, 0xE73C, 0xE75C, 0xDF3C, 0xE75C, 0xE75C, 0xE75C, 0xE75C,
  0xE75C, 0xE75C, 0xE75C, 0xDF3C, 0xDF3C, 0xE73C, 0xE73C, 0xE75C, 0xDF3C, 0xE73C,
  0xDF3C, 0xDF3C, 0xE73C, 0xE75C, 0xE75C, 0xE73C, 0xE75C, 0xE75C, 0xE75C, 0xE75C,
  0xE75C, 0xE75C, 0xDF3C, 0xDF3C, 0xE75C, 0xE75C, 0xE75C, 0xE75C, 0xE75C, 0xE75C,
  0xE75C, 0xE75C, 0xE75C, 0xE75C, 0xE75C, 0xBEBA, 0xC73B, 0x4B6F, 0x4A2C, 0xFFFD,
  0xFFBB, 0xFFBC, 0xFFBB, 0xFFBB, 0xFFBB, 0xFFBB, 0xFFBB, 0xFFBB, 0xFFBB, 0xFFBB,
  0xFFBB, 0xFFBB, 0xFFBB, 0xFFBB, 0xFFBB, 0xFFBB, 0xFF9B, 0xEED7, 0xEEB6, 0xEED7,
  0xEEB6, 0xFF38, 0x8BEF, 0x0005, 0xB5B6, 0xF79D, 0xF77C, 0xF79D, 0xF79D, 0xF79D,
  0xF79D, 0xF79D, 0xF79D, 0xF79D, 0xF79D, 0xF79D, 0xF79D, 0xF79D, 0xF79D, 0xF79D,
  0xF79D, 0xF79D, 0xF79D, 0xF79D, 0xF79D, 0xF79D, 0xF79D, 0xF79D, 0xF79D, 0xF79D,
  0xF79D, 0xF79D, 0xF79D, 0xF79D, 0xF79D, 0xF79D, 0xF79D, 0xF79D, 0xF79D, 0xF79D,
  0xF79D, 0xF79D, 0xF79D, 0xF79D, 0xF79D, 0xF79D, 0xF79D, 0xF79D, 0xF79D, 0xF79D,
  0x2969, 0x296A, 0xFFDE, 0xFFDC, 0xFFBB, 0xFFFD, 0x5A8C, 0x3B4F, 0xC73C, 0xDF1B,
  0xE75C, 0xE73C, 0xE75C, 0xDF3C, 0xDF3C, 0xDF3C, 0xEFBD, 0xC679, 0x8493, 0x7C32,
  0xB5F7, 0xE75C, 0xE73C, 0xE75C, 0xE75C, 0xE73C, 0xE75C, 0xE73C, 0xDF3C, 0xE73C,
  0xE75C, 0xE75C, 0xE75C, 0xE75C, 0xE75C, 0xE75C, 0xE73C, 0xE75C, 0xE75C, 0xDF3C,
  0xE75C, 0xDF3C, 0xE75C, 0xE75C, 0xE75C, 0xE75C, 0xE75C, 0xE75C, 0xE75C, 0xDF3C,
  0xE77C, 0xE77D, 0xE75C, 0xDF3C, 0xE73C, 0xE75C, 0xE75C, 0xE75C, 0xE75C, 0xE75C,
  0xE75C, 0xE75C, 0xE75C, 0xE75C, 0xBEBA, 0xB6FA, 0x1948, 0xAD14, 0xFFFD, 0xFFBB,
  0xFFBB, 0xFFBB, 0xFFBB, 0xFFBB, 0xFFBB, 0xFFBB, 0xFFBB, 0xFFBB, 0xFFBB, 0xFFBB,
  0xFFBB, 0xFFBB, 0xFFBB, 0xFF9B, 0xFFDB, 0xFF59, 0xFF58, 0xFF58, 0xFF58, 0xFF78,
  0xEED6, 0x18C8, 0x52AE, 0xF79D, 0xF79D, 0xF79D, 0xF79D, 0xF79D, 0xF79D, 0xF79D,
  0xF79D, 0xF79D, 0xF79D, 0xF79D, 0xF79D, 0xF79D, 0xF79D, 0xF79D, 0xF79D, 0xF79D,
  0xF79D, 0xF79D, 0xF79D, 0xF79D, 0xF79D, 0xF79D, 0xF79D, 0xF79D, 0xF79D, 0xF79D,
  0xF79D, 0xF79D, 0xF79D, 0xF79D, 0xF79D, 0xF79D, 0xF79D, 0xF79D, 0xF79D, 0xF79D,
  0xF79D, 0xF79D, 0xF79D, 0xF79D, 0xF79D, 0xF79D, 0xF79D, 0x9CD4, 0x0004, 0x8431,
  0xFFFE, 0xFF9A, 0xFFFC, 0xCE37, 0x1127, 0x8E38, 0xCF1B, 0xE75C, 0xE75C, 0xE75C,
  0xE75C, 0xE75C, 0xDF3C, 0xEF9D, 0x73B0, 0x0846, 0x1088, 0x10A8, 0x18E8, 0xC699,
  0xE77C, 0xDF3C, 0xDF3C, 0xE73C, 0xE73C, 0xE73C, 0xDF3C, 0xDF3C, 0xE75C, 0xE75C,
  0xE75C, 0xE75C, 0xE73C, 0xE75C, 0xE75C, 0xE73C, 0xE73C, 0xDF3C, 0xE75C, 0xE75C,
  0xE75C, 0xE75C, 0xE75C, 0xE75C, 0xE75C, 0xE75C, 0xE73C, 0xEF9D, 0xD6DA, 0xC679,
  0xD6FB, 0xEFBD, 0xE75C, 0xDF3C, 0xE75C, 0xE75C, 0xE75C, 0xE75C, 0xE75C, 0xE75C,
  0xE75C, 0xE75C, 0xD71B, 0xBEFB, 0x74F4, 0x31AA, 0xFF9C, 0xFFDB, 0xFFBB, 0xFFBB,
  0xFFBB, 0xFFBB, 0xFFBB, 0xFFBB, 0xFFBB, 0xFFBB, 0xFFBB, 0xFFBB, 0xFFBC, 0xFFBB,
  0xFFDB, 0xFFFC, 0xEF18, 0x9C70, 0x62ED, 0x524B, 0x524A, 0x6B2D, 0xC593, 0x62CD,
  0x0868, 0xE71B, 0xF79D, 0xF79D, 0xF79D, 0xF79D, 0xF79D, 0xF79D, 0xF79D, 0xF79D,
  0xF79D, 0xF79D, 0xF79D, 0xF79D, 0xF79D, 0xF79D, 0xF79D, 0xF79D, 0xF79D, 0xF79D,
  0xF79D, 0xF79D, 0xF79D, 0xF79D, 0xF79D, 0xF79D, 0xF79D, 0xF79D, 0xF79D, 0xF79D,
  0xF79D, 0xF79D, 0xF79D, 0xF79D, 0xF79D, 0xF79D, 0xF79D, 0xF79D, 0xF79D, 0xF79D,
  0xF79D, 0xF79D, 0xF79C, 0xF79D, 0x73B1, 0x0847, 0x0866, 0xD678, 0xFFFC, 0xFF9B,
  0xFFFD, 0x630E, 0x4B70, 0xC73C, 0xDF3B, 0xE75C, 0xE73C, 0xE75C, 0xE75C, 0xDF3B,
  0xEFBD, 0x73F1, 0x10A7, 0x8452, 0xCEDA, 0xDF1B, 0xC679, 0xDF1B, 0xE75C, 0xDF3C,
  0xDF3C, 0xDF3C, 0xE73C, 0xDF3C, 0xDF3C, 0xE75C, 0xE75C, 0xE75C, 0xE75C, 0xE75C,
  0xE73C, 0xE75C, 0xE75C, 0xE75C, 0xDF3C, 0xE73C, 0xE75C, 0xE73C, 0xE75C, 0xE75C,
  0xE75C, 0xE75C, 0xE73C, 0xDF3C, 0xEFBD, 0x8CB4, 0x10C8, 0x1086, 0x0886, 0x634F,
  0xDF1B, 0xE77D, 0xE73C, 0xE75C, 0xE75C, 0xE75C, 0xE75C, 0xE75C, 0xE75C, 0xE75C,
  0xE75C, 0xC6DA, 0xC73B, 0x29EB, 0xA4F4, 0xFFFD, 0xFFBB, 0xFFBB, 0xFFBB, 0xFFBB,
  0xFFBB, 0xFFBB, 0xFFBB, 0xFFBB, 0xFFBB, 0xFFBB, 0xFFBB, 0xFFFD, 0xF79C, 0x736F,
  0x1066, 0x10A6, 0x420B, 0x5B0E, 0x52CD, 0x31AA, 0x1066, 0x1066, 0x0827, 0xA515,
  0xF79D, 0xF77C, 0xF79D, 0xF79D, 0xF79D, 0xF79D, 0xF79D, 0xF79D, 0xF79D, 0xF79D,
  0xF79D, 0xF79D, 0xF79D, 0xF79D, 0xF79D, 0xF79D, 0xF79D, 0xF79D, 0xF79D, 0xF79D,
  0xF79D, 0xF79D, 0xF79D, 0xF79D, 0xF79D, 0xF79D, 0xF79D, 0xF79D, 0xF79D, 0xF79D,
  0xF79D, 0xF79D, 0xF79D, 0xF79D, 0xF79D, 0xF79D, 0xF79D, 0xF79D, 0xF79D, 0xF79D,
  0xF79D, 0x7BD1, 0x0887, 0x0866, 0x39CA, 0xFFDD, 0xFFBB, 0xFFFC, 0xE6F9, 0x1947,
  0x8DD7, 0xD73C, 0xE75C, 0xDF3C, 0xE75C, 0xE75C, 0xE75C, 0xDF3C, 0xE77D, 0xA575,
  0xBE58, 0xF7BE, 0xE75C, 0xE75C, 0xE77C, 0xE75C, 0xDF3C, 0xDF3C, 0xE73C, 0xE73C,
  0xE75C, 0xE73C, 0xDF3C, 0xE73C, 0xE75C, 0xE75C, 0xE75C, 0xE75C, 0xE75C, 0xE75C,
  0xE75C, 0xE73C, 0xE75C, 0xE73C, 0xE75C, 0xE75C, 0xE75C, 0xE73C, 0xE75C, 0xE75C,
  0xE75C, 0xDF3C, 0xEF7D, 0xB5D7, 0x94F4, 0x9D14, 0x6370, 0x0867, 0x2149, 0xCEDA,
  0xE75C, 0xE75C, 0xE75C, 0xE73C, 0xE75C, 0xE75C, 0xE75C, 0xE75C, 0xE75C, 0xD71B,
  0xCF3C, 0x6C72, 0x4A4B, 0xFFFD, 0xFFBB, 0xFFBB, 0xFFBB, 0xFFBB, 0xFFBB, 0xFFBB,
  0xFFBB, 0xFFBB, 0xFFBB, 0xFF9B, 0xFFFC, 0xCE77, 0x2948, 0x294A, 0xA535, 0xDF3B,
  0xE79C, 0xE79D, 0xE79D, 0xE77C, 0xBE38, 0x634F, 0x0868, 0x39AB, 0xEF3B, 0xF79D,
  0xF79D, 0xF79D, 0xF79D, 0xF79D, 0xF79D, 0xF79D, 0xF79D, 0xF79D, 0xF79D, 0xF79D,
  0xF79D, 0xF79D, 0xF79D, 0xF79D, 0xF79D, 0xF79D, 0xF79D, 0xF79D, 0xF79D, 0xF79D,
  0xF79D, 0xF79D, 0xF79D, 0xF79D, 0xF79D, 0xF79D, 0xF79D, 0xF79D, 0xF79D, 0xF79D,
  0xF79D, 0xF79D, 0xF79D, 0xF79D, 0xF79D, 0xF79D, 0xF79D, 0xF79D, 0xAD76, 0x0047,
  0x638F, 0x10E8, 0x7BD1, 0xFFFD, 0xF79A, 0xFFFD, 0x9CB3, 0x220B, 0xB71B, 0xDF3C,
  0xE75C, 0xE75C, 0xE75C, 0xE73C, 0xE75C, 0xDF3C, 0xDF3C, 0xEF9D, 0xEF7D, 0xDF1B,
  0xDF3C, 0xDF3C, 0xDF3C, 0xE73C, 0xDF3C, 0xDF3C, 0xE73C, 0xDF3C, 0xE75C, 0xE75C,
  0xE75C, 0xE73C, 0xE75C, 0xE75C, 0xE75C, 0xE73C, 0xE75C, 0xE75C, 0xE75C, 0xE75C,
  0xE75C, 0xE73C, 0xE75C, 0xE75C, 0xE73C, 0xE73C, 0xE73C, 0xE73C, 0xDF3C, 0xE75C,
  0xDF3C, 0xEF9D, 0xEFBD, 0xEFBD, 0xF7BE, 0xC6BA, 0x2149, 0x73D1, 0xF7BE, 0xDF3C,
  0xE75C, 0xE75C, 0xE73C, 0xE75C, 0xE75C, 0xE75C, 0xE75C, 0xE75C, 0xC6DA, 0xAE79,
  0x2189, 0xDE99, 0xFFFC, 0xFFBB, 0xFFBB, 0xFFBB, 0xFFBB, 0xFFBB, 0xFFBB, 0xFFBB,
  0xFFBB, 0xFFFD, 0xC617, 0x0845, 0x5AED, 0xEF9D, 0xE7BD, 0xCF1B, 0xC6DA, 0xC6DA,
  0xC6DA, 0xC6DA, 0xCF1B, 0xDF9D, 0x9D55, 0x0866, 0x39EB, 0xEF7C, 0xF79D, 0xF79D,
  0xF79D, 0xF79D, 0xF79D, 0xF79D, 0xF79D, 0xF79D, 0xF79D, 0xF79D, 0xF79D, 0xF79D,
  0xF79D, 0xF79D, 0xF79D, 0xF79D, 0xF79D, 0xF79D, 0xF79D, 0xF79D, 0xF79D, 0xF79D,
  0xF79D, 0xF79D, 0xF79D, 0xF79D, 0xF79D, 0xF79D, 0xF79D, 0xF79D, 0xF79D, 0xF79D,
  0xF79D, 0xF79D, 0xF79D, 0xF79D, 0xF79D, 0xEF5C, 0x18C7, 0x3A4B, 0xA617, 0x0026,
  0xC618, 0xFFFD, 0xFF9A, 0xFFFC, 0x528D, 0x6432, 0xD75C, 0xE73C, 0xE75C, 0xE75C,
  0xE75C, 0xDF3C, 0xDF3C, 0xDF3C, 0xDF3C, 0xDF3C, 0xDF3C, 0xDF3C, 0xDF3C, 0xDF3C,
  0xDF3C, 0xDF3C, 0xDF3C, 0xE73C, 0xE75C, 0xE75C, 0xE73C, 0xE73C, 0xE75C, 0xE75C,
  0xE75C, 0xE75C, 0xE75C, 0xE75C, 0xE75C, 0xE75C, 0xE75C, 0xE75C, 0xE75C, 0xE75C,
  0xE73C, 0xE73C, 0xE73C, 0xE73C, 0xDF3C, 0xE73C, 0xDF3C, 0xE73C, 0xE75C, 0xDF3C,
  0xDF3C, 0xDF3B, 0xDF1B, 0xEF9D, 0xD6FB, 0xCEBA, 0xE77C, 0xE73C, 0xE75C, 0xE75C,
  0xE75C, 0xE75C, 0xE75C, 0xE75C, 0xE75C, 0xE75C, 0xCEDB, 0xC73B, 0x42CD, 0x9C72,
  0xFFFD, 0xFFBB, 0xFFBB, 0xFFBB, 0xFFBB, 0xFFBB, 0xFFBC, 0xFFBB, 0xFFDC, 0xDED9,
  0x10A8, 0x7390, 0xFFBD, 0xCF1B, 0xBEDA, 0xCEFB, 0xCEFB, 0xC6FB, 0xC6FB, 0xCEFB,
  0xCEFB, 0xCEDB, 0xDF7C, 0x9D96, 0x0868, 0x5AEF, 0xF79D, 0xF79D, 0xF79D, 0xF79D,
  0xF79D, 0xF79D, 0xF79D, 0xF79D, 0xF79D, 0xF79D, 0xF79D, 0xF79D, 0xF79D, 0xF79D,
  0xF79D, 0xF79D, 0xF79D, 0xF79D, 0xF79D, 0xF79D, 0xF79D, 0xF79D, 0xF79D, 0xF79D,
  0xF79D, 0xF79D, 0xF79D, 0xF79D, 0xF79D, 0xF79D, 0xF79D, 0xF79D, 0xF79D, 0xF79D,
  0xF79D, 0xF77C, 0xF79D, 0x8432, 0x0866, 0xD6D9, 0x7431, 0x18E8, 0xF79C, 0xFFDC,
  0xFFDC, 0xEF39, 0x2169, 0x95F7, 0xDF5C, 0xE75C, 0xE75C, 0xE75C, 0xE75C, 0xDF3C,
  0xDF3C, 0xDF3C, 0xDF3C, 0xDF3C, 0xDF3C, 0xDF3C, 0xDF3C, 0xDF3C, 0xDF3C, 0xE75C,
  0xE75C, 0xDF3C, 0xDF3C, 0xE75C, 0xE75C, 0xE75C, 0xE75C, 0xDF3C, 0xE75C, 0xE75C,
  0xE75C, 0xE75C, 0xE73C, 0xE75C, 0xE75C, 0xE75C, 0xE75C, 0xE75C, 0xE75C, 0xDF3C,
  0xDF3C, 0xDF3C, 0xDF3C, 0xDF3C, 0xE75C, 0xE75C, 0xDF3C, 0xDF3C, 0xDF3C, 0xDF3C,
  0xE73C, 0xDF3C, 0xE75C, 0xE77C, 0xDF3C, 0xE75C, 0xE75C, 0xE73C, 0xE75C, 0xE75C,
  0xE75C, 0xE75C, 0xE75C, 0xE75C, 0xD71B, 0xC71B, 0x6C72, 0x5AAC, 0xFFFD, 0xFFBB,
  0xFFBC, 0xFFBB, 0xFFBB, 0xFFBB, 0xFFBC, 0xFFBC, 0xFFDC, 0x39A9, 0x4A6C, 0xFFBD,
  0xEF7C, 0xEF5C, 0xCF1B, 0xC6FB, 0xC6FB, 0xC6FB, 0xCEFB, 0xBEDA, 0xA679, 0xA679,
  0xAE79, 0xD77C, 0x8493, 0x0848, 0xAD56, 0xF79D, 0xF79D, 0xF79D, 0xF79D, 0xF79D,
  0xF79D, 0xF79D, 0xF79D, 0xF79D, 0xF79D, 0xF79D, 0xF79D, 0xF79D, 0xF79D, 0xF79D,
  0xF79D, 0xF79D, 0xF79D, 0xF79D, 0xF79D, 0xF79D, 0xF79D, 0xF79D, 0xF79D, 0xF79D,
  0xF79D, 0xF79D, 0xF79D, 0xF79D, 0xF79D, 0xF79D, 0xF79D, 0xF79D, 0xF79D, 0xF79D,
  0xF79C, 0x18E8, 0x4A6C, 0xFFBD, 0x320A, 0x4A2B, 0xFFFD, 0xFF9B, 0xFFFD, 0xBDB6,
  0x1989, 0xB6DA, 0xE75C, 0xE75C, 0xE75C, 0xDF3C, 0xDF3C, 0xE75C, 0xE73C, 0xE73C,
  0xDF3C, 0xDF3C, 0xDF3C, 0xE77C, 0xEF9D, 0xE75C, 0xDF3C, 0xDF3C, 0xE73C, 0xDF3C,
  0xDF3C, 0xE75C, 0xE75C, 0xE75C, 0xDF3C, 0xE75C, 0xE75C, 0xE75C, 0xE75C, 0xE75C,
  0xE75C, 0xE75C, 0xE75C, 0xE75C, 0xE75C, 0xE75C, 0xE75C, 0xE75C, 0xE75C, 0xE75C,
  0xDF3C, 0xE75C, 0xDF3C, 0xE75C, 0xDF3C, 0xDF3C, 0xDF3C, 0xDF3C, 0xE73C, 0xE75C,
  0xDF3C, 0xDF3C, 0xE75C, 0xE75C, 0xE73C, 0xE75C, 0xE75C, 0xE73C, 0xE75C, 0xE75C,
  0xE75C, 0xE75C, 0xDF3C, 0xBEFB, 0x95D7, 0x31CA, 0xF79B, 0xFFDC, 0xFFBB, 0xFFBB,
  0xFFBB, 0xFFBB, 0xFF9B, 0xFFFE, 0x9493, 0x10A7, 0xE75C, 0xF79D, 0xF77C, 0xF79D,
  0xCF1B, 0xC6FB, 0xCEFB, 0xC6FB, 0x9658, 0x7616, 0x6636, 0x6E57, 0x6E57, 0x7E17,
  0xA6B9, 0x29CA, 0x2108, 0xF79C, 0xF79D, 0xF79D, 0xF79D, 0xF79D, 0xF79D, 0xF79D,
  0xF79D, 0xF79D, 0xF79D, 0xF79D, 0xF79D, 0xF79D, 0xF79D, 0xF79D, 0xF79D, 0xF79D,
  0xF79D, 0xF79D, 0xF79D, 0xF79D, 0xF79D, 0xF79D, 0xF79D, 0xF79D, 0xF79D, 0xF79D,
  0xF79D, 0xF79D, 0xF79D, 0xF79D, 0xF79D, 0xF79D, 0xF77C, 0xF79D, 0xB596, 0x0887,
  0xADB6, 0xEFBD, 0x10E8, 0x7BB0, 0xFFFC, 0xF77A, 0xFFFD, 0x8C11, 0x3AAD, 0xCF5C,
  0xDF3C, 0xDF3C, 0xE73C, 0xDF3C, 0xDF3C, 0xDF3C, 0xDF3C, 0xE75C, 0xDF3C, 0xE77C,
  0xEF9D, 0xC699, 0xBE38, 0xD6FA, 0xEFBD, 0xDF3C, 0xDF3C, 0xE73C, 0xE75C, 0xDF3C,
  0xE75C, 0xE75C, 0xE73C, 0xE75C, 0xE75C, 0xE75C, 0xE75C, 0xE75C, 0xE75C, 0xE75C,
  0xE75C, 0xE73C, 0xE75C, 0xE75C, 0xE75C, 0xE75C, 0xE75C, 0xDF3C, 0xDF3C, 0xDF3C,
  0xDF3C, 0xDF3C, 0xDF3C, 0xDF3C, 0xDF1C, 0xDF1C, 0xDF3C, 0xE75C, 0xE75C, 0xE75C,
  0xE75C, 0xE75C, 0xE75C, 0xE75C, 0xE73C, 0xE73C, 0xE75C, 0xE75C, 0xE73C, 0xDF3C,
  0xE75C, 0xC6DA, 0xAEBA, 0x29CA, 0xDE99, 0xFFFC, 0xFFBB, 0xFFBB, 0xFFBB, 0xFFBB,
  0xFFDC, 0xF77B, 0x2109, 0x8CB3, 0xFFBD, 0xEF5C, 0xF79D, 0xE75C, 0xC6FB, 0xCEFB,
  0xC6DA, 0x75D6, 0x6E57, 0x54D3, 0x3AED, 0x2A8C, 0x3B0D, 0x54D2, 0x6636, 0x5C92,
  0x0847, 0xAD76, 0xF79D, 0xF79D, 0xF79D, 0xF79D, 0xF79D, 0xF79D, 0xF79D, 0xF79D,
  0xF79D, 0xF79D, 0xF79D, 0xF79D, 0xF79D, 0xF79D, 0xF79D, 0xF79D, 0xF79D, 0xF79D,
  0xF79D, 0xF79D, 0xF79D, 0xF79D, 0xF79D, 0xF79D, 0xF79D, 0xF79D, 0xF79D, 0xF79D,
  0xF79D, 0xF79D, 0xF79D, 0xF79D, 0xF77C, 0xF79D, 0x6B30, 0x1908, 0xD73B, 0xBE79,
  0x0067, 0xAD35, 0xFFFD, 0xF79B, 0xFFFC, 0x5AAD, 0x6432, 0xD77C, 0xDF3C, 0xDF3C,
  0xDF3C, 0xDF3C, 0xDF3C, 0xDF3C, 0xDF3C, 0xDF3C, 0xEF7D, 0xCEBA, 0x4AAD, 0x0046,
  0x0005, 0x10C8, 0x6BD1, 0xE75C, 0xE75C, 0xDF3C, 0xDF3C, 0xDF3C, 0xDF3C, 0xE75C,
  0xE75C, 0xE73C, 0xE75C, 0xE75C, 0xE75C, 0xE75C, 0xE75C, 0xE73C, 0xDF3C, 0xE75C,
  0xE75C, 0xE75C, 0xE75C, 0xE75C, 0xE75C, 0xDF5C, 0xE73C, 0xDF3C, 0xDF5C, 0xDF3C,
  0xE73C, 0xEF9D, 0xEFBD, 0xEFBD, 0xEF9D, 0xDF3C, 0xDF3C, 0xE75C, 0xDF3C, 0xE73C,
  0xE75C, 0xE75C, 0xE73C, 0xE75C, 0xE73C, 0xE75C, 0xDF3C, 0xE75C, 0xE75C, 0xC6DA,
  0xBF1B, 0x3A4C, 0xBDB6, 0xFFFD, 0xFFBB, 0xFFBB, 0xFFBC, 0xFF9B, 0xFFFD, 0x9492,
  0x18E7, 0xEF7C, 0xEF7D, 0xFF9D, 0xEF7C, 0xC6FB, 0xC6FB, 0xCF1B, 0x8617, 0x5DF5,
  0x2A6B, 0x1128, 0x3B2F, 0x3B8F, 0x2A8B, 0x1107, 0x330D, 0x6E36, 0x218B, 0x526E,
  0xF79D, 0xF79D, 0xF79D, 0xF79D, 0xF79D, 0xF79D, 0xF79D, 0xF79D, 0xF79D, 0xF79D,
  0xF79D, 0xF79D, 0xF79D, 0xF79D, 0xF79D, 0xF79D, 0xF79D, 0xF79D, 0xF79D, 0xF79D,
  0xF79D, 0xF79D, 0xF79D, 0xF79D, 0xF79D, 0xF79D, 0xF79D, 0xF79D, 0xF79D, 0xF79D,
  0xF79D, 0xF79D, 0xF79D, 0xF79D, 0x296A, 0x3A4D, 0xCF7C, 0x9555, 0x0846, 0xCE59,
  0xFFFD, 0xFFBB, 0xFF9B, 0x31C9, 0x8555, 0xDF7C, 0xDF3C, 0xDF3C, 0xDF3C, 0xDF3C,
  0xDF3C, 0xDF3C, 0xDF3C, 0xE75C, 0xD6FA, 0x296A, 0x0005, 0x526D, 0x8C53, 0x296A,
  0x0005, 0x5B2F, 0xEFBD, 0xDF3C, 0xE75C, 0xE73C, 0xE75C, 0xE75C, 0xE75C, 0xE75C,
  0xE75C, 0xE73C, 0xE75C, 0xE75C, 0xE73C, 0xE75C, 0xDF3C, 0xE75C, 0xE75C, 0xE75C,
  0xE75C, 0xE75C, 0xE75C, 0xDF3C, 0xDF3C, 0xE75C, 0xDF3C, 0xEF9D, 0xDF3B, 0x9D35,
  0x73F1, 0x7C32, 0xADD7, 0xEF9D, 0xE75C, 0xDF3C, 0xE75C, 0xE75C, 0xE73C, 0xE75C,
  0xE75C, 0xE75C, 0xE75C, 0xE73C, 0xDF3C, 0xDF3C, 0xE75C, 0xCEFB, 0xBF3B, 0x42EE,
  0x9CD3, 0xFFFD, 0xFFBB, 0xFFBC, 0xFFBC, 0xFFBB, 0xFFFC, 0x420A, 0x738F, 0xE7BD,
  0xD71B, 0xE77C, 0xCF1B, 0xC6FA, 0xCF1B, 0xA679, 0x6E37, 0x2A4B, 0x220A, 0x65B5,
  0x9EB9, 0xAEDA, 0xAEDA, 0x8DF7, 0x2169, 0x3B6F, 0x3B6E, 0x1067, 0xE71B, 0xF79D,
  0xF79D, 0xF79D, 0xF79D, 0xF79D, 0xF79D, 0xF79D, 0xF79D, 0xF79D, 0xF79D, 0xF79D,
  0xF79D, 0xF79D, 0xF79D, 0xF79D, 0xF79D, 0xF79D, 0xF79D, 0xF79D, 0xF79D, 0xF79D,
  0xF79D, 0xF79D, 0xF79D, 0xF79D, 0xF79D, 0xF79D, 0xF79D, 0xF79D, 0xF79D, 0xF79D,
  0xF79D, 0xE71B, 0x0866, 0x6BD1, 0xDFBD, 0x7C93, 0x10A8, 0xEF3B, 0xFFDC, 0xFFFC,
  0xE6F9, 0x2189, 0x9E38, 0xE75C, 0xDF3C, 0xDF3C, 0xDF3C, 0xDF3C, 0xDF3C, 0xDF3C,
  0xDF3C, 0xEFBD, 0x52CD, 0x0005, 0x4A8D, 0xFFFF, 0xFFFF, 0xDEFB, 0x18C7, 0x0046,
  0xA596, 0xEF9D, 0xDF3C, 0xE75C, 0xE75C, 0xE75C, 0xE75C, 0xE75C, 0xE75C, 0xE75C,
  0xDF3C, 0xE75C, 0xE75C, 0xE75C, 0xDF3C, 0xE73C, 0xE75C, 0xE75C, 0xDF3C, 0xDF3C,
  0xDF5C, 0xDF3C, 0xDF3C, 0xDF3C, 0xE79D, 0xC659, 0x31AB, 0x0006, 0x0846, 0x0006,
  0x0868, 0x5B0E, 0xE75C, 0xE75C, 0xDF3C, 0xDF3C, 0xE75C, 0xE73C, 0xE75C, 0xE75C,
  0xE75C, 0xE73C, 0xE75C, 0xDF3C, 0xE75C, 0xCEFB, 0xBF3B, 0x536F, 0x83F1, 0xFFFD,
  0xFF9B, 0xFFDC, 0xFFBB, 0xFFFC, 0xDED9, 0x18C7, 0xBE18, 0xD75C, 0xC6FA, 0xC6FB,
  0xC6FB, 0xCEFB, 0xC6DB, 0x6E16, 0x3B6E, 0x21AA, 0x7657, 0xAEB9, 0xBEBA, 0xBEBA,
  0xBE9A, 0xC71B, 0xA638, 0x1928, 0x3B2D, 0x1087, 0xB576, 0xF79D, 0xF79D, 0xF79D,
  0xF79D, 0xF79D, 0xF79D, 0xF79D, 0xF79D, 0xF79D, 0xF79D, 0xF79D, 0xF79D, 0xF79D,
  0xF79D, 0xF79D, 0xF79D, 0xF79D, 0xF79D, 0xF79D, 0xF79D, 0xF79D, 0xF79D, 0xF79D,
  0xF79D, 0xF79D, 0xF79D, 0xF79D, 0xF79D, 0xF79D, 0xF79D, 0xF79D, 0xF79D, 0xCE59,
  0x0867, 0x84D4, 0xDFBD, 0x63D1, 0x2108, 0xF79B, 0xFFBB, 0xFFFC, 0xCE17, 0x21AA,
  0xB6DA, 0xDF3C, 0xDF3C, 0xDF3C, 0xDF3C, 0xDF5C, 0xE73C, 0xDF3C, 0xEF9D, 0xB5F7,
  0x1088, 0x0005, 0x9CD5, 0xFFFF, 0xF79E, 0xFFFF, 0x422C, 0x0005, 0x4ACE, 0xEFBD,
  0xDF3C, 0xE73C, 0xE75C, 0xE75C, 0xE75C, 0xE75C, 0xE75C, 0xE75C, 0xE73C, 0xDF3C,
  0xE75C, 0xE73C, 0xE73C, 0xE73C, 0xE75C, 0xE73C, 0xDF3C, 0xDF3C, 0xDF3C, 0xDF3C,
  0xDF3C, 0xE77C, 0xC699, 0x10E7, 0x0846, 0xA516, 0xDEDB, 0x8433, 0x0027, 0x0006,
  0x4AAD, 0xE79D, 0xDF3C, 0xE73C, 0xE75C, 0xE75C, 0xE75C, 0xE73C, 0xE75C, 0xE73C,
  0xE73C, 0xDF3C, 0xE75C, 0xD71B, 0xBF3B, 0x5BF1, 0x7370, 0xFFFD, 0xFFBB, 0xFFBB,
  0xFFBB, 0xFFFD, 0xA515, 0x2109, 0xDF5C, 0xC6FB, 0xCEFB, 0xCEFB, 0xC6FB, 0xCF1B,
  0xAE99, 0x65B5, 0x1108, 0x54F3, 0xAEB9, 0xBEBA, 0xB6BA, 0xB6BA, 0xB6BA, 0xB69A,
  0xC73B, 0x53D0, 0x21CA, 0x192B, 0x83F2, 0xF79D, 0xF79D, 0xF79D, 0xF79D, 0xF79D,
  0xF79D, 0xF79D, 0xF79D, 0xF79D, 0xF79D, 0xF79D, 0xF79D, 0xF79D, 0xF79D, 0xF79D,
  0xF79D, 0xF79D, 0xF79D, 0xF79D, 0xF79D, 0xF79D, 0xF79D, 0xF79D, 0xF79D, 0xF79D,
  0xF79D, 0xF79D, 0xF79D, 0xF79D, 0xF79D, 0xF79D, 0xF79D, 0xC5F8, 0x0867, 0x9555,
  0xD79D, 0x4AED, 0x3189, 0xFFDC, 0xFFBB, 0xFFFD, 0xB555, 0x2A0B, 0xBF1B, 0xDF3C,
  0xDF3C, 0xDF3C, 0xDF3C, 0xDF5C, 0xDF3C, 0xDF3C, 0xEFBD, 0x634F, 0x0847, 0x0006,
  0x8413, 0xFFFF, 0xFFFF, 0xFFFF, 0x296A, 0x0006, 0x2129, 0xD71B, 0xE75C, 0xE73C,
  0xE73C, 0xE75C, 0xE75C, 0xE73C, 0xE73C, 0xE75C, 0xE73C, 0xE73C, 0xE75C, 0xE75C,
  0xE75C, 0xE73C, 0xE75C, 0xDF3C, 0xE75C, 0xDF3C, 0xDF3C, 0xDF3C, 0xDF3C, 0xEF9D,
  0x4A8D, 0x0004, 0x8412, 0xFFFF, 0xFFFF, 0xFFFF, 0x420B, 0x0026, 0x0847, 0x9D35,
  0xEFBD, 0xDF3C, 0xE75C, 0xE75C, 0xE75C, 0xE75C, 0xE75C, 0xE75C, 0xE73C, 0xE73C,
  0xE75C, 0xD71B, 0xC71B, 0x6C52, 0x632F, 0xFFFE, 0xFFBB, 0xFFBB, 0xFF9B, 0xFFFD,
  0x7BB0, 0x424C, 0xE7BD, 0xC6FB, 0xCEFB, 0xC6FB, 0xC6FB, 0xCEFB, 0x8E78, 0x43B0,
  0x2A2C, 0x8678, 0xBEBA, 0xBEBA, 0xBEBA, 0xBEBA, 0xBEBA, 0xBEBA, 0xBEDA, 0x7596,
  0x1969, 0x10A9, 0x5ACE, 0xF79D, 0xF79D, 0xF79D, 0xF79D, 0xF79D, 0xF79D, 0xF79D,
  0xF79D, 0xF79D, 0xF79D, 0xF79D, 0xF79D, 0xF79D, 0xF79D, 0xF79D, 0xF79D, 0xF79D,
  0xF79D, 0xF79D, 0xF79D, 0xF79D, 0xF79D, 0xF79D, 0xF79D, 0xF79D, 0xF79D, 0xF79D,
  0xF79D, 0xF79D, 0xF79D, 0xF79D, 0xF79D, 0xBDD7, 0x0887, 0x9555, 0xD79D, 0x3A6D,
  0x4A2C, 0xFFFD, 0xFF9B, 0xFFFD, 0x9CB3, 0x326C, 0xC73B, 0xE73C, 0xDF3C, 0xDF5C,
  0xDF5C, 0xDF3C, 0xDF3C, 0xDF3C, 0xE77C, 0x39EB, 0x0027, 0x0847, 0x18C9, 0xB5B7,
  0xE73C, 0x7390, 0x0005, 0x0847, 0x0886, 0xC679, 0xE77D, 0xDF3C, 0xE73C, 0xE75C,
  0xE75C, 0xDF3C, 0xDF3C, 0xE75C, 0xE73C, 0xE75C, 0xE75C, 0xDF3C, 0xE75C, 0xDF3C,
  0xE73C, 0xE75C, 0xDF3C, 0xE75C, 0xDF3C, 0xDF3C, 0xEF9D, 0xB618, 0x0888, 0x0006,
  0xBDB8, 0xFFDF, 0xF79E, 0xFFFF, 0x632F, 0x0006, 0x0847, 0x424C, 0xEF9D, 0xDF3C,
  0xE73C, 0xE75C, 0xE75C, 0xE75C, 0xE75C, 0xE73C, 0xE75C, 0xE75C, 0xE75C, 0xDF1B,
  0xBF1B, 0x6C93, 0x630E, 0xFFFD, 0xFFBB, 0xFFBB, 0xFFBB, 0xFFFD, 0x52AD, 0x634F,
  0xDF9D, 0xC6DA, 0xCEFB, 0xC6FB, 0xCEFB, 0xCEFB, 0x7E37, 0x220A, 0x43D0, 0xA6DA,
  0xBEBA, 0xBEBA, 0xBEBA, 0xB6BA, 0xB6BA, 0xB6BA, 0xB69A, 0x7616, 0x220B, 0x0006,
  0x422D, 0xF79D, 0xF79D, 0xF79D, 0xF79D, 0xF79D, 0xF79D, 0xF79D, 0xF79D, 0xF79D,
  0xF79D, 0xF79D, 0xF79D, 0xF79D, 0xF79D, 0xF79D, 0xF79D, 0xF79D, 0xF79D, 0xF79D,
  0xF79D, 0xF79D, 0xF79D, 0xF79D, 0xF79D, 0xF79D, 0xF79D, 0xF79D, 0xF79D, 0xF79D,
  0xF79D, 0xF79D, 0xF79D, 0xC5F8, 0x1088, 0x7CF4, 0xCF7C, 0x29CB, 0x528D, 0xFFFE,
  0xF79B, 0xFFFD, 0x8C31, 0x3ACD, 0xCF5C, 0xE73C, 0xDF3C, 0xDF3C, 0xDF3C, 0xDF3C,
  0xDF3C, 0xE75C, 0xDF3B, 0x2149, 0x0027, 0x0867, 0x0026, 0x0026, 0x1086, 0x0005,
  0x0846, 0x0846, 0x0867, 0xBE18, 0xEF9D, 0xDF3C, 0xDF3C, 0xE73C, 0xE75C, 0xE75C,
  0xE75C, 0xE73C, 0xE75C, 0xDF3C, 0xDF3C, 0xE75C, 0xE75C, 0xE75C, 0xE75C, 0xE75C,
  0xDF3C, 0xDF3C, 0xE75C, 0xDF3C, 0xEFBD, 0x7411, 0x0846, 0x0005, 0x7BD1, 0xFFFF,
  0xFFFF, 0xF7BE, 0x294A, 0x0026, 0x0846, 0x18C8, 0xCEDA, 0xE77D, 0xDF3C, 0xE75C,
  0xE75C, 0xE73C, 0xE75C, 0xE73C, 0xE73C, 0xE75C, 0xE75C, 0xD71B, 0xBF1B, 0x6C93,
  0x630E, 0xFFFD, 0xFFBB, 0xFFBC, 0xFFBB, 0xFFFD, 0x39CA, 0x73F1, 0xD79D, 0xC6DA,
  0xC6FB, 0xC6FB, 0xCEFB, 0xC6FA, 0x6DD5, 0x1989, 0x5CF3, 0xB6DA, 0xBEBA, 0xBEBA,
  0xB6BA, 0xB6BA, 0xB6BA, 0xBEBA, 0xB69A, 0x7616, 0x330E, 0x0006, 0x31CC, 0xF79D,
  0xF79D, 0xF79D, 0xF79D, 0xF79D, 0xF79D, 0xF79D, 0xF79D, 0xF79D, 0xF79D, 0xF79D,
  0xF79D, 0xF79D, 0xF79D, 0xF79D, 0xF79D, 0xF79D, 0xF79D, 0xF79D, 0xF79D, 0xF79D,
  0xF79D, 0xF79D, 0xF79D, 0xF79D, 0xF79D, 0xF79D, 0xF79D, 0xF79D, 0xF79D, 0xF79D,
  0xF79D, 0xCE38, 0x0867, 0x5C72, 0x8678, 0x1969, 0x62CD, 0xFFFD, 0xF79A, 0xFFFD,
  0x83F0, 0x3B0E, 0xCF7C, 0xE75C, 0xDF3C, 0xDF3C, 0xDF3C, 0xE73C, 0xDF3C, 0xE75C,
  0xD6FB, 0x1908, 0x0027, 0x0847, 0x0847, 0x0847, 0x0047, 0x0867, 0x0847, 0x0847,
  0x1087, 0xBE18, 0xEF9D, 0xDF3C, 0xE75C, 0xDF5C, 0xE75C, 0xE75C, 0xE75C, 0xE73C,
  0xDF3C, 0xDF3C, 0xDF3C, 0xDF3C, 0xDF5C, 0xE75C, 0xE75C, 0xDF3C, 0xDF3C, 0xDF3C,
  0xDF3C, 0xDF3C, 0xEFBD, 0x4AAD, 0x0026, 0x0866, 0x0867, 0x7BF2, 0xAD76, 0x4A4C,
  0x0006, 0x0867, 0x0846, 0x0866, 0xB5F7, 0xEF9D, 0xDF3C, 0xE75C, 0xE75C, 0xE73C,
  0xE73C, 0xE73C, 0xE75C, 0xE75C, 0xE75C, 0xD71B, 0xC73B, 0x7493, 0x630E, 0xFFFD,
  0xFFBB, 0xFFBB, 0xFFBB, 0xFFDC, 0x3189, 0x8C93, 0xD77C, 0xC6DA, 0xC6FB, 0xC6FB,
  0xCF1B, 0xBEFA, 0x5D54, 0x1969, 0x6D95, 0xBEDA, 0xBEBA, 0xBEBA, 0xBEBA, 0xBEBA,
  0xB6BA, 0xBEDA, 0xA679, 0x6E16, 0x3B4E, 0x0005, 0x29AA, 0xF79D, 0xF79D, 0xF79D,
  0xF79D, 0xF79D, 0xF79D, 0xF79D, 0xF79D, 0xF79D, 0xF79D, 0xF79D, 0xF79D, 0xF79D,
  0xF79D, 0xF79D, 0xF79D, 0xF79D, 0xF79D, 0xF79D, 0xF79D, 0xF79D, 0xF79D, 0xF79D,
  0xF79D, 0xF79D, 0xF79D, 0xF79D, 0xF79D, 0xF79D, 0xF79D, 0xF79D, 0xF79D, 0xDEDA,
  0x0846, 0x43D0, 0x6E56, 0x1129, 0x6B2F, 0xFFFE, 0xF79B, 0xFFFD, 0x83D0, 0x432E,
  0xD77C, 0xE73C, 0xDF3C, 0xDF3C, 0xDF3C, 0xE75C, 0xDF3C, 0xE73C, 0xD71B, 0x2149,
  0x0027, 0x0867, 0x0847, 0x0847, 0x0867, 0x0847, 0x0847, 0x0826, 0x10A7, 0xCEB9,
  0xE77D, 0xDF3C, 0xE75C, 0xE75C, 0xDF3C, 0xE75C, 0xE75C, 0xDF3C, 0xE75C, 0xDF5C,
  0xE75C, 0xDF3C, 0xE73C, 0xE75C, 0xE75C, 0xE75C, 0xE75C, 0xDF3C, 0xDF3C, 0xDF3C,
  0xE79D, 0x3A0C, 0x0027, 0x0867, 0x0847, 0x0005, 0x0004, 0x0005, 0x0847, 0x0847,
  0x0867, 0x0867, 0xA5B6, 0xEFBD, 0xDF3C, 0xE75C, 0xE75C, 0xE75C, 0xE75C, 0xE73C,
  0xE75C, 0xE75C, 0xE75C, 0xD71B, 0xC73B, 0x6C32, 0x6B2F, 0xFFFD, 0xFF9B, 0xFFBB,
  0xFFDB, 0xFFDD, 0x318A, 0x8CB4, 0xDF7C, 0xC6DA, 0xC6FB, 0xC6FB, 0xCEFB, 0xB6DA,
  0x5D13, 0x1989, 0x75D6, 0xBEDA, 0xB6BA, 0xB6BA, 0xBEBA, 0xBEBA, 0xB6BA, 0xBEDA,
  0x85F7, 0x6E16, 0x436F, 0x0006, 0x31AB, 0xF79D, 0xF79D, 0xF79D, 0xF79D, 0xF79D,
  0xF79D, 0xF79D, 0xF79D, 0xF79D, 0xF79D, 0xF79D, 0xF79D, 0xF79D, 0xF79D, 0xF79D,
  0xF79D, 0xF79D, 0xF79D, 0xF79D, 0xF79D, 0xF79D, 0xF79D, 0xF79D, 0xF79D, 0xF79D,
  0xF79D, 0xF79D, 0xF79D, 0xF79D, 0xF79D, 0xF79D, 0xF79D, 0xF79C, 0x20E9, 0x32CD,
  0x6E56, 0x0909, 0x6B4F, 0xFFFD, 0xF77A, 0xFFFD, 0x83D0, 0x432E, 0xD77C, 0xE73C,
  0xDF3C, 0xDF3C, 0xE73C, 0xDF3C, 0xDF3C, 0xDF3C, 0xE77C, 0x3A2C, 0x0027, 0x0867,
  0x0847, 0x0847, 0x0847, 0x0846, 0x0867, 0x0026, 0x2989, 0xDF7C, 0xE75C, 0xDF3C,
  0xDF3C, 0xDF3C, 0xDF3C, 0xE75C, 0xDF3C, 0xE75C, 0xE75C, 0xDF3C, 0xDF3C, 0xDF3C,
  0xDF3C, 0xE73C, 0xE73C, 0xE73C, 0xDF3C, 0xDF3C, 0xDF3C, 0xDF3C, 0xEF9D, 0x3A0B,
  0x0027, 0x0867, 0x0846, 0x0867, 0x0867, 0x0867, 0x0847, 0x0847, 0x0847, 0x0887,
  0xADF7, 0xEF9D, 0xDF3C, 0xE75C, 0xE75C, 0xE73C, 0xE75C, 0xE73C, 0xE75C, 0xE75C,
  0xE75C, 0xD6FB, 0xBF3B, 0x5BB0, 0x7BB0, 0xFFFD, 0xFFBB, 0xFFBB, 0xFFBB, 0xFFDC,
  0x31AA, 0x8473, 0xD77C, 0xC6DA, 0xC6FB, 0xC6FB, 0xCEFB, 0xB6DA, 0x5D13, 0x198A,
  0x75D6, 0xBEBA, 0xB6BA, 0xB6BA, 0xBEBA, 0xBEBA, 0xBEBA, 0xAE99, 0x6595, 0x6DF6,
  0x3B0E, 0x0006, 0x4A4C, 0xF79D, 0xF79D, 0xF79D, 0xF79D, 0xF79D, 0xF79D, 0xF79D,
  0xF79D, 0xF79D, 0xF79D, 0xF79D, 0xF79D, 0xF79D, 0xF79D, 0xF79D, 0xF79D, 0xF79D,
  0xF79D, 0xF79D, 0xF79D, 0xF79D, 0xF79D, 0xF79D, 0xF79D, 0xF79D, 0xF79D, 0xF79D,
  0xF79D, 0xF79D, 0xF79D, 0xF79D, 0xF79D, 0xF79D, 0x4A6C, 0x1969, 0x65F6, 0x0909,
  0x6B2E, 0xFFFC, 0xF79A, 0xFFFD, 0x8C11, 0x3B0E, 0xCF5C, 0xDF3C, 0xE75C, 0xE75C,
  0xDF7D, 0xDF5C, 0xDF5C, 0xDF5C, 0xEFBE, 0x7C12, 0x0027, 0x0867, 0x0847, 0x0847,
  0x0847, 0x0847, 0x0887, 0x0027, 0x6BD1, 0xEFBD, 0xDF3C, 0xDF3C, 0xE75C, 0xDF3C,
  0xE73C, 0xE75C, 0xDF3C, 0xE75C, 0xE75C, 0xE73C, 0xDF3C, 0xE73C, 0xDF3C, 0xE73C,
  0xE75C, 0xDF3C, 0xDF3C, 0xDF3C, 0xE75C, 0xDF3C, 0xEFBD, 0x4A8D, 0x0026, 0x0867,
  0x0847, 0x0847, 0x0847, 0x0847, 0x0847, 0x0847, 0x0026, 0x10A7, 0xBE99, 0xE77D,
  0xDF3C, 0xE75C, 0xE75C, 0xE75C, 0xE75C, 0xE73C, 0xE73C, 0xE75C, 0xE75C, 0xCEFB,
  0xC73B, 0x534F, 0x8C52, 0xFFFD, 0xFF9B, 0xFFBB, 0xFFBB, 0xFFFC, 0x420B, 0x6BD1,
  0xDF9C, 0xC6DA, 0xCEFB, 0xC6FB, 0xCEFB, 0xB6DA, 0x5D54, 0x198A, 0x6D75, 0xBEDA,
  0xB6BA, 0xB6BA, 0xBEBA, 0xBEBA, 0xBEDA, 0x85F7, 0x5DB5, 0x6DF5, 0x2A4C, 0x0007,
  0x6B4F, 0xF79D, 0xF79D, 0xF79D, 0xF79D, 0xF79D, 0xF79D, 0xF79D, 0xF79D, 0xF79D,
  0xF79D, 0xF79D, 0xF79D, 0xF79D, 0xF79D, 0xF79D, 0xF79D, 0xF79D, 0xF79D, 0xF79D,
  0xF79D, 0xF79D, 0xF79D, 0xF79D, 0xF79D, 0xF79D, 0xF79D, 0xF79D, 0xF79D, 0xF79D,
  0xF79D, 0xF79D, 0xF77C, 0xF79D, 0x9493, 0x0866, 0x5D34, 0x114A, 0x6B0E, 0xFFFD,
  0xF79A, 0xFFFE, 0x9473, 0x3AAD, 0xC73B, 0xDF3B, 0xDF5C, 0xE73C, 0xEE15, 0xF510,
  0xF511, 0xEDD4, 0xE6FA, 0xD71B, 0x18E8, 0x0027, 0x0867, 0x0847, 0x0867, 0x0867,
  0x0826, 0x18E8, 0xCEDA, 0xE75C, 0xDF3C, 0xDF3C, 0xDF3C, 0xDF3C, 0xDF3C, 0xDF3C,
  0xDF3C, 0xE73C, 0xDF3C, 0xDF3C, 0xDF3C, 0xDF3C, 0xDF3C, 0xDF3C, 0xDF3C, 0xE75C,
  0xDF3C, 0xDF3C, 0xDF3C, 0xDF1C, 0xEFBD, 0x73D1, 0x0027, 0x0867, 0x0847, 0x0847,
  0x0847, 0x0847, 0x0846, 0x0867, 0x0026, 0x29AA, 0xE75C, 0xE75C, 0xE75C, 0xE75C,
  0xE75C, 0xE73C, 0xE75C, 0xE75C, 0xE73C, 0xE75C, 0xE75C, 0xCEDB, 0xBF3B, 0x42CD,
  0xA4F4, 0xFFFC, 0xFF9B, 0xFFBB, 0xFFBB, 0xFFFD, 0x630E, 0x4ACE, 0xDF9D, 0xC6DB,
  0xC6FB, 0xC6FB, 0xCEFB, 0xBEDA, 0x75F6, 0x21CA, 0x5472, 0xB6DA, 0xBEBA, 0xB6BA,
  0xB6BA, 0xC6DA, 0x9E58, 0x65D5, 0x65B5, 0x5D74, 0x1108, 0x0827, 0x8C72, 0xF79D,
  0xF79D, 0xF79D, 0xF79D, 0xF79D, 0xF79D, 0xF79D, 0xF79D, 0xF79D, 0xF79D, 0xF79D,
  0xF79D, 0xF79D, 0xF79D, 0xF79D, 0xF79D, 0xF79D, 0xF79D, 0xF79D, 0xF79D, 0xF79D,
  0xF79D, 0xF79D, 0xF79D, 0xF79D, 0xF79D, 0xF79D, 0xF79D, 0xF79D, 0xF79D, 0xF79D,
  0xF79D, 0xF79D, 0xE71B, 0x1048, 0x3B0E, 0x1189, 0x62CD, 0xFFFD, 0xF79A, 0xFFFD,
  0xAD14, 0x2A2B, 0xBF1B, 0xDF3C, 0xE75C, 0xED73, 0xFCCF, 0xFC6E, 0xFC6E, 0xFC8E,
  0xFC8E, 0xEEB8, 0xA576, 0x0886, 0x0006, 0x0847, 0x0847, 0x0006, 0x0866, 0x9D55,
  0xEF9D, 0xDF1C, 0xDF3C, 0xDF3C, 0xE73C, 0xE77D, 0xE79D, 0xDF3C, 0xDF3C, 0xDF3C,
  0xDF3C, 0xDF3C, 0xDF3C, 0xDF3C, 0xDF3C, 0xE75C, 0xEF9D, 0xE75C, 0xE75C, 0xE73C,
  0xDF3C, 0xDF3C, 0xE79D, 0xB617, 0x08A7, 0x0847, 0x0847, 0x0847, 0x0847, 0x0847,
  0x0846, 0x0867, 0x0026, 0x7C32, 0xEFBD, 0xDF3C, 0xE73C, 0xE75C, 0xE75C, 0xE75C,
  0xE75C, 0xE73C, 0xE73C, 0xE75C, 0xE75C, 0xC6DA, 0xBEFB, 0x322B, 0xBDD7, 0xFFFC,
  0xFFBB, 0xFFBB, 0xFFBB, 0xFFFD, 0x8C52, 0x2169, 0xA6B9, 0xC6FB, 0xCEFB, 0xC6FB,
  0xC6FB, 0xCEFB, 0x8677, 0x32AC, 0x32ED, 0x9ED9, 0xBEBA, 0xBEBA, 0xB6BA, 0x8E38,
  0x65B5, 0x6595, 0x65F5, 0x43CF, 0x0005, 0x0867, 0xBDD7, 0xF79D, 0xF79D, 0xF79D,
  0xF79D, 0xF79D, 0xF79D, 0xF79D, 0xF79D, 0xF79D, 0xF79D, 0xF79D, 0xF79D, 0xF79D,
  0xF79D, 0xF79D, 0xF79D, 0xF79D, 0xF79D, 0xF79D, 0xF79D, 0xF79D, 0xF79D, 0xF79D,
  0xF79D, 0xF79D, 0xF79D, 0xF79D, 0xF79D, 0xF79D, 0xF79D, 0xF79D, 0xF79D, 0xF79D,
  0xF79D, 0x6B50, 0x10A8, 0x08A6, 0x62EE, 0xFFFE, 0xFF9B, 0xFFFC, 0xC5D6, 0x21A9,
  0xB6DA, 0xDF5C, 0xE6FA, 0xFC8E, 0xFC6E, 0xFC8E, 0xFC6E, 0xFC6E, 0xFC6D, 0xFC8E,
  0xEF5B, 0xB5F8, 0x4A6C, 0x1908, 0x2109, 0x4A8D, 0xADF7, 0xEFBD, 0xDF3C, 0xDF3C,
  0xDF3C, 0xDF3C, 0xEFBD, 0x9D35, 0x52CD, 0xE79D, 0xDF3C, 0xDF3C, 0xDF3C, 0xDF3C,
  0xDF3C, 0xDF1B, 0xE75C, 0xD71B, 0xBE18, 0xE75C, 0xE75C, 0xDF3C, 0xDF3C, 0xDF3C,
  0xDF3C, 0xEFBD, 0x530E, 0x0006, 0x0887, 0x0867, 0x0846, 0x0846, 0x0887, 0x0006,
  0x2148, 0xD71B, 0xE77D, 0xDF5D, 0xE77D, 0xE75C, 0xE73C, 0xE75C, 0xE75C, 0xE75C,
  0xE75C, 0xE75C, 0xE75C, 0xC6FB, 0xB6B9, 0x29AA, 0xE6DA, 0xFFFC, 0xFFBB, 0xFFBB,
  0xFFBB, 0xFFFC, 0xC5F6, 0x1087, 0x7DB5, 0x8657, 0xBEBA, 0xCEFB, 0xCEFB, 0xBEDA,
  0x8637, 0x54B2, 0x1928, 0x6DD6, 0x7E16, 0x8617, 0x6DD6, 0x65D5, 0x6595, 0x65B5,
  0x6DD5, 0x21AA, 0x1108, 0x2109, 0xEF5C, 0xF79D, 0xF79D, 0xF79D, 0xF79D, 0xF79D,
  0xF79D, 0xF79D, 0xF79D, 0xF79D, 0xF79D, 0xF79D, 0xF79D, 0xF79D, 0xF79D, 0xF79D,
  0xF79D, 0xF79D, 0xF79D, 0xF79D, 0xF79D, 0xF79D, 0xF79D, 0xF79D, 0xF79D, 0xF79D,
  0xF79D, 0xF79D, 0xF79D, 0xF79D, 0xF79D, 0xF79D, 0xF79D, 0xF79D, 0xF79D, 0xDEDA,
  0x18C8, 0x0006, 0x5AEE, 0xFFFE, 0xFFBB, 0xFFFB, 0xE6F8, 0x2189, 0x9E38, 0xDF5C,
  0xE73B, 0xF4CF, 0xFC8E, 0xFC8E, 0xFC6E, 0xFC6E, 0xFC8E, 0xFC6D, 0xDE36, 0xEFBE,
  0xEF9D, 0xD6FB, 0xD6FB, 0xEF9D, 0xEF9D, 0xDF3C, 0xE73C, 0xDF3C, 0xDF3C, 0xDF3C,
  0xEF9D, 0xA576, 0x0026, 0x7C32, 0xF7BE, 0xE79D, 0xE75C, 0xE75C, 0xE75C, 0xEF9D,
  0xEFBD, 0x4A8D, 0x1928, 0xE77C, 0xDF3C, 0xDF3C, 0xE75C, 0xDF3C, 0xDF3C, 0xE75C,
  0xDF3B, 0x3A2C, 0x0006, 0x0026, 0x0026, 0x0026, 0x0006, 0x18E9, 0xBE59, 0xE79D,
  0xE6DA, 0xE6B8, 0xE6B9, 0xE71B, 0xDF7D, 0xE75C, 0xE75C, 0xE75C, 0xE75C, 0xE75C,
  0xDF3C, 0xC6FB, 0x9DD7, 0x31A9, 0xFF9B, 0xFFDB, 0xFFBB, 0xFFBB, 0xFFBB, 0xFFDB,
  0xF79B, 0x2109, 0x6411, 0x6E36, 0x65B5, 0x7DF6, 0x7DF6, 0x65B5, 0x6DB5, 0x7616,
  0x2A2C, 0x328D, 0x6E56, 0x65D6, 0x65B5, 0x6594, 0x65B5, 0x6E36, 0x2A4B, 0x324C,
  0x192A, 0x5ACE, 0xF79D, 0xF79D, 0xF79D, 0xF79D, 0xF79D, 0xF79D, 0xF79D, 0xF79D,
  0xF79D, 0xF79D, 0xF79D, 0xF79D, 0xF79D, 0xF79D, 0xF79D, 0xF79D, 0xF79D, 0xF79D,
  0xF79D, 0xF79D, 0xF79D, 0xF79D, 0xF79D, 0xF79D, 0xF79D, 0xF79D, 0xF79D, 0xF79D,
  0xF79D, 0xF79D, 0xF79D, 0xF79D, 0xF79D, 0xF79D, 0xF79D, 0xF79D, 0xA555, 0x0027,
  0x4A6C, 0xFFFC, 0xFFBB, 0xFFBB, 0xFFDC, 0x422B, 0x74D4, 0xCF3B, 0xDF5C, 0xEE98,
  0xFCEF, 0xFC8E, 0xFC4D, 0xFC6E, 0xFC6E, 0xFCCF, 0xE6DA, 0xDF5C, 0xDF3C, 0xE75C,
  0xE75C, 0xDF3C, 0xDF3C, 0xE75C, 0xDF3C, 0xDF3C, 0xE73C, 0xE73C, 0xDF3C, 0xE79D,
  0x6BB0, 0x0827, 0x52CE, 0xADD7, 0xCEDA, 0xD71B, 0xCEDA, 0xA596, 0x31CA, 0x0847,
  0x9D15, 0xE79D, 0xDF3C, 0xE75C, 0xDF3C, 0xDF3C, 0xDF3C, 0xDF3C, 0xE75C, 0xDF3B,
  0x7C32, 0x31CA, 0x1908, 0x2969, 0x636F, 0xC6BA, 0xF6D9, 0xF531, 0xFC8E, 0xFC8E,
  0xFC8E, 0xFCAE, 0xEDD4, 0xDF3C, 0xE75C, 0xE75C, 0xE73C, 0xE75C, 0xCEFB, 0xC73B,
  0x7493, 0x5ACD, 0xFFFD, 0xFFBB, 0xFFBB, 0xFFBB, 0xFFBB, 0xFFBB, 0xFFFD, 0x7B90,
  0x194A, 0x7E37, 0x65B5, 0x65D5, 0x65D5, 0x65B5, 0x65B5, 0x6DD5, 0x6D95, 0x1928,
  0x328C, 0x6595, 0x6DF6, 0x6DD6, 0x5513, 0x21C9, 0x21EA, 0x43F0, 0x0806, 0xBDF7,
  0xF79D, 0xF79D, 0xF79D, 0xF79D, 0xF79D, 0xF79D, 0xF79D, 0xF79D, 0xF79D, 0xF79D,
  0xF79D, 0xF79D, 0xF79D, 0xF79D, 0xF79D, 0xF79D, 0xF79D, 0xF79D, 0xF79D, 0xF79D,
  0xF79D, 0xF79D, 0xF79D, 0xF79D, 0xF79D, 0xF79D, 0xF79D, 0xF79D, 0xF79D, 0xF79D,
  0xF79D, 0xF79D, 0xF79D, 0xF79D, 0xF79D, 0xF79C, 0xF79D, 0x31CA, 0x39CA, 0xFFDC,
  0xFFBB, 0xFF9B, 0xFFFE, 0x7BD1, 0x42EE, 0xC73B, 0xD71B, 0xDF7D, 0xE6B9, 0xF592,
  0xFCF0, 0xFC8E, 0xF510, 0xE678, 0xDF7D, 0xDF3C, 0xDF3C, 0xDF3C, 0xDF3C, 0xE73C,
  0xE75C, 0xE75C, 0xE75C, 0xDF3C, 0xDF3C, 0xDF3C, 0xDF3C, 0xDF3C, 0xEF9D, 0x8C93,
  0x10A7, 0x0846, 0x0886, 0x10C7, 0x0886, 0x0867, 0x296A, 0xA596, 0xEFBD, 0xDF3C,
  0xDF3C, 0xDF3C, 0xDF3C, 0xDF3C, 0xDF3C, 0xDF3C, 0xDF3C, 0xE75C, 0xEFBD, 0xDF5C,
  0xD6FA, 0xD71B, 0xE7BE, 0xEE98, 0xFCAF, 0xFC6E, 0xFC6E, 0xFC6E, 0xFC6E, 0xFC6D,
  0xFC6D, 0xED52, 0xDF7C, 0xE73C, 0xE75C, 0xE75C, 0xC6DA, 0xBF3B, 0x42CE, 0x9C93,
  0xFFFD, 0xFF9B, 0xFFBB, 0xFFBB, 0xFFBB, 0xFFBB, 0xFFFC, 0xDEDA, 0x0847, 0x5431,
  0x65F6, 0x6595, 0x65B5, 0x65B5, 0x65B5, 0x6595, 0x6DD5, 0x6594, 0x2A2B, 0x1927,
  0x29E9, 0x21EA, 0x1949, 0x32CC, 0x5DB4, 0x1108, 0x39AA, 0xF79D, 0xF79D, 0xF79D,
  0xF79D, 0xF79D, 0xF79D, 0xF79D, 0xF79D, 0xF79D, 0xF79D, 0xF79D, 0xF79D, 0xF79D,
  0xF79D, 0xF79D, 0xF79D, 0xF79D, 0xF79D, 0xF79D, 0xF79D, 0xF79D, 0xF79D, 0xF79D,
  0xF79D, 0xF79D, 0xF79D, 0xF79D, 0xF79D, 0xF79D, 0xF79D, 0xF79D, 0xF79D, 0xF79D,
  0xF79D, 0xF79D, 0xF79D, 0xF79D, 0xF79D, 0x4A6B, 0x3169, 0xFFDC, 0xFFBB, 0xFFBB,
  0xFFFD, 0xCE37, 0x1969, 0xA699, 0xCEFB, 0xE75C, 0xDF7D, 0xE77D, 0xE73B, 0xE71A,
  0xDF3C, 0xDF7D, 0xE73C, 0xDF3C, 0xDF3C, 0xDF3C, 0xE75C, 0xE73C, 0xE75C, 0xE75C,
  0xDF3C, 0xDF3C, 0xDF3C, 0xDF3C, 0xDF3C, 0xDF3C, 0xDF3C, 0xEFBD, 0xDF3B, 0xA575,
  0x7C31, 0x6BB0, 0x7C31, 0xADB7, 0xE77C, 0xEFBD, 0xDF3C, 0xE73C, 0xDF3C, 0xDF3C,
  0xDF3C, 0xDF3C, 0xDF3C, 0xDF3C, 0xDF3C, 0xDF3C, 0xDF3B, 0xDF3C, 0xE75C, 0xDF3C,
  0xDF3B, 0xF4AF, 0xFC4D, 0xFC4E, 0xFC6E, 0xFC6E, 0xFC6E, 0xFC6E, 0xFC6E, 0xFC8E,
  0xE6FA, 0xE75C, 0xE75C, 0xE73C, 0xBEDA, 0xAE99, 0x2189, 0xDE99, 0xFFFD, 0xFFBB,
  0xFFBB, 0xFFBB, 0xFFBB, 0xFFBC, 0xFFBB, 0xFFFD, 0x736F, 0x0066, 0x65B5, 0x65D5,
  0x6595, 0x65B5, 0x65B5, 0x65B5, 0x65B5, 0x6DD5, 0x6DF6, 0x5D13, 0x4C10, 0x4C51,
  0x6554, 0x7697, 0x32CD, 0x0805, 0xC617, 0xF79D, 0xF79D, 0xF79D, 0xF79D, 0xF79D,
  0xF79D, 0xF79D, 0xF79D, 0xF79D, 0xF79D, 0xF79D, 0xF79D, 0xF79D, 0xF79D, 0xF79D,
  0xF79D, 0xF79D, 0xF79D, 0xF79D, 0xF79D, 0xF79D, 0xF79D, 0xF79D, 0xF79D, 0xF79D,
  0xF79D, 0xF79D, 0xF79D, 0xF79D, 0xF79D, 0xF79D, 0xF79D, 0xF79D, 0xF79D, 0xF79D,
  0xF79D, 0xF79C, 0xF79D, 0x5AEE, 0x2948, 0xFFBC, 0xFFDC, 0xFFBB, 0xFFBB, 0xFFDC,
  0x420A, 0x5C31, 0xC73C, 0xDF3B, 0xE75C, 0xE73C, 0xE75C, 0xDF5C, 0xE73C, 0xDF3C,
  0xE75C, 0xDF3C, 0xDF3C, 0xE73C, 0xE75C, 0xE75C, 0xDF3C, 0xDF3C, 0xE75C, 0xE73C,
  0xDF3C, 0xDF3C, 0xDF3C, 0xDF3C, 0xDF3C, 0xDF3C, 0xE75C, 0xEFBD, 0xEFBE, 0xEFBE,
  0xEFBE, 0xEF9D, 0xDF3C, 0xDF3C, 0xE75C, 0xDF3C, 0xE73C, 0xDF3C, 0xDF3C, 0xDF3C,
  0xDF3C, 0xE75C, 0xDF3C, 0xDF3C, 0xDF3C, 0xDF3C, 0xDF3C, 0xDF3C, 0xDF5C, 0xF4AF,
  0xFC4D, 0xFC6E, 0xFC4D, 0xFC6E, 0xFC6E, 0xFC6E, 0xFC6D, 0xFCAF, 0xE73B, 0xE75C,
  0xE75C, 0xD6FB, 0xC71B, 0x8514, 0x420A, 0xFFDD, 0xFFBB, 0xFFBB, 0xFFBB, 0xFFBB,
  0xFFBB, 0xFFBB, 0xFFBB, 0xFFBB, 0xF79A, 0x2929, 0x19CB, 0x6E16, 0x65D5, 0x6595,
  0x65B5, 0x65B5, 0x65B5, 0x65B5, 0x6595, 0x6DD5, 0x6DD6, 0x6DF6, 0x6E36, 0x438F,
  0x0007, 0x632F, 0xF79D, 0xF79D, 0xF79D, 0xF79D, 0xF79D, 0xF79D, 0xF79D, 0xF79D,
  0xF79D, 0xF79D, 0xF79D, 0xF79D, 0xF79D, 0xF79D, 0xF79D, 0xF79D, 0xF79D, 0xF79D,
  0xF79D, 0xF79D, 0xF79D, 0xF79D, 0xF79D, 0xF79D, 0xF79D, 0xF79D, 0xF79D, 0xF79D,
  0xF79D, 0xF79D, 0xF79D, 0xF79D, 0xF79D, 0xF79D, 0xF79D, 0xF79D, 0xF79D, 0xF77C,
  0xF79D, 0x6B90, 0x2109, 0xF77B, 0xFFDC, 0xFFBB, 0xFFBB, 0xFFFC, 0xBD94, 0x1927,
  0xAEB9, 0xC6FB, 0xDF3C, 0xE75C, 0xE73C, 0xE73C, 0xE75C, 0xE75C, 0xE73C, 0xDF3C,
  0xE75C, 0xDF3C, 0xDF3C, 0xE75C, 0xDF3C, 0xE73C, 0xE75C, 0xDF3C, 0xDF3C, 0xDF3C,
  0xDF3C, 0xDF3C, 0xE75C, 0xE73C, 0xDF3C, 0xDF3C, 0xDF1C, 0xDF3C, 0xDF1C, 0xDF3C,
  0xDF3C, 0xDF3C, 0xDF3C, 0xDF3C, 0xDF3C, 0xDF3C, 0xDF3C, 0xDF3C, 0xE73C, 0xDF3C,
  0xDF3C, 0xE75C, 0xDF3C, 0xDF3C, 0xDF3C, 0xDF3C, 0xDF5D, 0xE657, 0xFCCF, 0xFC8E,
  0xFC6E, 0xFC6E, 0xFC6E, 0xFC8E, 0xFCF0, 0xEE57, 0xE77D, 0xE73C, 0xE75C, 0xB6BA,
  0xCF5C, 0x3A6C, 0x9472, 0xFFFD, 0xFFBB, 0xFFBC, 0xFFDB, 0xFFBB, 0xFFBB, 0xFFDB,
  0xFFBB, 0xFFBB, 0xFFFC, 0xDEB8, 0x1887, 0x19CB, 0x6DB5, 0x6E16, 0x65B5, 0x6595,
  0x6595, 0x6595, 0x6595, 0x65B5, 0x65D5, 0x6DF5, 0x3B0E, 0x0026, 0x1067, 0x7390,
  0xF79D, 0xF77C, 0xF79D, 0xF79D, 0xF79D, 0xF79D, 0xF79D, 0xF79D, 0xF79D, 0xF79D,
  0xF79D, 0xF79D, 0xF79D, 0xF79D, 0xF79D, 0xF79D, 0xF79D, 0xF79D, 0xF79D, 0xF79D,
  0xF79D, 0xF79D, 0xF79D, 0xF79D, 0xF79D, 0xF79D, 0xF79D, 0xF79D, 0xF79D, 0xF79D,
  0xF79D, 0xF79D, 0xF79D, 0xF79D, 0xF79D, 0xF79D, 0xF79D, 0xF77C, 0xF79D, 0x8432,
  0x10A8, 0xE71A, 0xFFFC, 0xFFBB, 0xFFBB, 0xFFBB, 0xFFFD, 0x6B2F, 0x326C, 0xC75C,
  0xBEBA, 0xD71B, 0xE75C, 0xE75C, 0xDF3C, 0xE75C, 0xE73C, 0xE75C, 0xE75C, 0xE75C,
  0xDF3C, 0xDF3C, 0xE73C, 0xDF3C, 0xDF3C, 0xDF3C, 0xDF3C, 0xDF3C, 0xDF3C, 0xE73C,
  0xDF3C, 0xE73C, 0xE73C, 0xDF3C, 0xDF3C, 0xDF3C, 0xDF3C, 0xDF3C, 0xDF3C, 0xDF3C,
  0xDF3C, 0xDF3C, 0xDF3C, 0xDF3C, 0xDF3C, 0xDF3C, 0xDF3C, 0xDF3C, 0xE73C, 0xE73C,
  0xE73C, 0xDF3C, 0xDF3C, 0xDF3C, 0xDF3C, 0xDF5C, 0xE6B9, 0xF593, 0xF4F0, 0xFCAF,
  0xFCF0, 0xF5B3, 0xE6D9, 0xE77D, 0xE73C, 0xE75C, 0xCEFB, 0xB6DA, 0x95B6, 0x2969,
  0xF75B, 0xFFDB, 0xFFBB, 0xFFBB, 0xFFDB, 0xFFBB, 0xFFBB, 0xFFBB, 0xFFBB, 0xFFDB,
  0xFFBB, 0xFFFC, 0xDE97, 0x2928, 0x0086, 0x3B8F, 0x6574, 0x6E16, 0x7616, 0x6E16,
  0x6E16, 0x65B5, 0x4C71, 0x1129, 0x0845, 0xA4B1, 0x398B, 0x52AF, 0xF79D, 0xF79C,
  0xF79D, 0xF79D, 0xF79D, 0xF79D, 0xF79D, 0xF79D, 0xF79D, 0xF79D, 0xF79D, 0xF79D,
  0xF79D, 0xF79D, 0xF79D, 0xF79D, 0xF79D, 0xF79D, 0xF79D, 0xF79D, 0xF79D, 0xF79D,
  0xF79D, 0xF79D, 0xF79D, 0xF79D, 0xF79D, 0xF79D, 0xF79D, 0xF79D, 0xF79D, 0xF79D,
  0xF79D, 0xF79D, 0xF79D, 0xF79D, 0xF79D, 0xF79C, 0xF79D, 0x9CF4, 0x0867, 0xDE99,
  0xFFFC, 0xFFBB, 0xFFBB, 0xFFBB, 0xFFDC, 0xFFDC, 0x4A4C, 0x534F, 0xBF3B, 0xBEDA,
  0xCF1B, 0xE75C, 0xE75C, 0xE73C, 0xDF3C, 0xDF3C, 0xDF3C, 0xDF3C, 0xDF3C, 0xDF3C,
  0xDF3C, 0xDF3C, 0xDF3C, 0xE73C, 0xE75C, 0xDF3C, 0xE73C, 0xE73C, 0xDF3C, 0xDF3C,
  0xE73C, 0xDF3C, 0xDF3C, 0xDF3C, 0xE75C, 0xDF3C, 0xDF3C, 0xDF3C, 0xDF3C, 0xDF3C,
  0xDF3C, 0xE73C, 0xDF3C, 0xE75C, 0xE75C, 0xDF3C, 0xDF3C, 0xDF3C, 0xE73C, 0xDF3C,
  0xDF5C, 0xDF3C, 0xE73C, 0xE73C, 0xDF5C, 0xDF7D, 0xDF3B, 0xE71B, 0xE75C, 0xDF7D,
  0xE75C, 0xE73C, 0xE75C, 0xDF3C, 0xBEBA, 0xC75C, 0x29E9, 0x9493, 0xFFFE, 0xFF9B,
  0xFFBB, 0xFFBB, 0xFFBB, 0xFFBB, 0xFFBB, 0xFFBB, 0xFFBB, 0xFFBB, 0xFFDC, 0xFFBB,
  0xFFFC, 0xEEF7, 0x732D, 0x1044, 0x0065, 0x19AA, 0x2A8D, 0x2AAD, 0x19EA, 0x00A6,
  0x0825, 0x5A6C, 0xD635, 0xFF57, 0x318A, 0x52AE, 0xF79D, 0xF79C, 0xF79D, 0xF79D,
  0xF79D, 0xF79D, 0xF79D, 0xF79D, 0xF79D, 0xF79D, 0xF79D, 0xF79D, 0xF79D, 0xF79D,
  0xF79D, 0xF79D, 0xF79D, 0xF79D, 0xF79D, 0xF79D, 0xF79D, 0xF79D, 0xF79D, 0xF79D,
  0xF79D, 0xF79D, 0xF79D, 0xF79D, 0xF79D, 0xF79D, 0xF79D, 0xF79D, 0xF79D, 0xF79D,
  0xF79D, 0xF79D, 0xF79D, 0xF77C, 0xF79D, 0xAD56, 0x0847, 0xCE37, 0xFFFC, 0xFFBB,
  0xFFBB, 0xFFBB, 0xFFDC, 0xE71B, 0x94B2, 0x0825, 0x322C, 0x95D7, 0xAE79, 0xBEFA,
  0xD75C, 0xEFBD, 0xF7BE, 0xF7BE, 0xF7BE, 0xEFBD, 0xEF9D, 0xE77C, 0xE75C, 0xDF3C,
  0xDF3C, 0xDF3C, 0xDF1C, 0xDF1C, 0xDF1C, 0xDF1C, 0xDF3C, 0xDF3C, 0xDF3C, 0xDF3C,
  0xDF3C, 0xDF3C, 0xE73C, 0xDF3C, 0xDF3C, 0xDF3C, 0xDF3C, 0xDF3C, 0xDF3C, 0xDF3C,
  0xDF3C, 0xDF3C, 0xDF3C, 0xDF3C, 0xE73C, 0xE73C, 0xDF3C, 0xE73C, 0xE73C, 0xE73C,
  0xDF3C, 0xE73C, 0xE73C, 0xE73C, 0xE73C, 0xDF5C, 0xDF3C, 0xE73C, 0xE73C, 0xE75C,
  0xDF3C, 0xB69A, 0xCF7C, 0x6C32, 0x420A, 0xFFDC, 0xFFBB, 0xFFBB, 0xFFBB, 0xFFBB,
  0xFFBB, 0xFFBB, 0xFFBB, 0xFFBB, 0xFFBB, 0xFFBB, 0xFFBB, 0xFFBB, 0xFFBB, 0xFFBB,
  0xFF99, 0xDE55, 0x9C50, 0x62AD, 0x41CA, 0x39A9, 0x524B, 0x83CE, 0xCDF4, 0xFF58,
  0xF718, 0xF718, 0x41CA, 0x422C, 0xF79D, 0xF79D, 0xF79D, 0xF79D, 0xF79D, 0xF79D,
  0xF79D, 0xF79D, 0xF79D, 0xF79D, 0xF79D, 0xF79D, 0xF79D, 0xF79D, 0xF79D, 0xF79D,
  0xF79D, 0xF79D, 0xF79D, 0xF79D, 0xF79D, 0xF79D, 0xF79D, 0xF79D, 0xF79D, 0xF79D,
  0xF79D, 0xF79D, 0xF79D, 0xF79D, 0xF79D, 0xF79D, 0xF79D, 0xF79D, 0xF79D, 0xF79D,
  0xF79D, 0xF77C, 0xF79D, 0xCE79, 0x0025, 0xBDB6, 0xFFFD, 0xFFBB, 0xFFBB, 0xFF9B,
  0xFFFD, 0x7BB0, 0x3168, 0x62ED, 0x39AA, 0x31AA, 0x31CA, 0x31EB, 0x3A2C, 0x3A8C,
  0x530E, 0x73F1, 0x8C93, 0x9D56, 0xB5D7, 0xC679, 0xCEDA, 0xDF3C, 0xE77D, 0xEFBD,
  0xF7BE, 0xF7BE, 0xF7BE, 0xEFBD, 0xEFBD, 0xEF9D, 0xE77C, 0xE75C, 0xE75C, 0xDF3C,
  0xDF3C, 0xDF3C, 0xDF3C, 0xDF3C, 0xDF3C, 0xDF3C, 0xDF3C, 0xDF3C, 0xDF3C, 0xDF3C,
  0xE75C, 0xE73C, 0xE73C, 0xE75C, 0xDF3C, 0xE73C, 0xE75C, 0xE75C, 0xE73C, 0xDF3C,
  0xE73C, 0xE75C, 0xE73C, 0xE73C, 0xE75C, 0xE75C, 0xE75C, 0xD73B, 0xB69A, 0xC73B,
  0x8D55, 0x2109, 0xDEDA, 0xFFFC, 0xFFBB, 0xFFBB, 0xFFBB, 0xFFBB, 0xFFBB, 0xFFBB,
  0xFFBB, 0xFFBB, 0xFFBB, 0xFFBB, 0xFFBB, 0xFFBB, 0xFFBB, 0xFFBB, 0xFFBB, 0xFF9A,
  0xFF79, 0xFF78, 0xFF37, 0xFF17, 0xFF58, 0xFF79, 0xFF38, 0xEED7, 0xEED7, 0xFF58,
  0x526B, 0x2949, 0xF79D, 0xF79D, 0xF79D, 0xF79D, 0xF79D, 0xF79D, 0xF79D, 0xF79D,
  0xF79D, 0xF79D, 0xF79D, 0xF79D, 0xF79D, 0xF79D, 0xF79D, 0xF79D, 0xF79D, 0xF79D,
  0xF79D, 0xF79D, 0xF79D, 0xF79D, 0xF79D, 0xF79D, 0xF79D, 0xF79D, 0xF79D, 0xF79D,
  0xF79D, 0xF79D, 0xF79D, 0xF79D, 0xF79D, 0xF79D, 0xF79D, 0xF79D, 0xF79D, 0xF79D,
  0xF79D, 0x7BF1, 0x0004, 0xA514, 0xFFFD, 0xFFBB, 0xFFBC, 0xFF9B, 0xFFFC, 0x632D,
  0xA4F1, 0xFFFB, 0xFFD9, 0xFF78, 0xEEF6, 0xDE75, 0xC5D3, 0xAD31, 0x9C91, 0x83F0,
  0x736E, 0x5ACC, 0x4A4B, 0x39EA, 0x31E9, 0x39EA, 0x3A2B, 0x4A6D, 0x52EE, 0x6370,
  0x7C12, 0x8CB4, 0x9D36, 0xADD7, 0xC659, 0xCEDA, 0xDF3B, 0xE77C, 0xEF9D, 0xEFBD,
  0xF7BE, 0xF7BE, 0xEFBD, 0xEFBD, 0xEF9D, 0xEF9D, 0xE77C, 0xE77C, 0xE75C, 0xDF3C,
  0xDF3C, 0xE75C, 0xE73C, 0xE75C, 0xE75C, 0xE73C, 0xDF3C, 0xE73C, 0xE73C, 0xE75C,
  0xE75C, 0xE75C, 0xE75C, 0xDF3C, 0xC6DA, 0xB6BA, 0xCF7C, 0x84F4, 0x18E7, 0xCE38,
  0xFFFD, 0xFFBB, 0xFFBB, 0xFFBB, 0xFFBB, 0xFFBB, 0xFFBB, 0xFFBB, 0xFFBB, 0xFFBB,
  0xFFBB, 0xFFBB, 0xFFBB, 0xFFBB, 0xFFBB, 0xFFBB, 0xFFBC, 0xFFDC, 0xFF7A, 0xEEF7,
  0xEED7, 0xEED7, 0xEED7, 0xEED7, 0xEED7, 0xEEF7, 0xEED7, 0xFF58, 0x8C10, 0x0007,
  0xD6BA, 0xF79D, 0xF79D, 0xF79D, 0xF79D, 0xF79D, 0xF79D, 0xF79D, 0xF79D, 0xF79D,
  0xF79D, 0xF79D, 0xF79D, 0xF79D, 0xF79D, 0xF79D, 0xF79D, 0xF79D, 0xF79D, 0xF79D,
  0xF79D, 0xF79D, 0xF79D, 0xF79D, 0xF79D, 0xF79D, 0xF79D, 0xF79D, 0xF79D, 0xF79D,
  0xF79D, 0xF79D, 0xF79D, 0xF79D, 0xF79D, 0xF77C, 0xF79D, 0xD699, 0x39EC, 0x0846,
  0x0845, 0x9472, 0xFFFD, 0xFF9B, 0xFFBB, 0xFF9B, 0xFFFD, 0x62ED, 0xA4F2, 0xFFFA,
  0xFF78, 0xFFB8, 0xFFB8, 0xFFD8, 0xFFF8, 0xFFF9, 0xFFF9, 0xFFF9, 0xFFF9, 0xFFF9,
  0xFFD8, 0xFF77, 0xF737, 0xE6B6, 0xCE35, 0xBD93, 0xAD11, 0x9470, 0x7BCF, 0x6B4D,
  0x52AB, 0x4A2A, 0x39CA, 0x39C9, 0x31CA, 0x3A0B, 0x422B, 0x4AAD, 0x5B2E, 0x6BB1,
  0x7C32, 0x8CB4, 0x9D36, 0xADD7, 0xBE59, 0xCEBA, 0xD71B, 0xE77C, 0xE73C, 0xE75C,
  0xE75C, 0xE73C, 0xE75C, 0xE75C, 0xE75C, 0xE75C, 0xE75C, 0xE73C, 0xDF3C, 0xD71B,
  0xC6DA, 0xBEDA, 0xC73B, 0xB6DA, 0x4B2E, 0x2128, 0xCE58, 0xFFFD, 0xFFBB, 0xFFBB,
  0xFFBB, 0xFFBB, 0xFFBB, 0xFFBB, 0xFFBB, 0xFFBB, 0xFFBB, 0xFFBB, 0xFFBB, 0xFFBB,
  0xFFBB, 0xFFBB, 0xFFBB, 0xFFBB, 0xFFBB, 0xFFBB, 0xFFDB, 0xFFBB, 0xF718, 0xEED7,
  0xF6F7, 0xEEF7, 0xEEF7, 0xEED7, 0xEED7, 0xF718, 0xD5F5, 0x0868, 0x9493, 0xF79D,
  0xF77C, 0xF79D, 0xF79D, 0xF79D, 0xF79D, 0xF79D, 0xF79D, 0xF79D, 0xF79D, 0xF79D,
  0xF79D, 0xF79D, 0xF79D, 0xF79D, 0xF79D, 0xF79D, 0xF79D, 0xF79D, 0xF79D, 0xF79D,
  0xF79D, 0xF79D, 0xF79D, 0xF79D, 0xF79D, 0xF79D, 0xF79D, 0xF79D, 0xF79D, 0xF79D,
  0xF79D, 0xF79D, 0xF77C, 0xF79D, 0xB596, 0x0867, 0x18E9, 0xBDF7, 0x526D, 0x6B50,
  0xFFFE, 0xFF9B, 0xFFBB, 0xFF9A, 0xFFFC, 0x5AEE, 0xAD53, 0xFFF9, 0xFF77, 0xFF98,
  0xFF98, 0xFF98, 0xFF98, 0xFF78, 0xFF77, 0xFF77, 0xFF77, 0xFF77, 0xFF98, 0xFF98,
  0xFFB8, 0xFFD8, 0xFFF8, 0xFFF9, 0xFFF9, 0xFFF9, 0xFFF9, 0xFFF9, 0xFFF9, 0xFFD9,
  0xFF78, 0xEF17, 0xE6D6, 0xD675, 0xC5D3, 0xB552, 0xA4D1, 0x9450, 0x7BAE, 0x6B2D,
  0x52AC, 0x4A4B, 0x39EA, 0x39C9, 0x31C9, 0x634F, 0xE77C, 0xDF1C, 0xDF1B, 0xDF1B,
  0xDF1B, 0xDF3C, 0xD71B, 0xCEFB, 0xCEFB, 0xC6FB, 0xC6FB, 0xC73B, 0xC73B, 0xAE59,
  0x6C11, 0x2169, 0x62EE, 0xEF3A, 0xFFFD, 0xFFBB, 0xFFBB, 0xFFBB, 0xFFBB, 0xFFBB,
  0xFFBB, 0xFFBB, 0xFFBB, 0xFFBB, 0xFFBB, 0xFFBB, 0xFFBB, 0xFFBB, 0xFFBB, 0xFFBB,
  0xFFBB, 0xFFBB, 0xFFBB, 0xFFBB, 0xFFBB, 0xFFDB, 0xFFBB, 0xF6F8, 0xEEF7, 0xEEF7,
  0xEEF7, 0xEED7, 0xEEF7, 0xEEF7, 0xF718, 0x3169, 0x424C, 0xF79D, 0xF79D, 0xF79D,
  0xF79D, 0xF79D, 0xF79D, 0xF79D, 0xF79D, 0xF79D, 0xF79D, 0xF79D, 0xF79D, 0xF79D,
  0xF79D, 0xF79D, 0xF79D, 0xF79D, 0xF79D, 0xF79D, 0xF79D, 0xF79D, 0xF79D, 0xF79D,
  0xF79D, 0xF79D, 0xF79D, 0xF79D, 0xF79D, 0xF79D, 0xF79D, 0xF79D, 0xF79D, 0xF77C,
  0xF79D, 0x9CD4, 0x0005, 0x41EA, 0xE71A, 0xFFFF, 0x632E, 0x4A6C, 0xFFFD, 0xFF9B,
  0xFFDB, 0xFF7A, 0xFF79, 0x528C, 0xB573, 0xFFF9, 0xFF78, 0xFF98, 0xFF98, 0xFF98,
  0xFF98, 0xFF98, 0xFF98, 0xFF98, 0xFF98, 0xFF98, 0xFF98, 0xFF98, 0xFF98, 0xFF98,
  0xFF78, 0xFF77, 0xFF78, 0xFF77, 0xFF77, 0xFF77, 0xFF77, 0xFF97, 0xFF98, 0xFFB8,
  0xFFB8, 0xFFD8, 0xFFF9, 0xFFF9, 0xFFF9, 0xFFF9, 0xFFF9, 0xFFF9, 0xFFFA, 0xFFD8,
  0xFF77, 0xF777, 0xC5D4, 0x31CB, 0xC75C, 0xBF1B, 0xC73B, 0xC73B, 0xC73C, 0xCF3C,
  0xC73C, 0xBF1B, 0xB6BA, 0xAE58, 0x9576, 0x63F1, 0x3A6C, 0x29AA, 0x5AEE, 0xC617,
  0xFFFD, 0xFFDC, 0xFFBB, 0xFFDB, 0xFFBB, 0xFFBB, 0xFFBB, 0xFFBB, 0xFFBB, 0xFFBB,
  0xFFBB, 0xFFBB, 0xFFBB, 0xFFBB, 0xFFBB, 0xFFBB, 0xFFBB, 0xFFBB, 0xFFBB, 0xFFBB,
  0xFFBB, 0xFFBB, 0xFFBB, 0xFFBB, 0xFFDC, 0xF75A, 0xEED7, 0xEEF7, 0xEEF7, 0xF6F7,
  0xF6F7, 0xEED7, 0xFF78, 0x62EC, 0x1087, 0xF79C, 0xF79D, 0xF79D, 0xF79D, 0xF79D,
  0xF79D, 0xF79D, 0xF79D, 0xF79D, 0xF79D, 0xF79D, 0xF79D, 0xF79D, 0xF79D, 0xF79D,
  0xF79D, 0xF79D, 0xF79D, 0xF79D, 0xF79D, 0xF79D, 0xF79D, 0xF79D, 0xF79D, 0xF79D,
  0xF79D, 0xF79D, 0xF79D, 0xF79D, 0xF79D, 0xF79D, 0xF77C, 0xF79D, 0x94B4, 0x0006,
  0x5ACE, 0xFFBC, 0xFFDB, 0xFFFD, 0x8410, 0x3189, 0xFFFC, 0xFFBB, 0xFFDC, 0xFF7B,
  0xFF37, 0x4A2A, 0xBDB4, 0xFFF9, 0xFF98, 0xFF98, 0xFF98, 0xFF98, 0xFF98, 0xFF98,
  0xFF98, 0xFF98, 0xFF98, 0xFF98, 0xFF98, 0xFF98, 0xFF98, 0xFF98, 0xFF98, 0xFF98,
  0xFF98, 0xFF98, 0xFF98, 0xFF98, 0xFF98, 0xFF98, 0xFF98, 0xFF98, 0xFF98, 0xFF98,
  0xFF98, 0xFF78, 0xFF78, 0xFF78, 0xFF78, 0xFF78, 0xFF77, 0xFF98, 0xFF97, 0xFFF9,
  0xD676, 0x1108, 0x3B2E, 0x432E, 0x5390, 0x5390, 0x4B2E, 0x42AD, 0x3A6B, 0x322B,
  0x29CA, 0x2989, 0x39EA, 0x6B4E, 0xA514, 0xE71A, 0xFFFD, 0xFFFC, 0xFFBB, 0xFFBB,
  0xFFBB, 0xFFBB, 0xFFBB, 0xFFBB, 0xFFBB, 0xFFBB, 0xFFBB, 0xFFBB, 0xFFBB, 0xFFBB,
  0xFFBB, 0xFFBB, 0xFFBB, 0xFFBB, 0xFFBB, 0xFFBB, 0xFFBB, 0xFFBB, 0xFFBB, 0xFFBB,
  0xFFBB, 0xFFBB, 0xFFBB, 0xFFBB, 0xF6F8, 0xEEF7, 0xEEF7, 0xF6F7, 0xF6F7, 0xEED7,
  0xFF58, 0x9C70, 0x0006, 0xCE79, 0xF79D, 0xF79D, 0xF79D, 0xF79D, 0xF79D, 0xF79D,
  0xF79D, 0xF79D, 0xF79D, 0xF79D, 0xF79D, 0xF79D, 0xF79D, 0xF79D, 0xF79D, 0xF79D,
  0xF79D, 0xF79D, 0xF79D, 0xF79D, 0xF79D, 0xF79D, 0xF79D, 0xF79D, 0xF79D, 0xF79D,
  0xF79D, 0xF79D, 0xF79D, 0xF79C, 0xF79D, 0xA515, 0x0006, 0x630E, 0xFFFD, 0xFFDB,
  0xFF9A, 0xFFDB, 0x9C70, 0x20E8, 0xF79B, 0xFFBB, 0xFFBC, 0xFF7A, 0xFF17, 0x4A09,
  0xC5D5, 0xFFF9, 0xFF98, 0xFF98, 0xFF98, 0xFF98, 0xFF98, 0xFF98, 0xFF98, 0xFF98,
  0xFF98, 0xFF98, 0xFF98, 0xFF98, 0xFF98, 0xFF98, 0xFF98, 0xFF98, 0xFF98, 0xFF98,
  0xFF98, 0xFF98, 0xFF98, 0xFF98, 0xFF98, 0xFF98, 0xFF98, 0xFF98, 0xFF98, 0xFF98,
  0xFF98, 0xFF98, 0xFF98, 0xFF98, 0xFF98, 0xFF98, 0xFF78, 0xFFF9, 0xBDB4, 0x2107,
  0x7B4D, 0x736D, 0x83F1, 0x8C12, 0x9452, 0x9CB2, 0xAD33, 0xBDD6, 0xD699, 0xEF3A,
  0xFFDB, 0xFFFD, 0xFFFD, 0xFFFC, 0xFFBB, 0xFFBB, 0xFFBB, 0xFFBB, 0xFFBB, 0xFFDB,
  0xFFBB, 0xFFBB, 0xFFBB, 0xFFBB, 0xFFBB, 0xFFBB, 0xFFBB, 0xFFBB, 0xFFBB, 0xFFBB,
  0xFFBB, 0xFFBB, 0xFFBB, 0xFFBB, 0xFFBB, 0xFFBB, 0xFFBB, 0xFFBB, 0xFFBB, 0xFFBB,
  0xFFBB, 0xFFDC, 0xF739, 0xEED7, 0xF6F7, 0xEEF7, 0xF6F7, 0xEED7, 0xFF38, 0xCDD4,
  0x0847, 0x9CD4, 0xF79D, 0xF79D, 0xF79D, 0xF79D, 0xF79D, 0xF79D, 0xF79D, 0xF79D,
  0xF79D, 0xF79D, 0xF79D, 0xF79D, 0xF79D, 0xF79D, 0xF79D, 0xF79D, 0xF79D, 0xF79D,
  0xF79D, 0xF79D, 0xF79D, 0xF79D, 0xF79D, 0xF79D, 0xF79D, 0xF79D, 0xF79D, 0xF79D,
  0xF79D, 0xF79D, 0xC618, 0x0026, 0x526C, 0xFFDC, 0xFFBB, 0xFFBB, 0xFFFC, 0xFFBA,
  0xCDD4, 0x0866, 0xE6F9, 0xFFFE, 0xFFDC, 0xF759, 0xF6F7, 0x4A0A, 0xCE15, 0xFFF9,
  0xFF98, 0xFF98, 0xFF98, 0xFF98, 0xFF98, 0xFF98, 0xFF98, 0xFF98, 0xFF98, 0xFF98,
  0xFF98, 0xFF98, 0xFF98, 0xFF98, 0xFF98, 0xFF98, 0xFF98, 0xFF98, 0xFF98, 0xFF98,
  0xFF98, 0xFF98, 0xFF98, 0xFF98, 0xFF98, 0xFF98, 0xFF98, 0xFF98, 0xFF98, 0xFF98,
  0xFF98, 0xFF98, 0xFF98, 0xFF98, 0xFF98, 0xFFF9, 0xAD32, 0x5A8B, 0xFFFA, 0xFF58,
  0xFFFC, 0xFFFD, 0xFFFD, 0xFFFD, 0xFFFD, 0xFFFC, 0xFFFC, 0xFFFC, 0xFFBB, 0xFF9B,
  0xFF9B, 0xFFBB, 0xFFBB, 0xFFDB, 0xFFBB, 0xFFDB, 0xFFDB, 0xFFBB, 0xFFBB, 0xFFBB,
  0xFFBB, 0xFFBB, 0xFFBB, 0xFFBB, 0xFFBB, 0xFFBB, 0xFFBB, 0xFFBB, 0xFFBB, 0xFFBB,
  0xFFBB, 0xFFBB, 0xFFBB, 0xFFBB, 0xFFBB, 0xFFBB, 0xFFBB, 0xFFBB, 0xFFBB, 0xFFDC,
  0xFF7A, 0xEED7, 0xF6F7, 0xEEF7, 0xF6F7, 0xEED7, 0xF6F7, 0xEED7, 0x2129, 0x630F,
  0xF79D, 0xF79D, 0xF79D, 0xF79D, 0xF79D, 0xF79D, 0xF79D, 0xF79D, 0xF79D, 0xF79D,
  0xF79D, 0xF79D, 0xF79D, 0xF79D, 0xF79D, 0xF79D, 0xF79D, 0xF79D, 0xF79D, 0xF79D,
  0xF79D, 0xF79D, 0xF79D, 0xF79D, 0xF79D, 0xF79D, 0xF79D, 0xF79D, 0xF79D, 0xEF5C,
  0x1909, 0x296A, 0xF79C, 0xFFDB, 0xFFBB, 0xFFBB, 0xDEB8, 0x9C70, 0x5A8A, 0x0004,
  0x41EA, 0x9CD3, 0xF79B, 0xFFBA, 0xEE95, 0x41E8, 0xD676, 0xFFD9, 0xFF98, 0xFF98,
  0xFF98, 0xFF98, 0xFF98, 0xFF98, 0xFF98, 0xFF98, 0xFF98, 0xFF98, 0xFF98, 0xFF98,
  0xFF98, 0xFF98, 0xFF98, 0xFF98, 0xFF98, 0xFF98, 0xFF98, 0xFF98, 0xFF98, 0xFF98,
  0xFF98, 0xFF98, 0xFF98, 0xFF98, 0xFF98, 0xFF98, 0xFF98, 0xFF98, 0xFF98, 0xFF98,
  0xFF98, 0xFF98, 0xFF77, 0xFFF9, 0xA4F2, 0x5AAC, 0xFF59, 0xEEB7, 0xFF9A, 0xFF9B,
  0xFF9B, 0xFFBB, 0xFFBB, 0xFFBB, 0xFFBB, 0xFFBB, 0xFFBB, 0xFFBB, 0xFFBB, 0xFFBB,
  0xFFBB, 0xFFBB, 0xFFBB, 0xFFBB, 0xFFBB, 0xFFBB, 0xFFBB, 0xFFBB, 0xFFBB, 0xFFBB,
  0xFFBB, 0xFFBB, 0xFFBB, 0xFFBB, 0xFFBB, 0xFFBB, 0xFFBB, 0xFFBB, 0xFFBB, 0xFFBB,
  0xFFBB, 0xFFBB, 0xFFBB, 0xFFDB, 0xFFBB, 0xFFBB, 0xFFBB, 0xFFDC, 0xFF9B, 0xEEF7,
  0xF6F7, 0xEEF7, 0xF6F7, 0xEEF7, 0xEED7, 0xFF38, 0x4A2B, 0x298B, 0xF79D, 0xF79D,
  0xF79D, 0xF79D, 0xF79D, 0xF79D, 0xF79D, 0xF79D, 0xF79D, 0xF79D, 0xF79D, 0xF79D,
  0xF79D, 0xF79D, 0xF79D, 0xF79D, 0xF79D, 0xF79D, 0xF79D, 0xF79D, 0xF79D, 0xF79D,
  0xF79D, 0xF79D, 0xF79D, 0xF79D, 0xF79D, 0xF79D, 0xF79D, 0x632E, 0x0825, 0xD678,
  0xFFFD, 0xFF9B, 0xFFDB, 0xF759, 0xCE16, 0xBDD6, 0xC5F6, 0xC5F7, 0x8C52, 0x4A0B,
  0x39CA, 0xC594, 0xFF37, 0x41E9, 0xD675, 0xFFD8, 0xFF98, 0xFF98, 0xFF98, 0xFF98,
  0xFF98, 0xFF98, 0xFF98, 0xFF98, 0xFF98, 0xFF98, 0xFF98, 0xFF98, 0xFF98, 0xFF98,
  0xFF98, 0xFF98, 0xFF98, 0xFF98, 0xFF98, 0xFF98, 0xFF98, 0xFF98, 0xFF98, 0xFF98,
  0xFF98, 0xFF98, 0xFF98, 0xFF98, 0xFF98, 0xFF98, 0xFF98, 0xFF98, 0xFF98, 0xFF98,
  0xFF77, 0xFFF9, 0x9CB1, 0x62ED, 0xFF58, 0xEED7, 0xFFBB, 0xFFBB, 0xFFBB, 0xFFBB,
  0xFFBB, 0xFFDB, 0xFFBB, 0xFFBB, 0xFFBB, 0xFFBB, 0xFFBB, 0xFF9B, 0xFFBB, 0xFFFC,
  0xFFFD, 0xFFFD, 0xFFFD, 0xFFFD, 0xFFFD, 0xFFFC, 0xFFDC, 0xFFBB, 0xFFBB, 0xFFBB,
  0xFFBB, 0xFFBB, 0xFFBB, 0xFFBB, 0xFFBB, 0xFFBB, 0xFFBB, 0xFFBB, 0xFFBB, 0xFFBB,
  0xFF9B, 0xFFDC, 0xFFBB, 0xFFBB, 0xFFBB, 0xFFBC, 0xFFBB, 0xF718, 0xEEF7, 0xF6F7,
  0xF6F7, 0xF6F7, 0xEED7, 0xFF58, 0x7B6E, 0x0867, 0xE73B, 0xF79D, 0xF79D, 0xF79D,
  0xF79D, 0xF79D, 0xF79D, 0xF79D, 0xF79D, 0xF79D, 0xF79D, 0xF79D, 0xF79D, 0xF79D,
  0xF79D, 0xF79D, 0xF79D, 0xF79D, 0xF79D, 0xF79D, 0xF79D, 0xF79D, 0xF79D, 0xF79D,
  0xF79D, 0xF79D, 0xF79D, 0xF79D, 0xC638, 0x0006, 0x83F0, 0xFFFD, 0xFF9A, 0xFFBB,
  0xFFBB, 0xFFBB, 0xFFFC, 0xFFFC, 0xFFFC, 0xFFFD, 0xFFFE, 0xDED9, 0x420A, 0x0003,
  0x940F, 0x41EA, 0xEF58, 0xFFB8, 0xFF98, 0xFF98, 0xFF98, 0xFF98, 0xFF98, 0xFF98,
  0xFF98, 0xFF98, 0xFF98, 0xFF98, 0xFF98, 0xFF98, 0xFF98, 0xFF98, 0xFF98, 0xFF98,
  0xFF98, 0xFF98, 0xFF98, 0xFF98, 0xFF98, 0xFF98, 0xFF98, 0xFF98, 0xFF98, 0xFF98,
  0xFF98, 0xFF98, 0xFF98, 0xFF98, 0xFF98, 0xFF98, 0xFF98, 0xFF98, 0xFF78, 0xFFFA,
  0x8C50, 0x6B0C, 0xFF58, 0xEED7, 0xFFBB, 0xFFDC, 0xFFDB, 0xFFBB, 0xFFBB, 0xFFBB,
  0xFFBB, 0xFFBB, 0xFFBB, 0xFFBB, 0xFFFD, 0xFFFD, 0xFFDB, 0xE6F9, 0xC5F6, 0xAD34,
  0xA4F3, 0xA514, 0xB595, 0xCE56, 0xEF19, 0xFFBB, 0xFFDB, 0xFFBB, 0xFFBB, 0xFFBB,
  0xFFBB, 0xFFDC, 0xFFBB, 0xFFBB, 0xFFBB, 0xFFDB, 0xFFBB, 0xFF9B, 0xFF7A, 0xFFDC,
  0xFFBB, 0xFFBB, 0xFFBB, 0xFFBB, 0xFFDC, 0xF718, 0xEED7, 0xEEF7, 0xF6F7, 0xF6F7,
  0xEED7, 0xFF58, 0xA491, 0x0026, 0xC638, 0xF79D, 0xF79D, 0xF79D, 0xF79D, 0xF79D,
  0xF79D, 0xF79D, 0xF79D, 0xF79D, 0xF79D, 0xF79D, 0xF79D, 0xF79D, 0xF79D, 0xF79D,
  0xF79D, 0xF79D, 0xF79D, 0xF79D, 0xF79D, 0xF79D, 0xF79D, 0xF79D, 0xF79D, 0xF79D,
  0xF79D, 0xF79D, 0x39EB, 0x2929, 0xF7BC, 0xFFDC, 0xFFBB, 0xFFBB, 0xFFBB, 0xFFBB,
  0xFFBB, 0xFF9B, 0xFFFC, 0xD697, 0x420A, 0x2949, 0x528D, 0x528C, 0x2128, 0x0026,
  0xA4F2, 0xFFFA, 0xFF77, 0xFF98, 0xFF98, 0xFF98, 0xFF98, 0xFF98, 0xFF98, 0xFF98,
  0xFF98, 0xFF98, 0xFF98, 0xFF98, 0xFF98, 0xFF98, 0xFF98, 0xFF98, 0xFF98, 0xFF98,
  0xFF98, 0xFF98, 0xFF98, 0xFF98, 0xFF98, 0xFF98, 0xFF98, 0xFF98, 0xFF98, 0xFF98,
  0xFF98, 0xFF98, 0xFF98, 0xFF98, 0xFF98, 0xFF98, 0xFF78, 0xFFFA, 0x83EF, 0x734D,
  0xFF58, 0xEED7, 0xFFBB, 0xFFDC, 0xFFBB, 0xFFBB, 0xFFBB, 0xFFDB, 0xFFBB, 0xFFBB,
  0xFFFD, 0xFFFD, 0xBDB6, 0x630F, 0x3189, 0x2127, 0x3188, 0x420A, 0x5ACD, 0x6B4F,
  0x7BAF, 0x8C50, 0xB595, 0xEF5A, 0xFFDC, 0xFFBB, 0xFFBB, 0xFFBB, 0xFFBB, 0xFFDB,
  0xFFBB, 0xFFBB, 0xFFBB, 0xFFBB, 0xFFDC, 0xFF9B, 0xF739, 0xFFDC, 0xFFBB, 0xFFDC,
  0xFFDC, 0xFFBB, 0xFFDC, 0xF739, 0xEED7, 0xF6F7, 0xEEF7, 0xEEF7, 0xEED7, 0xFF38,
  0xC593, 0x0848, 0xA535, 0xF79D, 0xF79D, 0xF79D, 0xF79D, 0xF79D, 0xF79D, 0xF79D,
  0xF79D, 0xF79D, 0xF79D, 0xF79D, 0xF79D, 0xF79D, 0xF79D, 0xF79D, 0xF79D, 0xF79D,
  0xF79D, 0xF79D, 0xF79D, 0xF79D, 0xF79D, 0xF79D, 0xF79D, 0xF79D, 0xF79D, 0xC618,
  0x0004, 0x9CB2, 0xFFFD, 0xFFBB, 0xFFBB, 0xFFBB, 0xFFBB, 0xFFBB, 0xFFBB, 0xFFFD,
  0xBDF7, 0x18E7, 0x8C51, 0xF77A, 0xFFFD, 0xFFFC, 0xFFDC, 0xB575, 0x10A6, 0x83EE,
  0xFFF9, 0xFF98, 0xFF98, 0xFF98, 0xFF98, 0xFF98, 0xFF98, 0xFF98, 0xFF98, 0xFF98,
  0xFF98, 0xFF98, 0xFF98, 0xFF98, 0xFF98, 0xFF98, 0xFF98, 0xFF98, 0xFF98, 0xFF98,
  0xFF98, 0xFF98, 0xFF98, 0xFF98, 0xFF98, 0xFF98, 0xFF98, 0xFF98, 0xFF98, 0xFF98,
  0xFF98, 0xFF98, 0xFF98, 0xFF98, 0xFF78, 0xFFFA, 0x7BAE, 0x7B8E, 0xFF78, 0xEED7,
  0xFF9B, 0xFF9B, 0xFFBB, 0xFFBB, 0xFFBB, 0xFFBB, 0xFFFC, 0xFFFC, 0x9CD2, 0x2969,
  0x2129, 0x6B70, 0xB5B6, 0xE6F9, 0xFFBB, 0xFFFC, 0xFFFD, 0xFFFD, 0xFFFD, 0xFFFC,
  0xFFFC, 0xFFDC, 0xFFBB, 0xFFBB, 0xFFBB, 0xFFBB, 0xFFBB, 0xFFDB, 0xFFBB, 0xFFBB,
  0xFFBB, 0xFFBB, 0xFFDC, 0xFF7A, 0xF739, 0xFFDC, 0xFFBB, 0xFFBB, 0xFFDC, 0xFFBB,
  0xFFDC, 0xF759, 0xEED7, 0xEEF7, 0xEEF7, 0xEEF7, 0xEED7, 0xF718, 0xDE55, 0x18A8,
  0x8412, 0xF79D, 0xF79D, 0xF79D, 0xF79D, 0xF79D, 0xF79D, 0xF79D, 0xF79D, 0xF79D,
  0xF79D, 0xF79D, 0xF79D, 0xF79D, 0xF79D, 0xF79D, 0xF79D, 0xF79D, 0xF79D, 0xF79D,
  0xF79D, 0xF79D, 0xF79D, 0xF79D, 0xF79D, 0xF79D, 0xF79D, 0x5AEE, 0x2109, 0xF77C,
  0xFFDC, 0xFFBB, 0xFFBB, 0xFFBB, 0xFFBB, 0xFFBB, 0xFFFC, 0xD698, 0x2107, 0xC618,
  0xFFFE, 0xFFDD, 0xFFBC, 0xFFBB, 0xFFBB, 0xFFFD, 0xDE98, 0x1086, 0xB574, 0xFFF9,
  0xFF77, 0xFF98, 0xFF98, 0xFF98, 0xFF98, 0xFF98, 0xFF98, 0xFF98, 0xFF98, 0xFF98,
  0xFF98, 0xFF98, 0xFF98, 0xFF98, 0xFF98, 0xFF98, 0xFF98, 0xFF98, 0xFF98, 0xFF98,
  0xFF98, 0xFF98, 0xFF98, 0xFF98, 0xFF98, 0xFF98, 0xFF98, 0xFF98, 0xFF98, 0xFF98,
  0xFF98, 0xFF98, 0xFF78, 0xFFFA, 0x6B6E, 0x8C10, 0xFF78, 0xFF38, 0xFFFD, 0xFFFD,
  0xFFFD, 0xFFFC, 0xFFBB, 0xFFFC, 0xE71A, 0x41EB, 0x2927, 0x9CF2, 0xFFBB, 0xFFFE,
  0xFFFD, 0xFFFC, 0xFFBB, 0xFFBB, 0xFF9B, 0xFF9B, 0xFF9B, 0xFFBB, 0xFFBB, 0xFFBB,
  0xFFBB, 0xFFBB, 0xFFBB, 0xFFBB, 0xFFBB, 0xFFBB, 0xFFBB, 0xFFFC, 0xFFFD, 0xFFFC,
  0xFFBB, 0xF738, 0xF718, 0xFFDC, 0xFFBB, 0xFFBB, 0xFFBB, 0xFFBB, 0xFFDC, 0xF75A,
  0xEED7, 0xEEF7, 0xEED7, 0xEEF7, 0xEEF7, 0xF6F7, 0xEEB6, 0x2108, 0x630F, 0xF79D,
  0xF79D, 0xF79D, 0xF79D, 0xF79D, 0xF79D, 0xF79D, 0xF79D, 0xF79D, 0xF79D, 0xF79D,
  0xF79D, 0xF79D, 0xF79D, 0xF79D, 0xF79D, 0xF79D, 0xF79D, 0xF79D, 0xF79D, 0xF79D,
  0xF79D, 0xF79D, 0xF79D, 0xF79D, 0xEF7C, 0x10A8, 0x6B70, 0xFFFD, 0xFF9B, 0xFFBB,
  0xFFBB, 0xFFBB, 0xFFBB, 0xFFBB, 0xFFFC, 0x422A, 0xA514, 0xFFFF, 0xFFBD, 0xFFDE,
  0xFFDC, 0xFFBB, 0xFFBB, 0xFF9A, 0xFFFD, 0xA4F4, 0x2928, 0xFF98, 0xFF98, 0xFF98,
  0xFF98, 0xFF98, 0xFF98, 0xFF98, 0xFF98, 0xFF98, 0xFF98, 0xFF98, 0xFF98, 0xFF98,
  0xFF98, 0xFF98, 0xFF98, 0xFF98, 0xFF98, 0xFF98, 0xFF98, 0xFF98, 0xFF98, 0xFF98,
  0xFF98, 0xFF98, 0xFF98, 0xFF98, 0xFF98, 0xFF98, 0xFF98, 0xFF98, 0xFF98, 0xFF98,
  0xFF78, 0xFFF9, 0x62EC, 0x9C91, 0xEEF8, 0xACF2, 0x9471, 0x9472, 0xA514, 0xCE57,
  0xFFFC, 0xD679, 0x20E8, 0x7370, 0xFFDD, 0xFFFC, 0xFFBB, 0xFF9B, 0xFFBB, 0xFFBB,
  0xFFBB, 0xFFBB, 0xFFBB, 0xFFBB, 0xFFBB, 0xFFBB, 0xFFBB, 0xFFBB, 0xFFDB, 0xFFBB,
  0xFFFC, 0xFFFD, 0xFFFD, 0xFFFC, 0xFFFD, 0xD698, 0xAD34, 0xE71A, 0xFFFD, 0xEEF7,
  0xF718, 0xFFDC, 0xFFBB, 0xFFBB, 0xFFBB, 0xFFBB, 0xFFDC, 0xF77A, 0xEED7, 0xEED7,
  0xEED7, 0xF6F7, 0xEEF7, 0xEED7, 0xF6F7, 0x316A, 0x4A4D, 0xF79D, 0xF79D, 0xF79D,
  0xF79D, 0xF79D, 0xF79D, 0xF79D, 0xF79D, 0xF79D, 0xF79D, 0xF79D, 0xF79D, 0xF79D,
  0xF79D, 0xF79D, 0xF79D, 0xF79D, 0xF79D, 0xF79D, 0xF79D, 0xF79D, 0xF79D, 0xF79D,
  0xF79D, 0xF79D, 0xB5B7, 0x0026, 0xB574, 0xFFFC, 0xFFBB, 0xFFBB, 0xFFBB, 0xFFBB,
  0xFFBB, 0xFFFD, 0xBDB6, 0x4A6B, 0xFFFE, 0xFFBB, 0xFFDD, 0xFFDC, 0xFFBB, 0xFFBB,
  0xFFBB, 0xFFBB, 0xFFDC, 0xFFBB, 0x2107, 0xBD93, 0xFFF9, 0xFF98, 0xFF98, 0xFF98,
  0xFF98, 0xFF98, 0xFF98, 0xFF98, 0xFF98, 0xFF98, 0xFF98, 0xFF98, 0xFF98, 0xFF98,
  0xFF98, 0xFF98, 0xFF98, 0xFF98, 0xFF98, 0xFF98, 0xFF98, 0xFF98, 0xFF98, 0xFF98,
  0xFF98, 0xFF98, 0xFF98, 0xFF98, 0xFF98, 0xFF98, 0xFF98, 0xFF98, 0xFF77, 0xFFFB,
  0x630C, 0x18A5, 0x2108, 0x316A, 0x420B, 0x422C, 0x39CB, 0x18E7, 0x3188, 0x0866,
  0x6C12, 0xFFFD, 0xFFDC, 0xFF9B, 0xFFBB, 0xFFBB, 0xFFBB, 0xFFBB, 0xFFBB, 0xFFBB,
  0xFFBB, 0xFFBB, 0xFFBB, 0xFFBB, 0xFFBB, 0xFFBB, 0xFFBB, 0xFFDC, 0xEF5B, 0x9C71,
  0x8BEF, 0xC616, 0xB5B5, 0x82EB, 0xBB6B, 0x828A, 0xCE77, 0xF717, 0xF738, 0xFFDC,
  0xFFBB, 0xFFBB, 0xFFBB, 0xFFBB, 0xFFDC, 0xFF7A, 0xEED7, 0xEEF7, 0xEED7, 0xEEF7,
  0xEED7, 0xEED7, 0xFF17, 0x41CB, 0x296B, 0xF79D, 0xF79D, 0xF79D, 0xF79D, 0xF79D,
  0xF79D, 0xF79D, 0xF79D, 0xF79D, 0xF79D, 0xF79D, 0xF79D, 0xF79D, 0xF79D, 0xF79D,
  0xF79D, 0xF79D, 0xF79D, 0xF79D, 0xF79D, 0xF79D, 0xF79D, 0xF79D, 0xF79D, 0xF79D,
  0x7BF2, 0x1087, 0xE6D8, 0xFFFB, 0xFFBB, 0xFFBC, 0xFFBB, 0xFFBB, 0xFF9B, 0xFFFD,
  0x632E, 0xA514, 0xFFFD, 0xFF9B, 0xFFBB, 0xFFBB, 0xFFBB, 0xFFBB, 0xFFBB, 0xFFBB,
  0xFFBB, 0xFFFB, 0x5A6B, 0x7BAE, 0xFFF9, 0xFF77, 0xFF98, 0xFF98, 0xFF98, 0xFF98,
  0xFF98, 0xFF98, 0xFF98, 0xFF98, 0xFF98, 0xFF98, 0xFF98, 0xFF98, 0xFF98, 0xFF98,
  0xFF98, 0xFF98, 0xFF98, 0xFF98, 0xFF98, 0xFF98, 0xFF98, 0xFF98, 0xFF98, 0xFF98,
  0xFF98, 0xFF98, 0xFF98, 0xFF98, 0xFF98, 0xFF78, 0xFFF9, 0xAD32, 0x10A7, 0x632F,
  0xCE57, 0xFFDC, 0xFFFD, 0xFFFD, 0xFFFD, 0xEF3A, 0x9CD2, 0x3168, 0x42AD, 0xB6FA,
  0xEF9B, 0xFFFC, 0xFFBB, 0xFFBB, 0xFFBB, 0xFFBB, 0xFFBB, 0xFFBB, 0xFFBB, 0xFFBB,
  0xFFBB, 0xFFBB, 0xFFBB, 0xFFBB, 0xFFDB, 0xEF7B, 0x7B0C, 0xCC6F, 0xE42D, 0x9ACB,
  0x6A49, 0xFD51, 0xFCAE, 0xE36B, 0x8BAE, 0xFF59, 0xF739, 0xFFDC, 0xFFBB, 0xFFBB,
  0xFFBB, 0xFFBB, 0xFFDC, 0xF75A, 0xEED7, 0xEEF7, 0xEEF7, 0xEED7, 0xEED7, 0xEED7,
  0xFF38, 0x524C, 0x1909, 0xF79D, 0xF79D, 0xF79D, 0xF79D, 0xF79D, 0xF79D, 0xF79D,
  0xF79D, 0xF79D, 0xF79D, 0xF79D, 0xF79D, 0xF79D, 0xF79D, 0xF79D, 0xF79D, 0xF79D,
  0xF79D, 0xF79D, 0xF79D, 0xF79D, 0xF79D, 0xF79D, 0xF79D, 0xF79D, 0x4A6C, 0x2949,
  0xFFBC, 0xFFDB, 0xFFBB, 0xFFBB, 0xFFBB, 0xFFBB, 0xFFDB, 0xFFBC, 0x4A4C, 0xE6FA,
  0xFFFC, 0xFFBB, 0xFFBB, 0xFFBB, 0xFFBB, 0xFFBB, 0xFFBB, 0xFFBB, 0xFFBB, 0xFFFB,
  0x7B8E, 0x62CB, 0xFFF9, 0xFF78, 0xFF98, 0xFF98, 0xFF98, 0xFF98, 0xFF98, 0xFF98,
  0xFF98, 0xFF98, 0xFF98, 0xFF98, 0xFF98, 0xFF98, 0xFF98, 0xFF98, 0xFF98, 0xFF98,
  0xFF98, 0xFF98, 0xFF98, 0xFF98, 0xFF98, 0xFF98, 0xFF98, 0xFF98, 0xFF98, 0xFF98,
  0xFF98, 0xFF98, 0xFF78, 0xFFF9, 0xB552, 0x0024, 0xB574, 0xFFFE, 0xFFFE, 0xFFDD,
  0xFFBB, 0xFFBB, 0xFFBB, 0xFFDB, 0xFFFD, 0xFFBC, 0x5A8D, 0x4AEE, 0xC75B, 0xF79B,
  0xFFDB, 0xFFBB, 0xFFBB, 0xFFBB, 0xFFBB, 0xFFBB, 0xFFBB, 0xFFBB, 0xFFBB, 0xFFBB,
  0xFFBB, 0xFFBB, 0xFFFD, 0xB595, 0xB3CD, 0xFED6, 0xFCAF, 0xFCAE, 0xFC4D, 0xFC6E,
  0xFC4D, 0xF3CC, 0x82CB, 0xEEF8, 0xFF5A, 0xFFDC, 0xFFBB, 0xFFBB, 0xFFBB, 0xFFBB,
  0xFFDC, 0xF759, 0xEED7, 0xEEF7, 0xEED7, 0xEED7, 0xEED7, 0xEED7, 0xFF58, 0x5A8C,
  0x10C8, 0xF79D, 0xF79D, 0xF79D, 0xF79D, 0xF79D, 0xF79D, 0xF79D, 0xF79D, 0xF79D,
  0xF79D, 0xF79D, 0xF79D, 0xF79D, 0xF79D, 0xF79D, 0xF79D, 0xF79D, 0xF79D, 0xF79D,
  0xF79D, 0xF79D, 0xF79D, 0xF79D, 0xF79D, 0xF79D, 0x31AA, 0x41EB, 0xFFFD, 0xFFBB,
  0xFFBB, 0xFFBB, 0xFFBB, 0xFFBB, 0xFFFC, 0xDED9, 0x424B, 0xFFBC, 0xFFDB, 0xFFBB,
  0xFFBB, 0xFFBB, 0xFFBB, 0xFFBB, 0xFFBB, 0xFFBB, 0xFFBB, 0xFFBA, 0x7B6E, 0x62A9,
  0xFFF9, 0xFF98, 0xFF98, 0xFF98, 0xFF98, 0xFF98, 0xFF98, 0xFF98, 0xFF98, 0xFF98,
  0xFF98, 0xFF98, 0xFF98, 0xFF98, 0xFF98, 0xFF98, 0xFF98, 0xFF98, 0xFF98, 0xFF98,
  0xFF98, 0xFF98, 0xFF98, 0xFF98, 0xFF98, 0xFF98, 0xFF98, 0xFF98, 0xFF98, 0xFF98,
  0xFFB8, 0xEF58, 0x1086, 0xA4F3, 0xFFFE, 0xFFBD, 0xFFDE, 0xFFDE, 0xFFBB, 0xFFBB,
  0xFFBB, 0xFFBB, 0xFF9B, 0xFFDC, 0xFFDC, 0x39C9, 0x7CF4, 0xDF7B, 0xFFFC, 0xFFBB,
  0xFFBB, 0xFFBB, 0xFFBB, 0xFFBB, 0xFFBB, 0xFFBB, 0xFFBB, 0xFFBB, 0xFFBB, 0xFFBB,
  0xFFFD, 0xA533, 0xC38C, 0xFCAE, 0xFC4D, 0xFC6D, 0xFC6E, 0xFC6E, 0xFCAE, 0xEB6B,
  0x82CB, 0xF718, 0xFF7A, 0xFFDC, 0xFFBB, 0xFFBB, 0xFFBB, 0xFFBB, 0xFFDC, 0xF739,
  0xEED7, 0xEEF7, 0xEED7, 0xF6F7, 0xF6F7, 0xEED7, 0xFF58, 0x5AAC, 0x1086, 0xF79D,
  0xF79D, 0xF79D, 0xF79D, 0xF79D, 0xF79D, 0xF79D, 0xF79D, 0xF79D, 0xF79D, 0xF79D,
  0xF79D, 0xF79D, 0xF79D, 0xF79D, 0xF79D, 0xF79D, 0xF79D, 0xF79D, 0xF79D, 0xF79D,
  0xF79D, 0xF79D, 0xF79D, 0xF79D, 0x2129, 0x4A0B, 0xFFFC, 0xFFBB, 0xFFBB, 0xFFBB,
  0xFFBB, 0xFFBB, 0xFFFC, 0xCE57, 0x424B, 0xFFFD, 0xFFBB, 0xFFBB, 0xFFBB, 0xFFBB,
  0xFFBB, 0xFFBB, 0xFFBB, 0xFFDB, 0xF77A, 0xFF58, 0x528B, 0x7B4B, 0xFFF8, 0xFF78,
  0xFF98, 0xFF98, 0xFF98, 0xFF98, 0xFF98, 0xFF98, 0xFF98, 0xFF98, 0xFF98, 0xFF98,
  0xFF98, 0xFF98, 0xFF98, 0xFF98, 0xFF98, 0xFF98, 0xFF98, 0xFF98, 0xFF98, 0xFF98,
  0xFF98, 0xFF98, 0xFF98, 0xFF98, 0xFF98, 0xFF98, 0xFF98, 0xFF77, 0xFFF9, 0x83CE,
  0x420C, 0xFFFF, 0xFFBC, 0xFFFE, 0xFFDD, 0xFFDC, 0xFFBB, 0xFFBB, 0xFFBB, 0xFFBB,
  0xFFBB, 0xFF9B, 0xFFFC, 0xB575, 0x3A2C, 0xCF5B, 0xF7BB, 0xFFDB, 0xFFBB, 0xFFBB,
  0xFFBB, 0xFFBB, 0xFFBB, 0xFFBB, 0xFFBB, 0xFFBB, 0xFFBB, 0xFFBB, 0xFFFC, 0xC637,
  0xAB0B, 0xFCCF, 0xFC6E, 0xFC6E, 0xFC6E, 0xFC6E, 0xFC6D, 0xCA88, 0x8BAD, 0xFF59,
  0xFF9B, 0xFFDB, 0xFFBB, 0xFFBB, 0xFFDB, 0xFFBB, 0xFFDC, 0xF739, 0xEED7, 0xEEF7,
  0xEED7, 0xF6F7, 0xF6F7, 0xEED7, 0xFF58, 0x5A8C, 0x0887, 0xF79D, 0xF79D, 0xF79D,
  0xF79D, 0xF79D, 0xF79D, 0xF79D, 0xF79D, 0xF79D, 0xF79D, 0xF79D, 0xF79D, 0xF79D,
  0xF79D, 0xF79D, 0xF79D, 0xF79D, 0xF79D, 0xF79D, 0xF79D, 0xF79D, 0xF79D, 0xF79D,
  0xF79D, 0xF79D, 0x2969, 0x41EA, 0xFFFB, 0xFFBB, 0xFFBB, 0xFFBB, 0xFFBC, 0xFFBB,
  0xFFFD, 0xCE99, 0x422B, 0xFFDC, 0xFFBB, 0xFFBB, 0xFFBB, 0xFFBB, 0xFFBB, 0xFFBB,
  0xFFDB, 0xFFDC, 0xF739, 0xF718, 0x2948, 0xBCEF, 0xFFF8, 0xFF98, 0xFF98, 0xFF98,
  0xFF98, 0xFF98, 0xFF98, 0xFF98, 0xFF98, 0xFF98, 0xFF98, 0xFF98, 0xFF98, 0xFF98,
  0xFF98, 0xFF98, 0xFF98, 0xFF98, 0xFF98, 0xFF98, 0xFF98, 0xFF98, 0xFF98, 0xFF98,
  0xFF98, 0xFF98, 0xFF98, 0xFF98, 0xFF98, 0xFF98, 0xFFD9, 0x3188, 0x9CD4, 0xFFFD,
  0xFF9B, 0xFFDC, 0xFFDB, 0xFFBB, 0xFFBB, 0xFFBB, 0xFFBB, 0xFFBB, 0xFFBB, 0xFFBB,
  0xFFDC, 0xF79C, 0x39CA, 0x9DF7, 0xDF5B, 0xFFFC, 0xFFBB, 0xFFBB, 0xFFBB, 0xFFBB,
  0xFFBB, 0xFFBB, 0xFFBB, 0xFFBB, 0xFFBB, 0xFFBB, 0xFFDB, 0xF7BC, 0x834D, 0xF44E,
  0xFC8E, 0xFC6E, 0xFC6E, 0xFC6E, 0xFBEC, 0x9A08, 0xB573, 0xFF59, 0xFFBB, 0xFFBB,
  0xFFDB, 0xFFBB, 0xFFBB, 0xFFBB, 0xFFDC, 0xF718, 0xEED7, 0xEED7, 0xEED7, 0xEEF7,
  0xEEF7, 0xEED7, 0xFF58, 0x5AAC, 0x10A7, 0xF79D, 0xF79D, 0xF79D, 0xF79D, 0xF79D,
  0xF79D, 0xF79D, 0xF79D, 0xF79D, 0xF79D, 0xF79D, 0xF79D, 0xF79D, 0xF79D, 0xF79D,
  0xF79D, 0xF79D, 0xF79D, 0xF79D, 0xF79D, 0xF79D, 0xF79D, 0xF79D, 0xF79D, 0xF79D,
  0x420C, 0x39AA, 0xFF79, 0xFFDB, 0xFFBB, 0xFFBC, 0xFFBB, 0xFFBB, 0xFFFC, 0xD719,
  0x29AA, 0xEF39, 0xFFDB, 0xFFBB, 0xFFBB, 0xFFBB, 0xFFBB, 0xFFDB, 0xFFBB, 0xEF18,
  0xFF58, 0xACF1, 0x20E5, 0xF6B2, 0xFF98, 0xFF98, 0xFF98, 0xFF98, 0xFF98, 0xFF98,
  0xFF98, 0xFF98, 0xFF98, 0xFF98, 0xFF98, 0xFF98, 0xFF98, 0xFF98, 0xFF98, 0xFF98,
  0xFF98, 0xFF98, 0xFF98, 0xFF98, 0xFF98, 0xFF98, 0xFF98, 0xFF98, 0xFF98, 0xFF98,
  0xFF98, 0xFF98, 0xFF98, 0xFFB8, 0xF737, 0x2108, 0xD657, 0xFFFC, 0xFFBB, 0xFFBB,
  0xFFBB, 0xFFBB, 0xFFBB, 0xFFBB, 0xFFBB, 0xFFBB, 0xFFBB, 0xFFBB, 0xFF9B, 0xFFFD,
  0x62ED, 0x7472, 0xD77B, 0xFFFC, 0xFFBB, 0xFFBB, 0xFFBB, 0xFFBB, 0xFFBB, 0xFFBB,
  0xFFBB, 0xFFBB, 0xFFBB, 0xFFBB, 0xFFBB, 0xFFFC, 0xBE16, 0x8A48, 0xFC8E, 0xFC6E,
  0xFC6D, 0xFC6E, 0xEB4B, 0x7ACB, 0xEEF8, 0xF739, 0xFFDC, 0xFFBB, 0xFFBB, 0xFFBB,
  0xFFDB, 0xFFDC, 0xFFBB, 0xF718, 0xEED7, 0xEEF7, 0xEED7, 0xF6F7, 0xF6F7, 0xEED7,
  0xFF58, 0x5AAD, 0x10A8, 0xF79D, 0xF79D, 0xF79D, 0xF79D, 0xF79D, 0xF79D, 0xF79D,
  0xF79D, 0xF79D, 0xF79D, 0xF79D, 0xF79D, 0xF79D, 0xF79D, 0xF79D, 0xF79D, 0xF79D,
  0xF79D, 0xF79D, 0xF79D, 0xF79D, 0xF79D, 0xF79D, 0xF79D, 0xF79D, 0x5AEE, 0x2108,
  0xEEB6, 0xFF9A, 0xFFDC, 0xFFBB, 0xFFBB, 0xFFBB, 0xFFFC, 0xF7DC, 0x324C, 0xBDB6,
  0xFFFD, 0xFFBB, 0xFFDC, 0xFFDB, 0xFFBB, 0xFF7A, 0xF718, 0xEED6, 0xFF38, 0x2928,
  0x93AA, 0xFF74, 0xFF98, 0xFF98, 0xFF98, 0xFF98, 0xFF98, 0xFF98, 0xFF98, 0xFF98,
  0xFF98, 0xFF98, 0xFF98, 0xFF98, 0xFF98, 0xFF98, 0xFF98, 0xFF98, 0xFF98, 0xFF98,
  0xFF98, 0xFF98, 0xFF98, 0xFF98, 0xFF98, 0xFF98, 0xFF98, 0xFF98, 0xFF98, 0xFF98,
  0xFF98, 0xFFB8, 0xE6B6, 0x2107, 0xDED9, 0xFFFC, 0xFFBB, 0xFFBB, 0xFFBB, 0xFFBB,
  0xFFBB, 0xFFBB, 0xFFBB, 0xFFBB, 0xFFBB, 0xFFBB, 0xFF9B, 0xFFFD, 0x8410, 0x5B8F,
  0xCF5C, 0xF7BC, 0xFFDB, 0xFFBB, 0xFFBB, 0xFFBB, 0xFFBB, 0xFFBB, 0xFFBB, 0xFFBB,
  0xFFBB, 0xFFBB, 0xFFBB, 0xFFBB, 0xFFFD, 0xA4F3, 0x9A49, 0xFC8E, 0xFC6E, 0xFBCC,
  0x91E7, 0xAD53, 0xFF38, 0xF75A, 0xFFDC, 0xFFBB, 0xFFBB, 0xFFDB, 0xFFBB, 0xFFDC,
  0xFFBB, 0xF6F7, 0xEEF7, 0xEEF7, 0xEED7, 0xEEF7, 0xEEF7, 0xEED7, 0xFF38, 0x526C,
  0x18E9, 0xF79D, 0xF79D, 0xF79D, 0xF79D, 0xF79D, 0xF79D, 0xF79D, 0xF79D, 0xF79D,
  0xF79D, 0xF79D, 0xF79D, 0xF79D, 0xF79D, 0xF79D, 0xF79D, 0xF79D, 0xF79D, 0xF79D,
  0xF79D, 0xF79D, 0xF79D, 0xF79D, 0xF79D, 0xF79D, 0x9CD4, 0x0867, 0xCDD4, 0xFF38,
  0xFF9A, 0xFFDC, 0xFFBB, 0xFFBB, 0xFFDC, 0xFFFD, 0x7452, 0x5A8C, 0xFFBB, 0xF739,
  0xF759, 0xF739, 0xF718, 0xEED7, 0xEEF7, 0xFF99, 0x62CC, 0x3988, 0xFED2, 0xFF56,
  0xFF98, 0xFF98, 0xFF98, 0xFF98, 0xFF98, 0xFF98, 0xFF98, 0xFF98, 0xFF98, 0xFF98,
  0xFF98, 0xFF98, 0xFF98, 0xFF98, 0xFF98, 0xFF98, 0xFF98, 0xFF98, 0xFF98, 0xFF98,
  0xFF98, 0xFF98, 0xFF98, 0xFF98, 0xFF98, 0xFF98, 0xFF98, 0xFF98, 0xFF98, 0xFFB8,
  0xEF16, 0x2107, 0xD678, 0xFFFD, 0xFFBB, 0xFFBB, 0xFFBB, 0xFFBB, 0xFFBB, 0xFFBB,
  0xFFBB, 0xFFBB, 0xFFBB, 0xFFBB, 0xFFBB, 0xFFFD, 0x9CB2, 0x4ACD, 0xCF5C, 0xEF7B,
  0xFFDC, 0xFFBB, 0xFFBB, 0xFFBB, 0xFFBB, 0xFFBB, 0xFFBB, 0xFFBB, 0xFFBB, 0xFFBB,
  0xFFBB, 0xFFBC, 0xFFBB, 0xFFFD, 0xA4F3, 0x81E7, 0xFBAB, 0xCA68, 0x7B6D, 0xFF38,
  0xEED7, 0xFFBB, 0xFFDB, 0xFFBB, 0xFFBB, 0xFFBB, 0xFFBB, 0xFFDC, 0xFF9B, 0xEEF7,
  0xF6F7, 0xEEF7, 0xEED7, 0xEEF7, 0xF6F7, 0xEED7, 0xFF38, 0x4A0B, 0x214A, 0xF79D,
  0xF79D, 0xF79D, 0xF79D, 0xF79D, 0xF79D, 0xF79D, 0xF79D, 0xF79D, 0xF79D, 0xF79D,
  0xF79D, 0xF79D, 0xF79D, 0xF79D, 0xF79D, 0xF79D, 0xF79D, 0xF79D, 0xF79D, 0xF79D,
  0xF79D, 0xF79D, 0xF79D, 0xF79D, 0xD6B9, 0x0027, 0x8C31, 0xFF79, 0xEED7, 0xFF59,
  0xFFBB, 0xFFDC, 0xFFDC, 0xFFBB, 0xBEDA, 0x2189, 0xA4B2, 0xFFB9, 0xF6F7, 0xEEF7,
  0xF717, 0xFF78, 0xF738, 0x62CC, 0x20E5, 0xE60F, 0xFF15, 0xFF98, 0xFF98, 0xFF98,
  0xFF98, 0xFF98, 0xFF98, 0xFF98, 0xFF98, 0xFF98, 0xFF98, 0xFF98, 0xFF98, 0xFF98,
  0xFF98, 0xFF98, 0xFF98, 0xFF98, 0xFF98, 0xFF98, 0xFF98, 0xFF98, 0xFF98, 0xFF98,
  0xFF98, 0xFF98, 0xFF98, 0xFF98, 0xFF98, 0xFF98, 0xFF98, 0xFF98, 0xFF97, 0x3168,
  0xAD34, 0xFFFD, 0xFFBB, 0xFFBB, 0xFFBB, 0xFFBB, 0xFFBB, 0xFFBB, 0xFFBB, 0xFFBB,
  0xFFBB, 0xFFBB, 0xFFBB, 0xFFFD, 0xA4D3, 0x4AAD, 0xCF5C, 0xE75B, 0xFFFC, 0xFFBB,
  0xFFDB, 0xFFBB, 0xFFBB, 0xFFBB, 0xFFBB, 0xFFBB, 0xFFBB, 0xFFBB, 0xFFBB, 0xFFBB,
  0xFFDC, 0xFFBB, 0xFFFC, 0xBE16, 0x826A, 0x7ACB, 0xE6D7, 0xF6F7, 0xF739, 0xFFDC,
  0xFFBB, 0xFFBB, 0xFFBB, 0xFFBB, 0xFFBB, 0xFFDC, 0xFF7A, 0xEED7, 0xF6F7, 0xEED7,
  0xEEF7, 0xEEF7, 0xEEF7, 0xEEF7, 0xF737, 0x39AA, 0x39CC, 0xF79D, 0xF79D, 0xF79D,
  0xF79D, 0xF79D, 0xF79D, 0xF79D, 0xF79D, 0xF79D, 0xF79D, 0xF79D, 0xF79D, 0xF79D,
  0xF79D, 0xF79D, 0xF79D, 0xF79D, 0xF79D, 0xF79D, 0xF79D, 0xF79D, 0xF79D, 0xF79D,
  0xF79D, 0xF79D, 0xF79D, 0x31AB, 0x398A, 0xF718, 0xEED7, 0xEED7, 0xF6F8, 0xF739,
  0xF738, 0xFF59, 0xBE97, 0x8596, 0x2129, 0x83AF, 0xDE55, 0xEED7, 0xDE56, 0x9C4F,
  0x2948, 0x39A9, 0xEE51, 0xFED2, 0xFF77, 0xFF98, 0xFF98, 0xFF98, 0xFF98, 0xFF98,
  0xFF98, 0xFF98, 0xFF98, 0xFF98, 0xFF98, 0xFF98, 0xFF98, 0xFF98, 0xFF98, 0xFF98,
  0xFF98, 0xFF98, 0xFF98, 0xFF98, 0xFF98, 0xFF98, 0xFF98, 0xFF98, 0xFF98, 0xFF98,
  0xFF98, 0xFF98, 0xFF98, 0xFF98, 0xFF98, 0xFF98, 0xFFF9, 0x62CA, 0x5AAC, 0xFFBA,
  0xFFBB, 0xFFBB, 0xFFBB, 0xFFBB, 0xFFBB, 0xFFBB, 0xFFBB, 0xFFBB, 0xFFBB, 0xFFBB,
  0xFFBB, 0xFFFD, 0x9472, 0x4B2E, 0xCF5C, 0xE75A, 0xFFFC, 0xFFBB, 0xFFBB, 0xFFBB,
  0xFFBB, 0xFFBB, 0xFFBB, 0xFFBB, 0xFFBB, 0xFFBB, 0xFFBB, 0xFFBB, 0xFFBB, 0xFFBB,
  0xFFBB, 0xFF9A, 0xE6B7, 0xE6B7, 0xF718, 0xEEB6, 0xFF7A, 0xFFDC, 0xFFBB, 0xFFBB,
  0xFFBB, 0xFFBB, 0xFFBB, 0xFFDC, 0xF739, 0xEED7, 0xF6F7, 0xEEF7, 0xEEF7, 0xEEF7,
  0xEED7, 0xF6F7, 0xEED6, 0x2928, 0x528D, 0xF79D, 0xF79D, 0xF79D, 0xF79D, 0xF79D,
  0xF79D, 0xF79D, 0xF79D, 0xF79D, 0xF79D, 0xF79D, 0xF79D, 0xF79D, 0xF79D, 0xF79D,
  0xF79D, 0xF79D, 0xF79D, 0xF79D, 0xF79D, 0xF79D, 0xF79D, 0xF79D, 0xF79D, 0xF79D,
  0xF79D, 0xAD76, 0x0006, 0xA4B1, 0xFF79, 0xEED7, 0xF6F7, 0xF6D7, 0xEED7, 0xF6F7,
  0xE6D7, 0xA678, 0x8DD6, 0x220B, 0x2127, 0x3189, 0x2129, 0x1169, 0x0045, 0xD5AF,
  0xFF54, 0xFF77, 0xFF98, 0xFF98, 0xFF98, 0xFF98, 0xFF98, 0xFF98, 0xFF98, 0xFF98,
  0xFF98, 0xFF98, 0xFF98, 0xFF98, 0xFF98, 0xFF98, 0xFF98, 0xFF98, 0xFF98, 0xFF98,
  0xFF98, 0xFF98, 0xFF98, 0xFF98, 0xFF98, 0xFF98, 0xFF98, 0xFF98, 0xFF98, 0xFF98,
  0xFF98, 0xFF98, 0xFF98, 0xFF98, 0xFFF8, 0xC54F, 0x1085, 0xDE55, 0xFF79, 0xFFDC,
  0xFFDC, 0xFFBB, 0xFFBB, 0xFFBB, 0xFFBB, 0xFFBB, 0xFFBB, 0xFFBB, 0xFF9B, 0xFFFE,
  0x738F, 0x63B0, 0xC73C, 0xE75A, 0xFFFC, 0xFFBB, 0xFFBB, 0xFFBB, 0xFFBB, 0xFFBB,
  0xFFBB, 0xFFBB, 0xFFBB, 0xFFBB, 0xFFBB, 0xFFBB, 0xFFDB, 0xFFDC, 0xF739, 0xEED7,
  0xF6F7, 0xF717, 0xF6F7, 0xEED7, 0xFFBB, 0xFFBB, 0xFFBB, 0xFFBB, 0xFFBB, 0xFFBB,
  0xFFBB, 0xFFBB, 0xF6F8, 0xEED7, 0xF6F7, 0xF6F7, 0xF6F7, 0xEED7, 0xEED7, 0xF6F7,
  0xE676, 0x18C8, 0x73B1, 0xF79D, 0xF79D, 0xF79D, 0xF79D, 0xF79D, 0xF79D, 0xF79D,
  0xF79D, 0xF79D, 0xF79D, 0xF79D, 0xF79D, 0xF79D, 0xF79D, 0xF79D, 0xF79D, 0xF79D,
  0xF79D, 0xF79D, 0xF79D, 0xF79D, 0xF79D, 0xF79D, 0xF79D, 0xF79D, 0xF79D, 0xF79D,
  0x39EB, 0x18C8, 0xE696, 0xF718, 0xEED7, 0xF6F7, 0xF6F7, 0xEEF7, 0xFF18, 0xB636,
  0x65D5, 0x6E16, 0x5D33, 0x4C92, 0x6595, 0x54F3, 0x2106, 0xEEB3, 0xFF98, 0xFF98,
  0xFF98, 0xFF98, 0xFF98, 0xFF98, 0xFF98, 0xFF98, 0xFF98, 0xFF98, 0xFF98, 0xFF98,
  0xFF98, 0xFF98, 0xFF98, 0xFF98, 0xFF98, 0xFF98, 0xFF98, 0xFF98, 0xFF98, 0xFF98,
  0xFF98, 0xFF98, 0xFF98, 0xFF98, 0xFF98, 0xFF98, 0xFF98, 0xFF98, 0xFF98, 0xFF98,
  0xFF98, 0xFF98, 0xFF98, 0xFF54, 0x49C7, 0x528C, 0xFF99, 0xF739, 0xFFBB, 0xFFDC,
  0xFFDB, 0xFFBB, 0xFFBB, 0xFFBB, 0xFFBB, 0xFFDB, 0xFFDB, 0xFFDB, 0x420A, 0x84F4,
  0xC73B, 0xE75A, 0xFFFC, 0xFFBB, 0xFFBB, 0xFFBB, 0xFFBB, 0xFFBB, 0xFFBB, 0xFFBB,
  0xFFBB, 0xFFBB, 0xFFBB, 0xFFDC, 0xFFBB, 0xF718, 0xEED7, 0xF6F7, 0xEEF7, 0xF6F7,
  0xD615, 0xF759, 0xFFDC, 0xFFBB, 0xFFBB, 0xFFBB, 0xFFBB, 0xFFBB, 0xFFDC, 0xFF9B,
  0xEED7, 0xEED7, 0xEEF7, 0xEEF7, 0xEEF7, 0xF6D7, 0xEED7, 0xFF38, 0xCDD4, 0x0848,
  0x9CD4, 0xF79D, 0xF79D, 0xF79D, 0xF79D, 0xF79D, 0xF79D, 0xF79D, 0xF79D, 0xF79D,
  0xF79D, 0xF79D, 0xF79D, 0xF79D, 0xF79D, 0xF79D, 0xF79D, 0xF79D, 0xF79D, 0xF79D,
  0xF79D, 0xF79D, 0xF79D, 0xF79D, 0xF79D, 0xF79D, 0xF79D, 0xF79D, 0xD699, 0x0868,
  0x3189, 0xEEB6, 0xFF58, 0xEED7, 0xEED7, 0xEEF7, 0xEEF7, 0xF6D6, 0x95D5, 0x5554,
  0x5D95, 0x6E36, 0x65B5, 0x08E8, 0x4A2B, 0xFFF9, 0xFF97, 0xFF98, 0xFF98, 0xFF98,
  0xFF98, 0xFF98, 0xFF98, 0xFF98, 0xFF98, 0xFF98, 0xFF98, 0xFF98, 0xFF98, 0xFF98,
  0xFF98, 0xFF98, 0xFF98, 0xFF98, 0xFF98, 0xFF98, 0xFF98, 0xFF98, 0xFF98, 0xFF98,
  0xFF98, 0xFF98, 0xFF98, 0xFF98, 0xFF98, 0xFF98, 0xFF98, 0xFF98, 0xFF98, 0xFF98,
  0xFF98, 0xFF97, 0xDDD0, 0x18A7, 0xA4B2, 0xFF99, 0xEED7, 0xF738, 0xFF9A, 0xFFBB,
  0xFFDC, 0xFFDC, 0xFFDB, 0xFFBB, 0xFFBA, 0xDE56, 0x2148, 0xBE99, 0xBEDA, 0xEF9B,
  0xFFDC, 0xFFBB, 0xFFBB, 0xFFBB, 0xFFBB, 0xFFBB, 0xFFBB, 0xFFBB, 0xFFBB, 0xFFDB,
  0xFFDC, 0xFF7A, 0xF6F7, 0xEED7, 0xF6F7, 0xEED7, 0xFF59, 0xB552, 0xD615, 0xFFDB,
  0xFFBB, 0xFFBB, 0xFFBB, 0xFFBB, 0xFFBB, 0xFFBB, 0xFFDC, 0xF75A, 0xEED7, 0xEEF7,
  0xEED7, 0xEEF7, 0xF6F7, 0xEEF7, 0xEED7, 0xFF37, 0x524A, 0x0026, 0xC5F8, 0xF79D,
  0xF79D, 0xF79D, 0xF79D, 0xF79D, 0xF79D, 0xF79D, 0xF79D, 0xF79D, 0xF79D, 0xF79D,
  0xF79D, 0xF79D, 0xF79D, 0xF79D, 0xF79D, 0xF79D, 0xF79D, 0xF79D, 0xF79D, 0xF79D,
  0xF79D, 0xF79D, 0xF79D, 0xF79D, 0xF79D, 0xF79D, 0xF79D, 0xBDD7, 0x0846, 0x294A,
  0xCE15, 0xFF79, 0xFF38, 0xF6F7, 0xEED7, 0xEED6, 0xF6D6, 0xCE96, 0xA676, 0x5C71,
  0x1107, 0x0844, 0x83F0, 0xFFFA, 0xFF77, 0xFF98, 0xFF98, 0xFF98, 0xFF98, 0xFF98,
  0xFF98, 0xFF98, 0xFF98, 0xFF98, 0xFF98, 0xFF98, 0xFF98, 0xFF98, 0xFF98, 0xFF98,
  0xFF98, 0xFF98, 0xFF98, 0xFF98, 0xFF98, 0xFF98, 0xFF98, 0xFF98, 0xFF98, 0xFF98,
  0xFF98, 0xFF98, 0xFF98, 0xFF98, 0xFF98, 0xFF98, 0xFF98, 0xFF98, 0xFF98, 0xFF98,
  0xFFB7, 0x730C, 0x0004, 0x944F, 0xFF78, 0xF6F7, 0xEED7, 0xF718, 0xF738, 0xF738,
  0xF738, 0xEED7, 0xFF78, 0x734D, 0x530F, 0xDF9D, 0xB699, 0xFFDC, 0xFFBB, 0xFFBB,
  0xFFBB, 0xFFBB, 0xFFBB, 0xFFBB, 0xFFDB, 0xFFDB, 0xFFDB, 0xFF9A, 0xF738, 0xEEF7,
  0xEEF7, 0xF6F7, 0xEEB7, 0xFF78, 0xB511, 0x9C6F, 0xFF9A, 0xFFBB, 0xFFBB, 0xFFBB,
  0xFFBB, 0xFFBB, 0xFFBB, 0xFFBB, 0xFFBC, 0xF718, 0xEED7, 0xF6F7, 0xEED7, 0xEED7,
  0xEEF7, 0xEEF7, 0xFF58, 0x842F, 0x1168, 0x18A7, 0xE71B, 0xF79D, 0xF79D, 0xF79D,
  0xF79D, 0xF79D, 0xF79D, 0xF79D, 0xF79D, 0xF79D, 0xF79D, 0xF79D, 0xF79D, 0xF79D,
  0xF79D, 0xF79D, 0xF79D, 0xF79D, 0xF79D, 0xF79D, 0xF79D, 0xF79D, 0xF79D, 0xF79D,
  0xF79D, 0xF79D, 0xF79D, 0xF79D, 0xF79D, 0xF79D, 0xC618, 0x212A, 0x0847, 0x6AEC,
  0xBD93, 0xEEB6, 0xF738, 0xF6F7, 0xE696, 0xC572, 0x628B, 0x0845, 0x8BEF, 0x5229,
  0xAD31, 0xFFF9, 0xFF98, 0xFF98, 0xFF98, 0xFF98, 0xFF98, 0xFF98, 0xFF98, 0xFF98,
  0xFF98, 0xFF98, 0xFF98, 0xFF98, 0xFF98, 0xFF98, 0xFF98, 0xFF98, 0xFF98, 0xFF98,
  0xFF98, 0xFF98, 0xFF98, 0xFF98, 0xFF98, 0xFF98, 0xFF98, 0xFF98, 0xFF98, 0xFF98,
  0xFF98, 0xFF98, 0xFF98, 0xFF98, 0xFF98, 0xFF98, 0xFF98, 0xFF98, 0xFFD9, 0x5A8A,
  0x6B2C, 0x10A6, 0x526B, 0xDE97, 0xFF79, 0xFF37, 0xF6F7, 0xEED6, 0xF6F7, 0xFFB9,
  0xBD53, 0x10E7, 0x7DB5, 0xB6BA, 0xBEDA, 0xFFFD, 0xFFBB, 0xFFDB, 0xFFDB, 0xFFDB,
  0xFFDB, 0xFFBB, 0xFFBB, 0xFF7A, 0xF738, 0xF6F7, 0xEED7, 0xF6F7, 0xEEF7, 0xEED7,
  0xFF78, 0xB511, 0x5AAA, 0xF718, 0xFFBB, 0xFFBB, 0xFFBB, 0xFFBB, 0xFFBB, 0xFFBB,
  0xFFBB, 0xFFBC, 0xFF9B, 0xEEF7, 0xEEF7, 0xF6F7, 0xF6F7, 0xEED7, 0xEED7, 0xFF58,
  0x942F, 0x4C71, 0x2A4C, 0x398A, 0xF79D, 0xF79D, 0xF79D, 0xF79D, 0xF79D, 0xF79D,
  0xF79D, 0xF79D, 0xF79D, 0xF79D, 0xF79D, 0xF79D, 0xF79D, 0xF79D, 0xF79D, 0xF79D,
  0xF79D, 0xF79D, 0xF79D, 0xF79D, 0xF79D, 0xF79D, 0xF79D, 0xF79D, 0xF79D, 0xF79D,
  0xF79D, 0xF79D, 0xF79D, 0xF79D, 0xF79D, 0xEF3B, 0x7BB0, 0x1087, 0x0047, 0x2129,
  0x39EB, 0x39C9, 0x18E7, 0x10A7, 0x4209, 0xC5B3, 0xEED7, 0x39A9, 0xEF16, 0xFFB8,
  0xFF98, 0xFF98, 0xFF98, 0xFF98, 0xFF98, 0xFF98, 0xFF98, 0xFF98, 0xFF98, 0xFF98,
  0xFF98, 0xFF98, 0xFF98, 0xFF98, 0xFF98, 0xFF98, 0xFF98, 0xFF98, 0xFF98, 0xFF98,
  0xFF98, 0xFF98, 0xFF98, 0xFF98, 0xFF98, 0xFF98, 0xFF98, 0xFF98, 0xFF98, 0xFF98,
  0xFF98, 0xFF98, 0xFF98, 0xFF98, 0xFF98, 0xFF98, 0xFF77, 0x31A8, 0xDE76, 0xDE76,
  0x420A, 0x1086, 0x5AAB, 0xB512, 0xE696, 0xEEF7, 0xE696, 0x9C70, 0x18A7, 0x4C51,
  0x6E36, 0x5554, 0xD6B7, 0xFF79, 0xFF7A, 0xFF7A, 0xFF7A, 0xFF79, 0xF739, 0xF718,
  0xF6F7, 0xEED7, 0xEEF7, 0xF6F7, 0xEEF7, 0xEED7, 0xEED7, 0xFF99, 0xA4B1, 0x3188,
  0xE676, 0xFF9A, 0xFFBB, 0xFFBB, 0xFFBB, 0xFFBB, 0xFFBB, 0xFFBB, 0xFFBB, 0xFFDC,
  0xF77A, 0xEED7, 0xF6F7, 0xF6F7, 0xEED7, 0xEEF7, 0xFF38, 0x8BEE, 0x3BCF, 0x6DF6,
  0x10E9, 0x7370, 0xF79D, 0xF79D, 0xF79D, 0xF79D, 0xF79D, 0xF79D, 0xF79D, 0xF79D,
  0xF79D, 0xF79D, 0xF79D, 0xF79D, 0xF79D, 0xF79D, 0xF79D, 0xF79D, 0xF79D, 0xF79D,
  0xF79D, 0xF79D, 0xF79D, 0xF79D, 0xF79D, 0xF79D, 0xF79D, 0xF79D, 0xF79D, 0xF79D,
  0xF79D, 0xF79D, 0xF79D, 0xF79D, 0xF79D, 0xEF5C, 0xB597, 0x83F2, 0x528D, 0x0005,
  0x7B8E, 0xEEB7, 0xFF38, 0xFF57, 0xA490, 0x528B, 0xFFF9, 0xFF77, 0xFF98, 0xFF98,
  0xFF98, 0xFF98, 0xFF98, 0xFF98, 0xFF98, 0xFF98, 0xFF98, 0xFF98, 0xFF98, 0xFF98,
  0xFF98, 0xFF98, 0xFF98, 0xFF98, 0xFF98, 0xFF98, 0xFF98, 0xFF98, 0xFF98, 0xFF98,
  0xFF98, 0xFF98, 0xFF98, 0xFF98, 0xFF98, 0xFF98, 0xFF98, 0xFF98, 0xFF98, 0xFF98,
  0xFF98, 0xFF98, 0xFF98, 0xFFD9, 0xDE96, 0x39C9, 0xEED8, 0xF738, 0xFF38, 0xBD32,
  0x524B, 0x20E7, 0x18A8, 0x318A, 0x2148, 0x1128, 0x4471, 0x6DF6, 0x5D74, 0x85D5,
  0xF6D6, 0xEED7, 0xEED7, 0xEED7, 0xF6D7, 0xEED7, 0xEED7, 0xEED7, 0xEED7, 0xF6F7,
  0xF6F7, 0xEEF7, 0xEED7, 0xF717, 0xFF57, 0x7B8D, 0x2969, 0xDE56, 0xFF79, 0xFFBB,
  0xFFBB, 0xFFBB, 0xFFBB, 0xFFBB, 0xFFBB, 0xFFBB, 0xFFBB, 0xFFBB, 0xF718, 0xEEF7,
  0xF6F7, 0xEED7, 0xF717, 0xFF18, 0x7BCE, 0x3BEF, 0x6616, 0x4C30, 0x0825, 0xB596,
  0xF79D, 0xF79D, 0xF79D, 0xF79D, 0xF79D, 0xF79D, 0xF79D, 0xF79D, 0xF79D, 0xF79D,
  0xF79D, 0xF79D, 0xF79D, 0xF79D, 0xF79D, 0xF79D, 0xF79D, 0xF79D, 0xF79D, 0xF79D,
  0xF79D, 0xF79D, 0xF79D, 0xF79D, 0xF79D, 0xF79D, 0xF79D, 0xF79D, 0xF79D, 0xF79D,
  0xF79D, 0xF79D, 0xF79C, 0xF79D, 0xF79D, 0xF79D, 0xF7BD, 0x0888, 0x83CF, 0xFF58,
  0xE675, 0xFF58, 0x62CB, 0x9490, 0xFFF9, 0xFF78, 0xFF98, 0xFF98, 0xFF98, 0xFF98,
  0xFF98, 0xFF98, 0xFF98, 0xFF98, 0xFF98, 0xFF98, 0xFF98, 0xFF98, 0xFF98, 0xFF98,
  0xFF98, 0xFF98, 0xFF98, 0xFF98, 0xFF98, 0xFF98, 0xFF98, 0xFF98, 0xFF98, 0xFF98,
  0xFF98, 0xFF98, 0xFF98, 0xFF98, 0xFF98, 0xFF98, 0xFF98, 0xFF98, 0xFF98, 0xFF98,
  0xFF78, 0xFFFA, 0xAD33, 0x526B, 0xFF58, 0xEED7, 0xEED7, 0xFF38, 0xFF79, 0xF718,
  0x734D, 0x0004, 0x4C51, 0x6E36, 0x5DB5, 0x5574, 0x6594, 0xDED7, 0xF717, 0xEED7,
  0xEED7, 0xEED7, 0xEEF7, 0xF6F7, 0xF6F7, 0xF6F7, 0xEEF7, 0xEED7, 0xEED7, 0xF6F7,
  0xFF99, 0xD635, 0x39C9, 0x39C9, 0xEEB6, 0xFF59, 0xFF9B, 0xFFBB, 0xFFBB, 0xFFBB,
  0xFFBB, 0xFFBB, 0xFFBB, 0xFFBB, 0xFFDC, 0xFF9A, 0xEED7, 0xEED7, 0xEED7, 0xFF58,
  0xE634, 0x5B2C, 0x4491, 0x65F6, 0x6E16, 0x32AD, 0x1046, 0xE73B, 0xF79D, 0xF79D,
  0xF79D, 0xF79D, 0xF79D, 0xF79D, 0xF79D, 0xF79D, 0xF79D, 0xF79D, 0xF79D, 0xF79D,
  0xF79D, 0xF79D, 0xF79D, 0xF79D, 0xF79D, 0xF79D, 0xF79D, 0xF79D, 0xF79D, 0xF79D,
  0xF79D, 0xF79D, 0xF79D, 0xF79D, 0xF79D, 0xF79D, 0xF79D, 0xF79D, 0xF79D, 0xF79D,
  0xF79D, 0xF79D, 0xF79C, 0xF77C, 0xF79D, 0x422C, 0x3168, 0xF717, 0xF758, 0xF739,
  0x39CA, 0xE6D7, 0xFFD8, 0xFF98, 0xFF98, 0xFF98, 0xFF98, 0xFF98, 0xFF98, 0xFF98,
  0xFF98, 0xFF98, 0xFF98, 0xFF98, 0xFF98, 0xFF98, 0xFF98, 0xFF98, 0xFF98, 0xFF98,
  0xFF98, 0xFF98, 0xFF98, 0xFF98, 0xFF98, 0xFF98, 0xFF98, 0xFF98, 0xFF98, 0xFF98,
  0xFF98, 0xFF98, 0xFF98, 0xFF98, 0xFF98, 0xFF98, 0xFF98, 0xFF98, 0xFF78, 0xFFF9,
  0x62EB, 0x83CE, 0xFF78, 0xEED7, 0xF739, 0xEEF8, 0xEEB7, 0xF6F7, 0xFF37, 0x6B0D,
  0x08A8, 0x4C31, 0x6DF6, 0x7DF5, 0xD696, 0xF6F7, 0xEED7, 0xEED7, 0xEED7, 0xEED7,
  0xEED7, 0xEED7, 0xEED7, 0xEED7, 0xEEF7, 0xFF38, 0xFF78, 0xE695, 0x736D, 0x18C7,
  0x7BAF, 0xFF37, 0xF718, 0xFF9B, 0xFFDB, 0xFFBB, 0xFFDB, 0xFFDB, 0xFFBB, 0xFFBB,
  0xFFBB, 0xFFBB, 0xFFDC, 0xF739, 0xEEB6, 0xF6F7, 0xFF38, 0xBD32, 0x4B4D, 0x4D13,
  0x65F6, 0x65B5, 0x6DD5, 0x10E9, 0x526D, 0xF79D, 0xF79D, 0xF79D, 0xF79D, 0xF79D,
  0xF79D, 0xF79D, 0xF79D, 0xF79D, 0xF79D, 0xF79D, 0xF79D, 0xF79D, 0xF79D, 0xF79D,
  0xF79D, 0xF79D, 0xF79D, 0xF79D, 0xF79D, 0xF79D, 0xF79D, 0xF79D, 0xF79D, 0xF79D,
  0xF79D, 0xF79D, 0xF79D, 0xF79D, 0xF79D, 0xF79D, 0xF79D, 0xF79D, 0xF79D, 0xF79D,
  0xF79D, 0xF77C, 0xF79D, 0x9CF4, 0x0046, 0xD677, 0xFFFD, 0xA4F3, 0x528B, 0xFFFA,
  0xFF77, 0xFF98, 0xFF98, 0xFF98, 0xFF98, 0xFF98, 0xFF98, 0xFF98, 0xFF98, 0xFF98,
  0xFF98, 0xFF98, 0xFF98, 0xFF98, 0xFF98, 0xFF98, 0xFF98, 0xFF98, 0xFF98, 0xFF98,
  0xFF98, 0xFF98, 0xFF98, 0xFF98, 0xFF98, 0xFF98, 0xFF98, 0xFF98, 0xFF98, 0xFF98,
  0xFF98, 0xFFD9, 0xFFF9, 0xFFF9, 0xFFB8, 0xFFB8, 0xFFF9, 0xFF98, 0x2947, 0xCDF4,
  0xF738, 0xEED7, 0xFF9B, 0xFF9A, 0xEEF7, 0xEED7, 0xEEF7, 0xFF79, 0x940F, 0x1065,
  0x21A9, 0xBD74, 0xFF38, 0xFF58, 0xFF58, 0xFF38, 0xFF38, 0xF738, 0xFF38, 0xFF58,
  0xFF78, 0xFF78, 0xF737, 0xCDF4, 0x6B2E, 0x18E6, 0x4209, 0xCDF5, 0xFF79, 0xEEF7,
  0xFF9A, 0xFFDB, 0xFFBB, 0xFFBB, 0xFFBB, 0xFFBB, 0xFFBB, 0xFFBB, 0xFFBB, 0xFFDB,
  0xFF9A, 0xEED7, 0xFF59, 0xEE96, 0x7BCE, 0x3BAE, 0x65D6, 0x6DD5, 0x6594, 0x65F6,
  0x4C30, 0x0005, 0xAD55, 0xF79D, 0xF77C, 0xF79D, 0xF79D, 0xF79D, 0xF79D, 0xF79D,
  0xF79D, 0xF79D, 0xF79D, 0xF79D, 0xF79D, 0xF79D, 0xF79D, 0xF79D, 0xF79D, 0xF79D,
  0xF79D, 0xF79D, 0xF79D, 0xF79D, 0xF79D, 0xF79D, 0xF79D, 0xF79D, 0xF79D, 0xF79D,
  0xF79D, 0xF79D, 0xF79D, 0xF79D, 0xF79D, 0xF79D, 0xF79D, 0xF79D, 0xF79D, 0xF79D,
  0xF79D, 0xE71B, 0x0867, 0x526C, 0xF79B, 0x5AAC, 0x9CD1, 0xFFF9, 0xFF78, 0xFF98,
  0xFF98, 0xFF98, 0xFF98, 0xFF98, 0xFF98, 0xFF98, 0xFF98, 0xFF98, 0xFF98, 0xFF98,
  0xFF98, 0xFF98, 0xFF98, 0xFF98, 0xFF98, 0xFF98, 0xFF98, 0xFF98, 0xFF98, 0xFF98,
  0xFF98, 0xFF98, 0xFF98, 0xFF98, 0xFF98, 0xFF98, 0xFF98, 0xFF98, 0xFFD9, 0x9490,
  0x7BCD, 0xC5F4, 0xEEF7, 0xEF17, 0xDEF6, 0x630C, 0x526B, 0xFF78, 0xEED7, 0xEEF7,
  0xFF9A, 0xFFDB, 0xFF7A, 0xF6F7, 0xEEF7, 0xEED7, 0xFF58, 0xD635, 0x6AED, 0x18C8,
  0x2949, 0x5AAC, 0x8C0F, 0xB512, 0xC5B4, 0xCDD5, 0xC5B4, 0xB532, 0x8C2F, 0x5AAC,
  0x2947, 0x18C7, 0x526C, 0xBD93, 0xFF58, 0xFF38, 0xEEF8, 0xFF9A, 0xFFDB, 0xFFBB,
  0xFFBB, 0xFFBB, 0xFFBB, 0xFFBB, 0xFFBB, 0xFFBB, 0xFFBB, 0xFFBC, 0xFF7A, 0xFEF7,
  0xB4F1, 0x536E, 0x4CD3, 0x65F6, 0x6595, 0x6595, 0x65B5, 0x7616, 0x21AB, 0x20E9,
  0xF79C, 0xF79D, 0xF79D, 0xF79D, 0xF79D, 0xF79D, 0xF79D, 0xF79D, 0xF79D, 0xF79D,
  0xF79D, 0xF79D, 0xF79D, 0xF79D, 0xF79D, 0xF79D, 0xF79D, 0xF79D, 0xF79D, 0xF79D,
  0xF79D, 0xF79D, 0xF79D, 0xF79D, 0xF79D, 0xF79D, 0xF79D, 0xF79D, 0xF79D, 0xF79D,
  0xF79D, 0xF79D, 0xF79D, 0xF79D, 0xF79D, 0xF79D, 0xF79D, 0xF79D, 0xF79D, 0xF79D,
  0x6B4F, 0x0046, 0x6BAE, 0x3188, 0xEF17, 0xFF97, 0xFF98, 0xFF98, 0xFF98, 0xFF98,
  0xFF98, 0xFF98, 0xFF98, 0xFF98, 0xFF98, 0xFF98, 0xFF98, 0xFF98, 0xFF98, 0xFF98,
  0xFF98, 0xFF98, 0xFF98, 0xFF98, 0xFF98, 0xFF98, 0xFF98, 0xFF98, 0xFF98, 0xFF98,
  0xFF98, 0xFF98, 0xFF98, 0xFF98, 0xFF98, 0xFFB8, 0xEF37, 0x6B2B, 0xC5B2, 0x944E,
  0x83CC, 0x838B, 0x7B6B, 0x0864, 0xCDD4, 0xF737, 0xEED7, 0xF718, 0xFFDB, 0xFFBB,
  0xFFDC, 0xFF9A, 0xF6F8, 0xEED7, 0xEED7, 0xF738, 0xFF79, 0xE676, 0x9C70, 0x5A8B,
  0x3168, 0x20E7, 0x18C8, 0x18C8, 0x18C7, 0x20E7, 0x3189, 0x62CC, 0x9C70, 0xDE55,
  0xFF79, 0xFF38, 0xEED7, 0xF718, 0xFFBB, 0xFFDB, 0xFFBB, 0xFFBB, 0xFFBB, 0xFFBB,
  0xFFDB, 0xFFBB, 0xFFBB, 0xFFBB, 0xFFFC, 0xFFDB, 0xCDB4, 0x73AE, 0x43EF, 0x5DB5,
  0x6DF6, 0x6595, 0x6595, 0x6595, 0x65F5, 0x5492, 0x0827, 0x8C73, 0xF79D, 0xF77C,
  0xF79D, 0xF79D, 0xF79D, 0xF79D, 0xF79D, 0xF79D, 0xF79D, 0xF79D, 0xF79D, 0xF79D,
  0xF79D, 0xF79D, 0xF79D, 0xF79D, 0xF79D, 0xF79D, 0xF79D, 0xF79D, 0xF79D, 0xF79D,
  0xF79D, 0xF79D, 0xF79D, 0xF79D, 0xF79D, 0xF79D, 0xF79D, 0xF79D, 0xF79D, 0xF79D,
  0xF79D, 0xF79D, 0xF79D, 0xF79D, 0xF79D, 0xF79D, 0xF79D, 0xF79D, 0xDEDA, 0x18C9,
  0x10A8, 0x83EE, 0xFFFA, 0xFFD8, 0xFFB8, 0xFF98, 0xFF98, 0xFF78, 0xFF77, 0xFF78,
  0xFF78, 0xFF98, 0xFF98, 0xFF98, 0xFF98, 0xFF98, 0xFF98, 0xFF98, 0xFF98, 0xFF98,
  0xFF98, 0xFF98, 0xFF98, 0xFF98, 0xFF98, 0xFF98, 0xFF98, 0xFF98, 0xFF98, 0xFF98,
  0xFF98, 0xFF98, 0xFF98, 0xFFF9, 0xC615, 0x83EE, 0xFFF8, 0xFF74, 0xFE90, 0xFEB0,
  0x5A48, 0x83F0, 0xFF78, 0xEED7, 0xEED7, 0xF759, 0xFFDC, 0xFFBB, 0xFFBB, 0xFFDC,
  0xFFBB, 0xF739, 0xEEF7, 0xEED7, 0xEED7, 0xF717, 0xFF58, 0xFF58, 0xFF17, 0xEED7,
  0xDE76, 0xDE35, 0xDE55, 0xEEB6, 0xFF38, 0xFF79, 0xFF58, 0xF6F7, 0xEEB7, 0xEEF8,
  0xFF7A, 0xFFBB, 0xFFBB, 0xFFBB, 0xFFBB, 0xFFBB, 0xFFBB, 0xFFBB, 0xFFBB, 0xFFBB,
  0xFFFD, 0xFFFD, 0xDED9, 0x842F, 0x43AE, 0x5554, 0x6E16, 0x65B5, 0x6595, 0x65B5,
  0x65B5, 0x65B5, 0x6DF6, 0x1989, 0x18C8, 0xEF5B, 0xF79D, 0xF79D, 0xF79D, 0xF79D,
  0xF79D, 0xF79D, 0xF79D, 0xF79D, 0xF79D, 0xF79D, 0xF79D, 0xF79D, 0xF79D, 0xF79D,
  0xF79D, 0xF79D, 0xF79D, 0xF79D, 0xF79D, 0xF79D, 0xF79D, 0xF79D, 0xF79D, 0xF79D,
  0xF79D, 0xF79D, 0xF79D, 0xF79D, 0xF79D, 0xF79D, 0xF79D, 0xF79D, 0xF79D, 0xF79D,
  0xF79D, 0xF79D, 0xF79D, 0xF79D, 0xF79D, 0xF79D, 0xF79D, 0x7BD1, 0x0006, 0x632C,
  0xAD32, 0xD635, 0xF737, 0xFFB8, 0xFFF9, 0xFFF9, 0xFFF9, 0xFFF9, 0xFFF9, 0xFFF8,
  0xFFD8, 0xFFB8, 0xFF98, 0xFF98, 0xFF78, 0xFF77, 0xFF78, 0xFF78, 0xFF98, 0xFF98,
  0xFF98, 0xFF98, 0xFF98, 0xFF98, 0xFF98, 0xFF98, 0xFF98, 0xFF98, 0xFF98, 0xFF98,
  0xFF78, 0xFFFA, 0x8C4F, 0xB551, 0xFF13, 0xF650, 0xFED1, 0x5A27, 0x526A, 0xFF58,
  0xEED7, 0xEEF7, 0xF6F7, 0xFF9B, 0xFFBB, 0xFFBB, 0xFFBB, 0xFFBB, 0xFFBB, 0xFFDB,
  0xFF9A, 0xF738, 0xF6F7, 0xEED7, 0xEED7, 0xEED7, 0xEED7, 0xF6F7, 0xF6F7, 0xF6F7,
  0xF6F7, 0xF6F7, 0xEED7, 0xEED7, 0xEED7, 0xF6F7, 0xF759, 0xFFBB, 0xFFDB, 0xFFBB,
  0xFFBB, 0xFFBB, 0xFFBB, 0xFFBB, 0xFFBB, 0xFFDB, 0xFFFC, 0xFFFD, 0xDEB9, 0x94B3,
  0x8492, 0x75B5, 0x6616, 0x65B5, 0x6595, 0x65B5, 0x65B5, 0x65B5, 0x6595, 0x6E16,
  0x4BD0, 0x0007, 0x9CF5, 0xF79D, 0xF77C, 0xF79D, 0xF79D, 0xF79D, 0xF79D, 0xF79D,
  0xF79D, 0xF79D, 0xF79D, 0xF79D, 0xF79D, 0xF79D, 0xF79D, 0xF79D, 0xF79D, 0xF79D,
  0xF79D, 0xF79D, 0xF79D, 0xF79D, 0xF79D, 0xF79D, 0xF79D, 0xF79D, 0xF79D, 0xF79D,
  0xF79D, 0xF79D, 0xF79D, 0xF79D, 0xF79D, 0xF79D, 0xF79D, 0xF79D, 0xF79D, 0xF79D,
  0xF79D, 0xF79D, 0xF79D, 0xF79D, 0xF79D, 0xEF5B, 0x3189, 0x0006, 0x2A0B, 0x29EB,
  0x31CA, 0x39C9, 0x4A29, 0x734D, 0x8C2F, 0x9CB0, 0xAD51, 0xC614, 0xDEB6, 0xF757,
  0xFFB8, 0xFFF9, 0xFFF9, 0xFFF9, 0xFFF9, 0xFFF9, 0xFFF9, 0xFFD8, 0xFFB8, 0xFF98,
  0xFF98, 0xFF77, 0xFF77, 0xFF77, 0xFF78, 0xFF98, 0xFF98, 0xFF98, 0xFFB8, 0xEF58,
  0x62CA, 0xF670, 0xFEF2, 0xEE30, 0x49E7, 0x5AAC, 0xFF38, 0xEED7, 0xEEF7, 0xEED7,
  0xF739, 0xFFDB, 0xFFBB, 0xFFBB, 0xFFBB, 0xFFBB, 0xFFBB, 0xFFBB, 0xFFDB, 0xFFDB,
  0xFF9B, 0xF759, 0xF718, 0xF6F8, 0xEEF8, 0xEED7, 0xEED7, 0xEED7, 0xEEF7, 0xEEF7,
  0xF718, 0xF759, 0xFF9A, 0xFFBB, 0xFFDB, 0xFFBB, 0xFFBB, 0xFFBB, 0xFFBB, 0xFFBB,
  0xFFBB, 0xFFFC, 0xFFFD, 0xFFBB, 0xC5F5, 0x8451, 0x7CB2, 0xB659, 0xB6FA, 0x7616,
  0x6595, 0x65B5, 0x65B5, 0x65B5, 0x65B5, 0x6595, 0x65D5, 0x5D33, 0x0867, 0x422C,
  0xF79D, 0xF79D, 0xF79D, 0xF79D, 0xF79D, 0xF79D, 0xF79D, 0xF79D, 0xF79D, 0xF79D,
  0xF79D, 0xF79D, 0xF79D, 0xF79D, 0xF79D, 0xF79D, 0xF79D, 0xF79D, 0xF79D, 0xF79D,
  0xF79D, 0xF79D, 0xF79D, 0xF79D, 0xF79D, 0xF79D, 0xF79D, 0xF79D, 0xF79D, 0xF79D,
  0xF79D, 0xF79D, 0xF79D, 0xF79D, 0xF79D, 0xF79D, 0xF79D, 0xF79D, 0xF79D, 0xF79D,
  0xF79D, 0xF79D, 0xF79D, 0xF79D, 0xC618, 0x0847, 0x3AAE, 0x6E36, 0x5534, 0x4471,
  0x226B, 0x1128, 0x39A9, 0x524B, 0x5A8C, 0x5A6C, 0x4A2B, 0x41E9, 0x4209, 0x4A4A,
  0x62EC, 0x7BAE, 0x9450, 0xA511, 0xC5D3, 0xD675, 0xE6F6, 0xF777, 0xFFD8, 0xFFF9,
  0xFFFA, 0xFFFA, 0xFFF9, 0xFFF9, 0xFFF9, 0xFFB8, 0xFFFA, 0x9491, 0xBCED, 0xFED0,
  0x9C2C, 0x3167, 0x83CF, 0xFF58, 0xEEF7, 0xEEF7, 0xF6F7, 0xF6F7, 0xFF9B, 0xFFBB,
  0xFFBB, 0xFFBB, 0xFFBB, 0xFFBB, 0xFFBB, 0xFFBB, 0xFFBB, 0xFFBB, 0xFFDB, 0xFFDB,
  0xFFBB, 0xFFBB, 0xFF9B, 0xFF9A, 0xFF9A, 0xFF9A, 0xFF9B, 0xFFBB, 0xFFBB, 0xFFDB,
  0xFFDB, 0xFFBB, 0xFFBB, 0xFFBB, 0xFFBB, 0xFFBB, 0xFFFC, 0xFFFD, 0xFFFC, 0xDEB9,
  0xA513, 0x8492, 0x8D14, 0xAE79, 0xCF3C, 0xAEBA, 0x65B5, 0x65B5, 0x65B5, 0x65B5,
  0x65B5, 0x65B5, 0x6595, 0x65B5, 0x6DF5, 0x21AA, 0x1087, 0xDEFA, 0xF79D, 0xF79D,
  0xF79D, 0xF79D, 0xF79D, 0xF79D, 0xF79D, 0xF79D, 0xF79D, 0xF79D, 0xF79D, 0xF79D,
  0xF79D, 0xF79D, 0xF79D, 0xF79D, 0xF79D, 0xF79D, 0xF79D, 0xF79D, 0xF79D, 0xF79D,
  0xF79D, 0xF79D, 0xF79D, 0xF79D, 0xF79D, 0xF79D, 0xF79D, 0xF79D, 0xF79D, 0xF79D,
  0xF79D, 0xF79D, 0xF79D, 0xF79D, 0xF79D, 0xF79D, 0xF79D, 0xF79D, 0xF79D, 0xF79D,
  0xF79D, 0xF77C, 0xF79D, 0x94B3, 0x0006, 0x32CD, 0x6E16, 0x65D6, 0x6616, 0x65B5,
  0x5CF3, 0x6C51, 0x8450, 0xACD1, 0xCD92, 0xD5D3, 0xD5D3, 0xBD53, 0xA4B1, 0x83CF,
  0x6B0C, 0x5A8B, 0x4A2A, 0x41E9, 0x39E9, 0x420A, 0x4A4A, 0x5AAC, 0x6B4D, 0x83EE,
  0x9490, 0xAD53, 0xC5D3, 0xDEB5, 0x9CD0, 0x4A08, 0x93AC, 0x39A7, 0x4A4A, 0xCDD4,
  0xFF79, 0xEED7, 0xEED7, 0xF6F7, 0xF6D7, 0xFF7A, 0xFFDB, 0xFFBB, 0xFFBB, 0xFFBB,
  0xFFBB, 0xFFBB, 0xFFBB, 0xFFBB, 0xFFBB, 0xFFDB, 0xFFBB, 0xFFBB, 0xFFBB, 0xFFBB,
  0xFFBB, 0xFFDB, 0xFFDB, 0xFFDC, 0xFFBB, 0xFFBB, 0xFFBB, 0xFFBB, 0xFF9B, 0xFFBB,
  0xFFFC, 0xFFFC, 0xFFFD, 0xFFDC, 0xDEB8, 0xA534, 0x8471, 0x7C92, 0xA5D7, 0xCF1B,
  0xD75C, 0xD71B, 0xA679, 0x65D5, 0x65B5, 0x65B5, 0x65B5, 0x65B5, 0x65B5, 0x65B5,
  0x65B5, 0x65F5, 0x2A6C, 0x0806, 0xAD55, 0xF79D, 0xF79D, 0xF79D, 0xF79D, 0xF79D,
  0xF79D, 0xF79D, 0xF79D, 0xF79D, 0xF79D, 0xF79D, 0xF79D, 0xF79D, 0xF79D, 0xF79D,
  0xF79D, 0xF79D, 0xF79D, 0xF79D, 0xF79D, 0xF79D, 0xF79D, 0xF79D, 0xF79D, 0xF79D,
  0xF79D, 0xF79D, 0xF79D, 0xF79D, 0xF79D, 0xF79D, 0xF79D, 0xF79D, 0xF79D, 0xF79D,
  0xF79D, 0xF79D, 0xF79D, 0xF79D, 0xF79D, 0xF79D, 0xF79D, 0xF79D, 0xF79D, 0xF79D,
  0xF77C, 0xF79D, 0x8412, 0x0007, 0x32ED, 0x65F5, 0x5D95, 0x6595, 0x65F6, 0x65D5,
  0x5554, 0x4471, 0x4BEF, 0x63EF, 0x8C90, 0xBD73, 0xDE56, 0xFF17, 0xFF78, 0xFFB9,
  0xFF78, 0xFF17, 0xEEB6, 0xDE35, 0xC573, 0xACB1, 0x942F, 0x838E, 0x6B0D, 0x5AAC,
  0x526B, 0x4A0A, 0x3148, 0x4A09, 0x732D, 0xC5B4, 0xFF58, 0xF717, 0xEED7, 0xF6F7,
  0xF6F7, 0xEED7, 0xF759, 0xFFDB, 0xFFBB, 0xFFBB, 0xFFBB, 0xFFBB, 0xFFBB, 0xFFBB,
  0xFFBB, 0xFFBB, 0xFFBB, 0xFFBB, 0xFFBB, 0xFFBB, 0xFFBB, 0xFFBB, 0xFFBB, 0xFFBB,
  0xFFBB, 0xFFBB, 0xFFBB, 0xFFDB, 0xFFFC, 0xFFFD, 0xFFFC, 0xFFDC, 0xEF3A, 0xBDD6,
  0x94D3, 0x8492, 0x84B3, 0xA5D7, 0xC6DA, 0xD75C, 0xCF3C, 0xCEFB, 0xCEFB, 0x9E78,
  0x6DF6, 0x65B5, 0x65B5, 0x65B5, 0x65B5, 0x65B5, 0x65B5, 0x65B5, 0x6E16, 0x3ACD,
  0x0005, 0x8C52, 0xF79D, 0xF77C, 0xF79D, 0xF79D, 0xF79D, 0xF79D, 0xF79D, 0xF79D,
  0xF79D, 0xF79D, 0xF79D, 0xF79D, 0xF79D, 0xF79D, 0xF79D, 0xF79D, 0xF79D, 0xF79D,
  0xF79D, 0xF79D, 0xF79D, 0xF79D, 0xF79D, 0xF79D, 0xF79D, 0xF79D, 0xF79D, 0xF79D,
  0xF79D, 0xF79D, 0xF79D, 0xF79D, 0xF79D, 0xF79D, 0xF79D, 0xF79D, 0xF79D, 0xF79D,
  0xF79D, 0xF79D, 0xF79D, 0xF79D, 0xF79D, 0xF79D, 0xF79D, 0xF79D, 0xF79D, 0xF79D,
  0xF79D, 0x8412, 0x0006, 0x2A6C, 0x65F6, 0x65D5, 0x5D94, 0x65B5, 0x6DD5, 0x8E57,
  0x8657, 0x75F6, 0x6D75, 0x5CB2, 0x5410, 0x5BAF, 0x73CF, 0x8C50, 0xA4F2, 0xC5B3,
  0xE676, 0xF717, 0xFF58, 0xFF98, 0xFFB9, 0xFFBA, 0xFF99, 0xFF79, 0xFF38, 0xF6F7,
  0xEED6, 0xF6F6, 0xFF37, 0xF717, 0xEEB6, 0xEEB6, 0xEED6, 0xEED7, 0xEEF7, 0xF759,
  0xFFBB, 0xFFBB, 0xFFBB, 0xFFBB, 0xFFBB, 0xFFBB, 0xFFBB, 0xFFBB, 0xFFBB, 0xFFBB,
  0xFFBB, 0xFFBB, 0xFFBB, 0xFFBB, 0xFFDB, 0xFFDC, 0xFFFC, 0xFFFD, 0xFFFD, 0xFFFD,
  0xFFFC, 0xF77B, 0xDEB9, 0xB5B5, 0x94D2, 0x8472, 0x8492, 0x9535, 0xB658, 0xCF1B,
  0xCF5C, 0xCF3C, 0xCF1B, 0xC6FA, 0xCEFB, 0xC6DA, 0x8E37, 0x65D6, 0x65B5, 0x65B5,
  0x65B5, 0x65B5, 0x65B5, 0x6595, 0x65D5, 0x65F5, 0x3ACD, 0x0807, 0x7BF0, 0xF79D,
  0xF77C, 0xF79D, 0xF79D, 0xF79D, 0xF79D, 0xF79D, 0xF79D, 0xF79D, 0xF79D, 0xF79D,
  0xF79D, 0xF79D, 0xF79D, 0xF79D, 0xF79D, 0xF79D, 0xF79D, 0xF79D, 0xF79D, 0xF79D,
  0xF79D, 0xF79D, 0xF79D, 0xF79D, 0xF79D, 0xF79D, 0xF79D, 0xF79D, 0xF79D, 0xF79D,
  0xF79D, 0xF79D, 0xF79D, 0xF79D, 0xF79D, 0xF79D, 0xF79D, 0xF79D, 0xF79D, 0xF79D,
  0xF79D, 0xF79D, 0xF79D, 0xF79D, 0xF79D, 0xF79D, 0xF79D, 0xF79D, 0xF79D, 0xF79D,
  0x8C72, 0x0807, 0x21AB, 0x6554, 0x6616, 0x5D95, 0x65B5, 0x8E37, 0xC6DA, 0xD71B,
  0xCF1B, 0xCF3B, 0xC71B, 0xBEFB, 0xB69A, 0xA618, 0x9576, 0x84F4, 0x8492, 0x7C51,
  0x8451, 0x8C51, 0x9CD2, 0xB574, 0xC5F5, 0xD656, 0xE696, 0xF6F7, 0xF738, 0xFF38,
  0xFF38, 0xFF38, 0xFF58, 0xFF38, 0xFF38, 0xFF79, 0xFFFC, 0xFFFC, 0xFFFC, 0xFFFC,
  0xFFFC, 0xFFFC, 0xFFFC, 0xFFFC, 0xFFFC, 0xFFFC, 0xFFFC, 0xFFFC, 0xFFFD, 0xFFFD,
  0xFFFD, 0xFFFC, 0xFFBB, 0xF75B, 0xE6D9, 0xC617, 0xAD54, 0x94B2, 0x8C72, 0x8472,
  0x84D3, 0x9575, 0xAE38, 0xC6DA, 0xCF3C, 0xD75C, 0xCF3B, 0xCEFB, 0xC6FA, 0xC6DA,
  0xCEFB, 0xCEFB, 0xAE99, 0x75F6, 0x65F6, 0x65B5, 0x65B5, 0x65B5, 0x65B5, 0x65B5,
  0x6595, 0x6DF5, 0x65B5, 0x220A, 0x0805, 0x8412, 0xF79D, 0xF79D, 0xF79D, 0xF79D,
  0xF79D, 0xF79D, 0xF79D, 0xF79D, 0xF79D, 0xF79D, 0xF79D, 0xF79D, 0xF79D, 0xF79D,
  0xF79D, 0xF79D, 0xF79D, 0xF79D, 0xF79D, 0xF79D, 0xF79D, 0xF79D, 0xF79D, 0xF79D,
  0xF79D, 0xF79D, 0xF79D, 0xF79D, 0xF79D, 0xF79D, 0xF79D, 0xF79D, 0xF79D, 0xF79D,
  0xF79D, 0xF79D, 0xF79D, 0xF79D, 0xF79D, 0xF79D, 0xF79D, 0xF79D, 0xF79D, 0xF79D,
  0xF79D, 0xF79D, 0xF79D, 0xF79D, 0xF79D, 0xF79D, 0xF79D, 0xF79D, 0xF79D, 0xB5B6,
  0x18A8, 0x0887, 0x4C10, 0x6DF6, 0x65D5, 0x65D5, 0x6DD5, 0x9658, 0xBEDA, 0xCEFB,
  0xCEFB, 0xCEFB, 0xCF1B, 0xCF3B, 0xD73C, 0xD75C, 0xD75C, 0xCF1B, 0xBEBA, 0xB659,
  0xA5D7, 0x9575, 0x8D14, 0x7CB3, 0x7C72, 0x8471, 0x8471, 0x8CB2, 0x8C91, 0x9CB1,
  0x9CF1, 0xB553, 0xBDD5, 0xCE37, 0xD677, 0xDE97, 0xDEB8, 0xDED9, 0xDED9, 0xDED9,
  0xDED9, 0xDE98, 0xD678, 0xC637, 0xC5F6, 0xB594, 0xA534, 0x9CF3, 0x8C92, 0x8451,
  0x7C51, 0x7C72, 0x84B3, 0x8D34, 0x9DB6, 0xB679, 0xC6DB, 0xCF3B, 0xD75C, 0xD75C,
  0xCF1B, 0xCEFB, 0xC6DA, 0xC6FB, 0xC6FB, 0xC6FB, 0xCEFB, 0xCF1B, 0xBEDA, 0x8E38,
  0x6DD6, 0x65D5, 0x65B5, 0x65B5, 0x65B5, 0x65B5, 0x6595, 0x65B5, 0x6E36, 0x5CF3,
  0x1109, 0x0825, 0x9CD3, 0xF79D, 0xF79C, 0xF79D, 0xF79D, 0xF79D, 0xF79D, 0xF79D,
  0xF79D, 0xF79D, 0xF79D, 0xF79D, 0xF79D, 0xF79D, 0xF79D, 0xF79D, 0xF79D, 0xF79D,
  0xF79D, 0xF79D, 0xF79D, 0xF79D, 0xF79D, 0xF79D, 0xF79D, 0xF79D, 0xF79D, 0xF79D,
  0xF79D, 0xF79D, 0xF79D, 0xF79D, 0xF79D, 0xF79D, 0xF79D, 0xF79D, 0xF79D, 0xF79D,
  0xF79D, 0xF79D, 0xF79D, 0xF79D, 0xF79D, 0xF79D, 0xF79D, 0xF79D, 0xF79D, 0xF79D,
  0xF79D, 0xF79D, 0xF79D, 0xF79D, 0xF79D, 0xF79D, 0xF77C, 0xF79D, 0xDEB9, 0x4A2C,
  0x0806, 0x21EB, 0x5D13, 0x6E36, 0x6DD6, 0x65D6, 0x65B5, 0x8E37, 0xB6BA, 0xCEFB,
  0xCF1B, 0xCEFB, 0xC6FA, 0xC6DA, 0xC6DA, 0xC6FA, 0xCEFB, 0xCF1B, 0xCF3B, 0xCF3C,
  0xCF3C, 0xCF3C, 0xCF1B, 0xC6FB, 0xC6DA, 0xB699, 0xAE58, 0xA5F7, 0x9D96, 0x9D96,
  0x9555, 0x8D14, 0x84D3, 0x84D3, 0x84D3, 0x84D3, 0x84D3, 0x84D3, 0x84D3, 0x84F3,
  0x8CF4, 0x8D14, 0x9555, 0x9D96, 0xA5B7, 0xAE18, 0xB659, 0xBEBA, 0xC6FB, 0xCF3C,
  0xCF5C, 0xD75C, 0xD75C, 0xCF3B, 0xCEFB, 0xC6DB, 0xC6DB, 0xC6FB, 0xC6FB, 0xC6FB,
  0xC6FA, 0xC6FB, 0xCEFB, 0xCEFB, 0xBEDA, 0x9658, 0x6DD6, 0x6DF6, 0x65B5, 0x65B5,
  0x65B5, 0x65B5, 0x6595, 0x6595, 0x6DF6, 0x65D5, 0x3B4E, 0x0847, 0x2929, 0xBE17,
  0xF79D, 0xF79D, 0xF79D, 0xF79D, 0xF79D, 0xF79D, 0xF79D, 0xF79D, 0xF79D, 0xF79D,
  0xF79D, 0xF79D, 0xF79D, 0xF79D, 0xF79D, 0xF79D, 0xF79D, 0xF79D, 0xF79D, 0xF79D,
  0xF79D, 0xF79D, 0xF79D, 0xF79D, 0xF79D, 0xF79D, 0xF79D, 0xF79D, 0xF79D, 0xF79D,
  0xF79D, 0xF79D, 0xF79D, 0xF79D, 0xF79D, 0xF79D, 0xF79D, 0xF79D, 0xF79D, 0xF79D,
  0xF79D, 0xF79D, 0xF79D, 0xF79D, 0xF79D, 0xF79D, 0xF79D, 0xF79D, 0xF79D, 0xF79D,
  0xF79D, 0xF79D, 0xF79D, 0xF79D, 0xF79D, 0xF79D, 0xF79D, 0xF79D, 0x9CD4, 0x18C8,
  0x08A8, 0x3AED, 0x5D34, 0x6E16, 0x6DD6, 0x65D6, 0x65B5, 0x7DF6, 0x9E78, 0xBEBA,
  0xCEFB, 0xCEFB, 0xCEFB, 0xC6FB, 0xC6FB, 0xC6FA, 0xC6DA, 0xC6DA, 0xC6DA, 0xC6DA,
  0xC6DA, 0xC6FA, 0xC6FB, 0xCF1B, 0xCF1B, 0xCF3B, 0xCF3C, 0xD73C, 0xD75C, 0xCF3C,
  0xD75C, 0xCF5C, 0xCF3C, 0xCF3C, 0xCF3C, 0xCF5C, 0xCF3C, 0xCF5C, 0xCF5C, 0xCF5C,
  0xCF3C, 0xCF3C, 0xCF3C, 0xCF1B, 0xCF1B, 0xCEFB, 0xC6FB, 0xC6FA, 0xC6FA, 0xC6FA,
  0xCEFB, 0xCEFB, 0xC6FB, 0xCEFB, 0xC6FB, 0xC6FB, 0xC6FB, 0xCEFB, 0xCF1B, 0xCEFB,
  0xB6BA, 0x8E37, 0x6DD5, 0x65F6, 0x65B5, 0x65B5, 0x65B5, 0x65B5, 0x6595, 0x6595,
  0x65D5, 0x6DF6, 0x5492, 0x1949, 0x0006, 0x62EE, 0xE71B, 0xF79D, 0xF77C, 0xF79D,
  0xF79D, 0xF79D, 0xF79D, 0xF79D, 0xF79D, 0xF79D, 0xF79D, 0xF79D, 0xF79D, 0xF79D,
  0xF79D, 0xF79D, 0xF79D, 0xF79D, 0xF79D, 0xF79D, 0xF79D, 0xF79D, 0xF79D, 0xF79D,
  0xF79D, 0xF79D, 0xF79D, 0xF79D, 0xF79D, 0xF79D, 0xF79D, 0xF79D, 0xF79D, 0xF79D,
  0xF79D, 0xF79D, 0xF79D, 0xF79D, 0xF79D, 0xF79D, 0xF79D, 0xF79D, 0xF79D, 0xF79D,
  0xF79D, 0xF79D, 0xF79D, 0xF79D, 0xF79D, 0xF79D, 0xF79D, 0xF79D, 0xF79D, 0xF79D,
  0xF79D, 0xF79D, 0xF79D, 0xF79D, 0xF79D, 0xF79D, 0xF79D, 0xD699, 0x1088, 0x0005,
  0x0024, 0x2A6C, 0x6513, 0x7616, 0x6E16, 0x65F6, 0x65D6, 0x65B5, 0x7E17, 0x9E58,
  0xB6B9, 0xC6FB, 0xCF1B, 0xCEFB, 0xCEFB, 0xC6FB, 0xC6FB, 0xC6FB, 0xC6FB, 0xC6FB,
  0xC6FA, 0xC6FB, 0xC6FB, 0xC6FB, 0xC6DB, 0xC6DA, 0xC6DA, 0xC6DA, 0xC6DA, 0xC6DA,
  0xC6DA, 0xC6DA, 0xC6DA, 0xC6DA, 0xC6DA, 0xC6DA, 0xC6DA, 0xC6DA, 0xC6DA, 0xC6DA,
  0xC6DB, 0xC6FB, 0xC6FB, 0xC6FB, 0xC6FB, 0xC6FB, 0xCEFB, 0xCEFB, 0xC6FB, 0xC6FB,
  0xC6FB, 0xCEFB, 0xCEFB, 0xCF1B, 0xCEFB, 0xBEDA, 0xA678, 0x7E17, 0x65B5, 0x65D6,
  0x65B5, 0x65B5, 0x65B5, 0x65B5, 0x6595, 0x6595, 0x6DF6, 0x6E16, 0x5CF3, 0x220B,
  0x0826, 0x294A, 0xB596, 0xF79D, 0xF79D, 0xF79D, 0xF79D, 0xF79D, 0xF79D, 0xF79D,
  0xF79D, 0xF79D, 0xF79D, 0xF79D, 0xF79D, 0xF79D, 0xF79D, 0xF79D, 0xF79D, 0xF79D,
  0xF79D, 0xF79D, 0xF79D, 0xF79D, 0xF79D, 0xF79D, 0xF79D, 0xF79D, 0xF79D, 0xF79D,
  0xF79D, 0xF79D, 0xF79D, 0xF79D, 0xF79D, 0xF79D, 0xF79D, 0xF79D, 0xF79D, 0xF79D,
  0xF79D, 0xF79D, 0xF79D, 0xF79D, 0xF79D, 0xF79D, 0xF79D, 0xF79D, 0xF79D, 0xF79D,
  0xF79D, 0xF79D, 0xF79D, 0xF79D, 0xF79D, 0xF79D, 0xF79D, 0xF79D, 0xF79D, 0xF79D,
  0xF79D, 0xF79D, 0xF79D, 0xF77C, 0xF77C, 0xAD76, 0x0026, 0xACF1, 0x9450, 0x20E8,
  0x0026, 0x19AA, 0x4C11, 0x6DB5, 0x6E16, 0x65F6, 0x65F6, 0x65D6, 0x6595, 0x75D6,
  0x8E37, 0xA678, 0xB6B9, 0xC6DA, 0xCEFB, 0xCF1B, 0xCEFB, 0xCEFB, 0xC6FB, 0xC6FB,
  0xC6FB, 0xC6FB, 0xC6FA, 0xC6FB, 0xC6FB, 0xC6FB, 0xC6FB, 0xC6FB, 0xC6FB, 0xC6FB,
  0xC6FB, 0xC6FA, 0xC6DA, 0xC6FB, 0xC6FB, 0xC6DB, 0xC6DB, 0xC6FB, 0xC6DA, 0xC6FB,
  0xC6DB, 0xC6FB, 0xC6FB, 0xC6FB, 0xCEFB, 0xCEFB, 0xCEFB, 0xCEFB, 0xCEFB, 0xC6FB,
  0xB6DA, 0x9E78, 0x7E17, 0x6DD6, 0x65F6, 0x65D5, 0x65B5, 0x65B5, 0x65B5, 0x6595,
  0x6595, 0x65B5, 0x6DF6, 0x65F5, 0x5492, 0x326C, 0x0847, 0x18A8, 0x8C52, 0xEF7C,
  0xF79D, 0xF79D, 0xF79D, 0xF79D, 0xF79D, 0xF79D, 0xF79D, 0xF79D, 0xF79D, 0xF79D,
  0xF79D, 0xF79D, 0xF79D, 0xF79D, 0xF79D, 0xF79D, 0xF79D, 0xF79D, 0xF79D, 0xF79D,
  0xF79D, 0xF79D, 0xF79D, 0xF79D, 0xF79D, 0xF79D, 0xF79D, 0xF79D, 0xF79D, 0xF79D,
  0xF79D, 0xF79D, 0xF79D, 0xF79D, 0xF79D, 0xF79D, 0xF79D, 0xF79D, 0xF79D, 0xF79D,
  0xF79D, 0xF79D, 0xF79D, 0xF79D, 0xF79D, 0xF79D, 0xF79D, 0xF79D, 0xF79D, 0xF79D,
  0xF79D, 0xF79D, 0xF79D, 0xF79D, 0xF79D, 0xF79D, 0xF79D, 0xF79D, 0xF79D, 0xF79D,
  0xF79D, 0xF79C, 0xF79D, 0x5B0E, 0x2108, 0xF6F7, 0xFF38, 0xEED7, 0xACF2, 0x4A0B,
  0x0826, 0x0886, 0x224C, 0x4C51, 0x65B5, 0x6E16, 0x6DF6, 0x6DF6, 0x65D6, 0x65D5,
  0x65B5, 0x6DD5, 0x8617, 0x9658, 0xA679, 0xB6B9, 0xBEDA, 0xC6FB, 0xCEFB, 0xCEFB,
  0xCF1B, 0xCEFB, 0xCF1B, 0xCEFB, 0xCEFB, 0xC6FB, 0xC6FB, 0xC6FB, 0xC6FB, 0xC6FB,
  0xC6FB, 0xC6FB, 0xC6FB, 0xC6FB, 0xC6FB, 0xC6FB, 0xCEFB, 0xCEFB, 0xCEFB, 0xCEFB,
  0xCEFB, 0xCEFB, 0xC6FB, 0xBEDA, 0xAEBA, 0x9E79, 0x8E37, 0x75F6, 0x65D5, 0x65F6,
  0x65D5, 0x65B5, 0x65B5, 0x65B5, 0x6595, 0x6595, 0x65B5, 0x6DF6, 0x6E16, 0x6594,
  0x43CF, 0x1148, 0x0004, 0x0006, 0x422C, 0xE73B, 0xF79D, 0xF79D, 0xF79D, 0xF79D,
  0xF79D, 0xF79D, 0xF79D, 0xF79D, 0xF79D, 0xF79D, 0xF79D, 0xF79D, 0xF79D, 0xF79D,
  0xF79D, 0xF79D, 0xF79D, 0xF79D, 0xF79D, 0xF79D, 0xF79D, 0xF79D, 0xF79D, 0xF79D,
  0xF79D, 0xF79D, 0xF79D, 0xF79D, 0xF79D, 0xF79D, 0xF79D, 0xF79D, 0xF79D, 0xF79D,
  0xF79D, 0xF79D, 0xF79D, 0xF79D, 0xF79D, 0xF79D, 0xF79D, 0xF79D, 0xF79D, 0xF79D,
  0xF79D, 0xF79D, 0xF79D, 0xF79D, 0xF79D, 0xF79D, 0xF79D, 0xF79D, 0xF79D, 0xF79D,
  0xF79D, 0xF79D, 0xF79D, 0xF79D, 0xF79D, 0xF79D, 0xF79D, 0xF79D, 0xF79D, 0xF79D,
  0xF79D, 0x216A, 0x528D, 0xFFFC, 0xEF18, 0xF718, 0xFF58, 0xFF58, 0xD5F4, 0x7B8E,
  0x3148, 0x0827, 0x0087, 0x19EA, 0x43D0, 0x5D33, 0x6DD5, 0x6E16, 0x6E16, 0x6DF6,
  0x6DF6, 0x65D6, 0x65D6, 0x65B5, 0x6DB5, 0x75D6, 0x7DF6, 0x8E37, 0x9658, 0x9E78,
  0xAE99, 0xAE99, 0xB6BA, 0xB6BA, 0xBEBA, 0xBEDA, 0xBEDA, 0xBEDA, 0xBEDA, 0xBEDA,
  0xBEDA, 0xBEDA, 0xBEDA, 0xB6BA, 0xB6B9, 0xAE99, 0xA679, 0x9E78, 0x8E37, 0x8617,
  0x75F6, 0x6DD6, 0x65D6, 0x6DF6, 0x6DF6, 0x65D5, 0x65B5, 0x6595, 0x6595, 0x6595,
  0x65B5, 0x65D5, 0x6DF6, 0x6DF6, 0x6594, 0x4C71, 0x224C, 0x0066, 0x0825, 0x4A0B,
  0xB532, 0x41EA, 0x39EB, 0xF79D, 0xF77C, 0xF79D, 0xF79D, 0xF79D, 0xF79D, 0xF79D,
  0xF79D, 0xF79D, 0xF79D, 0xF79D, 0xF79D, 0xF79D, 0xF79D, 0xF79D, 0xF79D, 0xF79D,
  0xF79D, 0xF79D, 0xF79D, 0xF79D, 0xF79D, 0xF79D, 0xF79D, 0xF79D, 0xF79D, 0xF79D,
  0xF79D, 0xF79D, 0xF79D, 0xF79D, 0xF79D, 0xF79D, 0xF79D, 0xF79D, 0xF79D, 0xF79D,
  0xF79D, 0xF79D, 0xF79D, 0xF79D, 0xF79D, 0xF79D, 0xF79D, 0xF79D, 0xF79D, 0xF79D,
  0xF79D, 0xF79D, 0xF79D, 0xF79D, 0xF79D, 0xF79D, 0xF79D, 0xF79D, 0xF79D, 0xF79D,
  0xF79D, 0xF79D, 0xF79D, 0xF79D, 0xF79D, 0xF79D, 0xF79D, 0xF79D, 0xE73B, 0x0845,
  0x8412, 0xFFFE, 0xFFBB, 0xFFBB, 0xF759, 0xF6F8, 0xF717, 0xFF58, 0xF717, 0xCDD5,
  0x83AF, 0x3988, 0x1046, 0x0026, 0x08E8, 0x222B, 0x43AF, 0x5CF3, 0x6595, 0x6DF6,
  0x6E16, 0x6E16, 0x6DF6, 0x6DF6, 0x65D6, 0x65D6, 0x6DD6, 0x6DD6, 0x65B5, 0x65B5,
  0x65B5, 0x65B5, 0x65B5, 0x6DB5, 0x6DD6, 0x6DD6, 0x6DB6, 0x6DB6, 0x6DD6, 0x6DD5,
  0x6DB5, 0x65B5, 0x6DD6, 0x6DD6, 0x6DD6, 0x6DF6, 0x6DD6, 0x65D6, 0x65B5, 0x65B5,
  0x6595, 0x65B5, 0x65B5, 0x65B5, 0x65D5, 0x6DF6, 0x6E16, 0x6E16, 0x65B5, 0x5CF3,
  0x438F, 0x19CA, 0x0087, 0x0026, 0x2928, 0x7B8D, 0xD635, 0xFF38, 0xFF99, 0x734D,
  0x0866, 0xEF3B, 0xF79D, 0xF79D, 0xF79D, 0xF79D, 0xF79D, 0xF79D, 0xF79D, 0xF79D,
  0xF79D, 0xF79D, 0xF79D, 0xF79D, 0xF79D, 0xF79D, 0xF79D, 0xF79D, 0xF79D, 0xF79D,
  0xF79D, 0xF79D, 0xF79D, 0xF79D, 0xF79D, 0xF79D, 0xF79D, 0xF79D, 0xF79D, 0xF79D,
  0xF79D, 0xF79D, 0xF79D, 0xF79D, 0xF79D, 0xF79D, 0xF79D, 0xF79D, 0xF79D, 0xF79D,
  0xF79D, 0xF79D, 0xF79D, 0xF79D, 0xF79D, 0xF79D, 0xF79D, 0xF79D, 0xF79D, 0xF79D,
  0xF79D, 0xF79D, 0xF79D, 0xF79D, 0xF79D, 0xF79D, 0xF79D, 0xF79D, 0xF79D, 0xF79D,
  0xF79D, 0xF79D, 0xF79D, 0xF79D, 0xF79D, 0xF79D, 0xD679, 0x0005, 0xA514, 0xFFFD,
  0xFF9B, 0xFFBB, 0xFFDB, 0xFFBB, 0xFF7A, 0xF738, 0xF6F7, 0xF718, 0xFF79, 0xFF38,
  0xDE55, 0xACF2, 0x730D, 0x3968, 0x1066, 0x0026, 0x0087, 0x1169, 0x2A8D, 0x3B8F,
  0x4C71, 0x5D13, 0x6595, 0x6DF6, 0x6E16, 0x6E16, 0x6E16, 0x6DF6, 0x6DF6, 0x6DF6,
  0x65D6, 0x65D5, 0x65D6, 0x65D6, 0x65D6, 0x65D5, 0x65D5, 0x65D5, 0x65B5, 0x65B5,
  0x65B5, 0x65B5, 0x6DD5, 0x6DD6, 0x6DD6, 0x6DF6, 0x6DF6, 0x6E16, 0x6E36, 0x6E36,
  0x6E16, 0x65B5, 0x5D34, 0x4C51, 0x3B2E, 0x19EA, 0x08A7, 0x0026, 0x1066, 0x39A9,
  0x83AF, 0xCDD5, 0xF717, 0xFF58, 0xF717, 0xEEB7, 0xFF38, 0x9C91, 0x0006, 0xCE59,
  0xF79D, 0xF79D, 0xF79D, 0xF79D, 0xF79D, 0xF79D, 0xF79D, 0xF79D, 0xF79D, 0xF79D,
  0xF79D, 0xF79D, 0xF79D, 0xF79D, 0xF79D, 0xF79D, 0xF79D, 0xF79D, 0xF79D, 0xF79D,
  0xF79D, 0xF79D, 0xF79D, 0xF79D, 0xF79D, 0xF79D, 0xF79D, 0xF79D, 0xF79D, 0xF79D,
  0xF79D, 0xF79D, 0xF79D, 0xF79D, 0xF79D, 0xF79D, 0xF79D, 0xF79D, 0xF79D, 0xF79D,
  0xF79D, 0xF79D, 0xF79D, 0xF79D, 0xF79D, 0xF79D, 0xF79D, 0xF79D, 0xF79D, 0xF79D,
  0xF79D, 0xF79D, 0xF79D, 0xF79D, 0xF79D, 0xF79D, 0xF79D, 0xF79D, 0xF79D, 0xF79D,
  0xF79D, 0xF79D, 0xF79D, 0xF79D, 0xB5B7, 0x0047, 0xCE37, 0xFFFC, 0xFFBB, 0xFFBB,
  0xFFBB, 0xFFBB, 0xFFDB, 0xFFDC, 0xFF9B, 0xF739, 0xEEF7, 0xEED7, 0xF718, 0xFF58,
  0xFF58, 0xF717, 0xDE76, 0xBD52, 0x8BCF, 0x5A8C, 0x3169, 0x1086, 0x0005, 0x0025,
  0x0087, 0x21AA, 0x2A2B, 0x2AAC, 0x3B6E, 0x4BF0, 0x4C51, 0x54B2, 0x54F3, 0x5D33,
  0x6574, 0x6594, 0x6595, 0x65B5, 0x65B5, 0x6595, 0x5D94, 0x6594, 0x6595, 0x6595,
  0x6574, 0x5D13, 0x54D2, 0x5492, 0x4C10, 0x438F, 0x32ED, 0x220B, 0x1128, 0x0087,
  0x0026, 0x0846, 0x20C8, 0x41EA, 0x734D, 0xAD12, 0xDE76, 0xFF38, 0xFF58, 0xFF38,
  0xEEF7, 0xEED7, 0xEED7, 0xEED7, 0xFF38, 0xC593, 0x0847, 0xAD56, 0xF79D, 0xF77C,
  0xF79D, 0xF79D, 0xF79D, 0xF79D, 0xF79D, 0xF79D, 0xF79D, 0xF79D, 0xF79D, 0xF79D,
  0xF79D, 0xF79D, 0xF79D, 0xF79D, 0xF79D, 0xF79D, 0xF79D, 0xF79D, 0xF79D, 0xF79D,
  0xF79D, 0xF79D, 0xF79D, 0xF79D, 0xF79D, 0xF79D, 0xF79D, 0xF79D, 0xF79D, 0xF79D,
  0xF79D, 0xF79D, 0xF79D, 0xF79D, 0xF79D, 0xF79D, 0xF79D, 0xF79D, 0xF79D, 0xF79D,
  0xF79D, 0xF79D, 0xF79D, 0xF79D, 0xF79D, 0xF79D, 0xF79D, 0xF79D, 0xF79D, 0xF79D,
  0xF79D, 0xF79D, 0xF79D, 0xF79D, 0xF79D, 0xF79D, 0xF79D, 0xF79D, 0xF79D, 0xF79D,
  0xF79C, 0xF79D, 0x9CF5, 0x1088, 0xDEBA, 0xFFFC, 0xFFBB, 0xFFBB, 0xFFBB, 0xFFBB,
  0xFFBB, 0xFFBB, 0xFFBB, 0xFFDB, 0xFFBB, 0xF75A, 0xEEF8, 0xEED7, 0xEED7, 0xEEF7,
  0xF717, 0xFF38, 0xFF58, 0xFF78, 0xF717, 0xE675, 0xC593, 0xACD2, 0x8BAF, 0x1087,
  0x0846, 0x3129, 0x1887, 0x0846, 0x0847, 0x0867, 0x0887, 0x10A8, 0x10C8, 0x10E8,
  0x10E8, 0x1108, 0x1108, 0x1129, 0x1109, 0x1108, 0x0086, 0x0066, 0x0046, 0x0046,
  0x0026, 0x0026, 0x0866, 0x18A7, 0x2908, 0x41A9, 0x62AC, 0x83CF, 0xACF2, 0xCDF4,
  0xEED7, 0xFF58, 0xFF78, 0xFF38, 0xF717, 0xEED7, 0xEED7, 0xEED7, 0xEEF7, 0xEEF7,
  0xF6F7, 0xEED7, 0xF6F7, 0xDE35, 0x10A8, 0x9494, 0xF79D, 0xF77C, 0xF79D, 0xF79D,
  0xF79D, 0xF79D, 0xF79D, 0xF79D, 0xF79D, 0xF79D, 0xF79D, 0xF79D, 0xF79D, 0xF79D,
  0xF79D, 0xF79D, 0xF79D, 0xF79D, 0xF79D, 0xF79D, 0xF79D, 0xF79D, 0xF79D, 0xF79D,
  0xF79D, 0xF79D, 0xF79D, 0xF79D, 0xF79D, 0xF79D, 0xF79D, 0xF79D, 0xF79D, 0xF79D,
  0xF79D, 0xF79D, 0xF79D, 0xF79D, 0xF79D, 0xF79D, 0xF79D, 0xF79D, 0xF79D, 0xF79D,
  0xF79D, 0xF79D, 0xF79D, 0xF79D, 0xF79D, 0xF79D, 0xF79D, 0xF79D, 0xF79D, 0xF79D,
  0xF79D, 0xF79D, 0xF79D, 0xF79D, 0xF79D, 0xF79D, 0xF79D, 0xF79D, 0xF77C, 0xF79D,
  0x9493, 0x08A7, 0xC699, 0xFFFD, 0xFFBB, 0xFFBB, 0xFFBB, 0xFFBB, 0xFFBB, 0xFFBB,
  0xFFBB, 0xFFBB, 0xFFBB, 0xFFDC, 0xFF9B, 0xF718, 0xEEF7, 0xF6F7, 0xEED7, 0xEED7,
  0xEED6, 0xEED7, 0xEED7, 0xF6F7, 0xFF58, 0xFF17, 0xAE76, 0x21EB, 0x39CB, 0xF79D,
  0xEF3B, 0xD6BA, 0xCE59, 0xBDD7, 0xB576, 0x9CD4, 0x9473, 0x8412, 0x7BD1, 0x7BB1,
  0x7BB1, 0x7BD1, 0x31AB, 0x1067, 0x83CE, 0x942F, 0x9C70, 0xACF2, 0xBD73, 0xCDD4,
  0xDE55, 0xE696, 0xF6F7, 0xFF38, 0xFF58, 0xFF58, 0xFF38, 0xF717, 0xF6F7, 0xEED7,
  0xEED7, 0xEED7, 0xEEF7, 0xEEF7, 0xEEF7, 0xEEF7, 0xF6F7, 0xF6F7, 0xF6F7, 0xEED7,
  0xF6F7, 0xEEB6, 0x2109, 0x7BF2, 0xF79D, 0xF77C, 0xF79D, 0xF79D, 0xF79D, 0xF79D,
  0xF79D, 0xF79D, 0xF79D, 0xF79D, 0xF79D, 0xF79D, 0xF79D, 0xF79D, 0xF79D, 0xF79D,
  0xF79D, 0xF79D, 0xF79D, 0xF79D, 0xF79D, 0xF79D, 0xF79D, 0xF79D, 0xF79D, 0xF79D,
  0xF79D, 0xF79D, 0xF79D, 0xF79D, 0xF79D, 0xF79D, 0xF79D, 0xF79D, 0xF79D, 0xF79D,
  0xF79D, 0xF79D, 0xF79D, 0xF79D, 0xF79D, 0xF79D, 0xF79D, 0xF79D, 0xF79D, 0xF79D,
  0xF79D, 0xF79D, 0xF79D, 0xF79D, 0xF79D, 0xF79D, 0xF79D, 0xF79D, 0xF79D, 0xF79D,
  0xF79D, 0xF79D, 0xF79D, 0xF79D, 0xF79D, 0xF79D, 0xF77C, 0xF79D, 0x9493, 0x10C8,
  0x9E17, 0xC6F9, 0xEF9B, 0xFFFC, 0xFFDC, 0xFFBB, 0xFFBB, 0xFFBB, 0xFFBB, 0xFFBB,
  0xFFBB, 0xFFBB, 0xFFBB, 0xFFBB, 0xEEF8, 0xEED7, 0xEEF7, 0xEED7, 0xF6F7, 0xF6F7,
  0xFEF7, 0xEED7, 0xBE56, 0x6D54, 0x5DB5, 0x2A4C, 0x2929, 0xF79D, 0xF79D, 0xF79D,
  0xF79D, 0xF79D, 0xF79D, 0xF79D, 0xF79D, 0xF79D, 0xF79D, 0xF79D, 0xF79D, 0xF79D,
  0x4A6C, 0x41EA, 0xFF78, 0xFF38, 0xFF38, 0xFF79, 0xFF79, 0xFF79, 0xFF79, 0xFF7A,
  0xFF7A, 0xF759, 0xF759, 0xF759, 0xF759, 0xF759, 0xF739, 0xF738, 0xF718, 0xEEF7,
  0xEED7, 0xF6F7, 0xEEF7, 0xEEF7, 0xEEF7, 0xF6F7, 0xF6F7, 0xEED7, 0xF6F7, 0xF6F7,
  0x316A, 0x6B50, 0xF79D, 0xF79D, 0xF79D, 0xF79D, 0xF79D, 0xF79D, 0xF79D, 0xF79D,
  0xF79D, 0xF79D, 0xF79D, 0xF79D, 0xF79D, 0xF79D, 0xF79D, 0xF79D, 0xF79D, 0xF79D,
  0xF79D, 0xF79D, 0xF79D, 0xF79D, 0xF79D, 0xF79D, 0xF79D, 0xF79D, 0xF79D, 0xF79D,
  0xF79D, 0xF79D, 0xF79D, 0xF79D, 0xF79D, 0xF79D, 0xF79D, 0xF79D, 0xF79D, 0xF79D,
  0xF79D, 0xF79D, 0xF79D, 0xF79D, 0xF79D, 0xF79D, 0xF79D, 0xF79D, 0xF79D, 0xF79D,
  0xF79D, 0xF79D, 0xF79D, 0xF79D, 0xF79D, 0xF79D, 0xF79D, 0xF79D, 0xF79D, 0xF79D,
  0xF79D, 0xF79D, 0xF79D, 0xF79D, 0xF79C, 0xF79D, 0x9CD4, 0x0887, 0xAE18, 0xB6DA,
  0xAE78, 0xC6D9, 0xDF5B, 0xFFDC, 0xFFFC, 0xFFFC, 0xFFFC, 0xFFDC, 0xFFDB, 0xFFDB,
  0xFFDB, 0xFFDC, 0xFFBB, 0xFF18, 0xFF17, 0xF6F7, 0xEEB7, 0xCE76, 0xA5F5, 0x7595,
  0x5D75, 0x6595, 0x6DF6, 0x2A2B, 0x2929, 0xF79D, 0xF79D, 0xF79D, 0xF79D, 0xF79D,
  0xF77C, 0xF77C, 0xF77C, 0xF77C, 0xF77C, 0xF77C, 0xF77C, 0xF77C, 0x10C6, 0x62EC,
  0xFF9B, 0xF75A, 0xFF9B, 0xFFBB, 0xFFBB, 0xFFBB, 0xFFBB, 0xFFDC, 0xFFDC, 0xFFDC,
  0xFFDC, 0xFFDC, 0xFFDC, 0xFFDC, 0xFFDC, 0xFFDC, 0xFFBB, 0xFF7A, 0xF6F8, 0xEED7,
  0xF6F7, 0xEEF7, 0xEEF7, 0xEEF7, 0xF6F7, 0xF6F7, 0xEEF7, 0xFF17, 0x318A, 0x6310,
  0xF79D, 0xF77C, 0xF79D, 0xF79D, 0xF79D, 0xF79D, 0xF79D, 0xF79D, 0xF79D, 0xF79D,
  0xF79D, 0xF79D, 0xF79D, 0xF79D, 0xF79D, 0xF79D, 0xF79D, 0xF79D, 0xF79D, 0xF79D,
  0xF79D, 0xF79D, 0xF79D, 0xF79D, 0xF79D, 0xF79D, 0xF79D, 0xF79D, 0xF79D, 0xF79D,
  0xF79D, 0xF79D, 0xF79D, 0xF79D, 0xF79D, 0xF79D, 0xF79D, 0xF79D, 0xF79D, 0xF79D,
  0xF79D, 0xF79D, 0xF79D, 0xF79D, 0xF79D, 0xF79D, 0xF79D, 0xF79D, 0xF79D, 0xF79D,
  0xF79D, 0xF79D, 0xF79D, 0xF79D, 0xF79D, 0xF79D, 0xF79D, 0xF79D, 0xF79D, 0xF79D,
  0xF79D, 0xF79D, 0xF79D, 0xF79D, 0xB5B6, 0x0866, 0x9D76, 0xDF7C, 0xEF7C, 0xDF3B,
  0xBEBA, 0xB6B9, 0xB6B9, 0xC6F9, 0xCF1A, 0xD71A, 0xDF3A, 0xDF3A, 0xDF3A, 0xDF5B,
  0xD71A, 0xBE56, 0xA5F5, 0x8DD5, 0x6D95, 0x5D74, 0x5574, 0x5D95, 0x65B5, 0x65B5,
  0x6DF5, 0x220B, 0x39CC, 0xF79D, 0xF79D, 0xF79D, 0xF79D, 0xF79D, 0xF79D, 0xF79D,
  0xF79D, 0xF79D, 0xF79D, 0xF79D, 0xF79D, 0xE71B, 0x0046, 0x8C31, 0xFFFE, 0xFFBB,
  0xFFDC, 0xFFDC, 0xFFBB, 0xFFBB, 0xFFBB, 0xFFBB, 0xFFBB, 0xFFBB, 0xFFBB, 0xFFBB,
  0xFFBB, 0xFFBB, 0xFFBB, 0xFFBB, 0xFFBB, 0xFFDB, 0xFFBB, 0xF718, 0xF6F7, 0xF6F7,
  0xF6F7, 0xF6F7, 0xEEF7, 0xEEF7, 0xFF18, 0xDE96, 0x194A, 0x6B30, 0xF79D, 0xF77C,
  0xF79D, 0xF79D, 0xF79D, 0xF79D, 0xF79D, 0xF79D, 0xF79D, 0xF79D, 0xF79D, 0xF79D,
  0xF79D, 0xF79D, 0xF79D, 0xF79D, 0xF79D, 0xF79D, 0xF79D, 0xF79D, 0xF79D, 0xF79D,
  0xF79D, 0xF79D, 0xF79D, 0xF79D, 0xF79D, 0xF79D, 0xF79D, 0xF79D, 0xF79D, 0xF79D,
  0xF79D, 0xF79D, 0xF79D, 0xF79D, 0xF79D, 0xF79D, 0xF79D, 0xF79D, 0xF79D, 0xF79D,
  0xF79D, 0xF79D, 0xF79D, 0xF79D, 0xF79D, 0xF79D, 0xF79D, 0xF79D, 0xF79D, 0xF79D,
  0xF79D, 0xF79D, 0xF79D, 0xF79D, 0xF79D, 0xF79D, 0xF79D, 0xF79D, 0xF79D, 0xF79D,
  0xF79D, 0xF79D, 0xD6BA, 0x0846, 0x7452, 0xDF7C, 0xEF5C, 0xFF9D, 0xEF5C, 0xC6FB,
  0xBEDA, 0xB6BA, 0xB6BA, 0xAE99, 0xAE99, 0xAE99, 0xA679, 0xAE99, 0xB69A, 0x8E17,
  0x5DB5, 0x5D95, 0x65B5, 0x65B5, 0x65B5, 0x6595, 0x6595, 0x65B5, 0x6DD5, 0x194A,
  0x52AE, 0xF79D, 0xF79C, 0xF79D, 0xF79D, 0xF79D, 0xF79D, 0xF79D, 0xF79D, 0xF79D,
  0xF79D, 0xF79D, 0xF79D, 0xDEDA, 0x0007, 0xA4F4, 0xFFFD, 0xFF9A, 0xFFBB, 0xFFBC,
  0xFFDC, 0xFFBB, 0xFFBB, 0xFFBB, 0xFFBB, 0xFFBB, 0xFFBB, 0xFFBB, 0xFFBB, 0xFFBB,
  0xFFBC, 0xFFBB, 0xFFBB, 0xFFBB, 0xFFDC, 0xFF7A, 0xF6F7, 0xEEF7, 0xEEF7, 0xEEF7,
  0xF6F7, 0xFEF7, 0xC656, 0x6D94, 0x1149, 0x6B30, 0xF79D, 0xF77C, 0xF79D, 0xF79D,
  0xF79D, 0xF79D, 0xF79D, 0xF79D, 0xF79D, 0xF79D, 0xF79D, 0xF79D, 0xF79D, 0xF79D,
  0xF79D, 0xF79D, 0xF79D, 0xF79D, 0xF79D, 0xF79D, 0xF79D, 0xF79D, 0xF79D, 0xF79D,
  0xF79D, 0xF79D, 0xF79D, 0xF79D, 0xF79D, 0xF79D, 0xF79D, 0xF79D, 0xF79D, 0xF79D,
  0xF79D, 0xF79D, 0xF79D, 0xF79D, 0xF79D, 0xF79D, 0xF79D, 0xF79D, 0xF79D, 0xF79D,
  0xF79D, 0xF79D, 0xF79D, 0xF79D, 0xF79D, 0xF79D, 0xF79D, 0xF79D, 0xF79D, 0xF79D,
  0xF79D, 0xF79D, 0xF79D, 0xF79D, 0xF79D, 0xF79D, 0xF79D, 0xF79D, 0xF79D, 0xF79D,
  0xF79D, 0x2129, 0x3A2C, 0xD77C, 0xCEFB, 0xDF3B, 0xD71B, 0xC6FB, 0xCEFB, 0xCEFB,
  0xCEFB, 0xCEFB, 0xCEFB, 0xCEFB, 0xCEFB, 0xCEFB, 0xCEFB, 0xB6BA, 0x65D5, 0x65B5,
  0x65B5, 0x6595, 0x6595, 0x6595, 0x6595, 0x65D5, 0x5CF3, 0x0868, 0x9CB4, 0xF79D,
  0xF77C, 0xF79D, 0xF79D, 0xF79D, 0xF79D, 0xF79D, 0xF79D, 0xF79D, 0xF79D, 0xF79D,
  0xF79D, 0xDEBA, 0x0026, 0x7C72, 0xE79B, 0xFFFC, 0xFFDC, 0xFFBB, 0xFFBB, 0xFFBB,
  0xFFBB, 0xFFBB, 0xFFBB, 0xFFBB, 0xFFBB, 0xFFBB, 0xFFBB, 0xFFBB, 0xFFBB, 0xFFBB,
  0xFFBB, 0xFFBB, 0xFFBB, 0xFF9A, 0xEEF7, 0xF6F7, 0xFF18, 0xFEF7, 0xDE97, 0x95D5,
  0x5D74, 0x65B4, 0x1908, 0x6B50, 0xF79D, 0xF77C, 0xF79D, 0xF79D, 0xF79D, 0xF79D,
  0xF79D, 0xF79D, 0xF79D, 0xF79D, 0xF79D, 0xF79D, 0xF79D, 0xF79D, 0xF79D, 0xF79D,
  0xF79D, 0xF79D, 0xF79D, 0xF79D, 0xF79D, 0xF79D, 0xF79D, 0xF79D, 0xF79D, 0xF79D,
  0xF79D, 0xF79D, 0xF79D, 0xF79D, 0xF79D, 0xF79D, 0xF79D, 0xF79D, 0xF79D, 0xF79D,
  0xF79D, 0xF79D, 0xF79D, 0xF79D, 0xF79D, 0xF79D, 0xF79D, 0xF79D, 0xF79D, 0xF79D,
  0xF79D, 0xF79D, 0xF79D, 0xF79D, 0xF79D, 0xF79D, 0xF79D, 0xF79D, 0xF79D, 0xF79D,
  0xF79D, 0xF79D, 0xF79D, 0xF79D, 0xF79D, 0xF79D, 0xF79D, 0xF77C, 0xF79D, 0x8452,
  0x0888, 0xADF7, 0xCF3C, 0xC6DA, 0xC6FB, 0xCEFB, 0xC6FB, 0xC6FB, 0xC6FB, 0xC6FB,
  0xC6FB, 0xC6FB, 0xC6FB, 0xC6DA, 0xC6FB, 0xB6BA, 0x65B5, 0x65B5, 0x65B5, 0x6595,
  0x6595, 0x6595, 0x5D74, 0x6616, 0x2A2C, 0x1068, 0xE73B, 0xF79D, 0xF79D, 0xF79D,
  0xF79D, 0xF79D, 0xF79D, 0xF79D, 0xF79D, 0xF79D, 0xF79D, 0xF79D, 0xF79D, 0xD6BA,
  0x0846, 0x84D4, 0xBF1B, 0xB6DA, 0xDF3A, 0xFFBB, 0xFFFC, 0xFFFC, 0xFFDC, 0xFFBB,
  0xFFBB, 0xFFBB, 0xFFBB, 0xFFBB, 0xFFBB, 0xFFBB, 0xFFBB, 0xFFBB, 0xFFBB, 0xFFDC,
  0xFFDC, 0xFFFB, 0xFF18, 0xEEB7, 0xC656, 0x8DD5, 0x5D74, 0x5D95, 0x6DD5, 0x6D74,
  0x10C9, 0x8C32, 0xF79D, 0xF77C, 0xF79D, 0xF79D, 0xF79D, 0xF79D, 0xF79D, 0xF79D,
  0xF79D, 0xF79D, 0xF79D, 0xF79D, 0xF79D, 0xF79D, 0xF79D, 0xF79D, 0xF79D, 0xF79D,
  0xF79D, 0xF79D, 0xF79D, 0xF79D, 0xF79D, 0xF79D, 0xF79D, 0xF79D, 0xF79D, 0xF79D,
  0xF79D, 0xF79D, 0xF79D, 0xF79D, 0xF79D, 0xF79D, 0xF79D, 0xF79D, 0xF79D, 0xF79D,
  0xF79D, 0xF79D, 0xF79D, 0xF79D, 0xF79D, 0xF79D, 0xF79D, 0xF79D, 0xF79D, 0xF79D,
  0xF79D, 0xF79D, 0xF79D, 0xF79D, 0xF79D, 0xF79D, 0xF79D, 0xF79D, 0xF79D, 0xF79D,
  0xF79D, 0xF79D, 0xF79D, 0xF79D, 0xF79D, 0xF79D, 0xF79D, 0xEF3B, 0x18E9, 0x298A,
  0xC6FA, 0xCF3C, 0xC6DA, 0xC6FB, 0xC6FB, 0xC6FB, 0xC6FB, 0xCEFB, 0xC6FB, 0xC6FB,
  0xC6DA, 0xC6DA, 0xCEFB, 0x9E78, 0x65D5, 0x65B5, 0x65B5, 0x6595, 0x6594, 0x6595,
  0x6E16, 0x438F, 0x0005, 0x8C72, 0xF79D, 0xF79D, 0xF79D, 0xF79D, 0xF79D, 0xF79D,
  0xF79D, 0xF79D, 0xF79D, 0xF79D, 0xF79D, 0xF79D, 0xF79D, 0xDEDA, 0x0846, 0x84B4,
  0xDF7C, 0xC6DA, 0xBEBA, 0xAE98, 0xBEB9, 0xD73A, 0xE77B, 0xF7BB, 0xFFDC, 0xFFFC,
  0xFFFC, 0xFFFC, 0xFFFC, 0xFFFC, 0xFFFC, 0xFFFC, 0xFFDC, 0xEF7B, 0xD719, 0xBED8,
  0x95F6, 0x6D94, 0x5D54, 0x5D95, 0x65B5, 0x65B5, 0x6DD5, 0x5CF3, 0x1068, 0xA515,
  0xF79D, 0xF77C, 0xF79D, 0xF79D, 0xF79D, 0xF79D, 0xF79D, 0xF79D, 0xF79D, 0xF79D,
  0xF79D, 0xF79D, 0xF79D, 0xF79D, 0xF79D, 0xF79D, 0xF79D, 0xF79D, 0xF79D, 0xF79D,
  0xF79D, 0xF79D, 0xF79D, 0xF79D, 0xF79D, 0xF79D, 0xF79D, 0xF79D, 0xF79D, 0xF79D,
  0xF79D, 0xF79D, 0xF79D, 0xF79D, 0xF79D, 0xF79D, 0xF79D, 0xF79D, 0xF79D, 0xF79D,
  0xF79D, 0xF79D, 0xF79D, 0xF79D, 0xF79D, 0xF79D, 0xF79D, 0xF79D, 0xF79D, 0xF79D,
  0xF79D, 0xF79D, 0xF79D, 0xF79D, 0xF79D, 0xF79D, 0xF79D, 0xF79D, 0xF79D, 0xF79D,
  0xF79D, 0xF79D, 0xF79D, 0xF79D, 0xF79D, 0xF79D, 0xBDB7, 0x0846, 0x31EB, 0xBE99,
  0xD77C, 0xCF1B, 0xC6DA, 0xC6DA, 0xC6FA, 0xC6FA, 0xC6DA, 0xC6FB, 0xC6FB, 0xCEFB,
  0xC6DA, 0x75F6, 0x65B5, 0x6594, 0x6595, 0x65B5, 0x6DF6, 0x6DD5, 0x432E, 0x0827,
  0x630E, 0xF79D, 0xF79D, 0xF79D, 0xF79D, 0xF79D, 0xF79D, 0xF79D, 0xF79D, 0xF79D,
  0xF79D, 0xF79D, 0xF79D, 0xF79D, 0xF79D, 0xEF5C, 0x1087, 0x6390, 0xCF5C, 0xDF3B,
  0xF79D, 0xE75C, 0xC6FB, 0xB6BA, 0xAE99, 0xAE99, 0xB699, 0xB6B9, 0xB6B9, 0xB6B9,
  0xB6B9, 0xB699, 0xB6B9, 0xB699, 0xAE99, 0xAE79, 0xAE99, 0xAE99, 0x6DB5, 0x65D5,
  0x6DB5, 0x6DB5, 0x65B5, 0x6595, 0x6E16, 0x438F, 0x0826, 0xD69A, 0xF79D, 0xF79D,
  0xF79D, 0xF79D, 0xF79D, 0xF79D, 0xF79D, 0xF79D, 0xF79D, 0xF79D, 0xF79D, 0xF79D,
  0xF79D, 0xF79D, 0xF79D, 0xF79D, 0xF79D, 0xF79D, 0xF79D, 0xF79D, 0xF79D, 0xF79D,
  0xF79D, 0xF79D, 0xF79D, 0xF79D, 0xF79D, 0xF79D, 0xF79D, 0xF79D, 0xF79D, 0xF79D,
  0xF79D, 0xF79D, 0xF79D, 0xF79D, 0xF79D, 0xF79D, 0xF79D, 0xF79D, 0xF79D, 0xF79D,
  0xF79D, 0xF79D, 0xF79D, 0xF79D, 0xF79D, 0xF79D, 0xF79D, 0xF79D, 0xF79D, 0xF79D,
  0xF79D, 0xF79D, 0xF79D, 0xF79D, 0xF79D, 0xF79D, 0xF79D, 0xF79D, 0xF79D, 0xF79D,
  0xF79D, 0xF79D, 0xF79D, 0xF79D, 0xF79D, 0xBDB7, 0x18A9, 0x10A9, 0x6BD0, 0xB699,
  0xD77C, 0xD77C, 0xCF5C, 0xCF1B, 0xCF1B, 0xCF1B, 0xCEFB, 0xB6BA, 0x7E17, 0x65F6,
  0x6DD6, 0x6E16, 0x6616, 0x5D74, 0x43CF, 0x1929, 0x0807, 0x7BB1, 0xF79D, 0xF79D,
  0xF79D, 0xF79D, 0xF79D, 0xF79D, 0xF79D, 0xF79D, 0xF79D, 0xF79D, 0xF79D, 0xF79D,
  0xF79D, 0xF79D, 0xF79D, 0xF79D, 0x31AA, 0x29CA, 0xCF5C, 0xCEFB, 0xEF7C, 0xF79D,
  0xE75C, 0xC6FB, 0xCF1B, 0xCF1B, 0xCEFB, 0xC6FB, 0xC6FB, 0xBEDA, 0xBEDA, 0xC6DB,
  0xC6FB, 0xCEFB, 0xCEFB, 0xCEFB, 0xD71B, 0xBEDA, 0x6DB5, 0x65B5, 0x65B5, 0x65B5,
  0x65B5, 0x6595, 0x6E16, 0x21EB, 0x316A, 0xF79D, 0xF79D, 0xF79D, 0xF79D, 0xF79D,
  0xF79D, 0xF79D, 0xF79D, 0xF79D, 0xF79D, 0xF79D, 0xF79D, 0xF79D, 0xF79D, 0xF79D,
  0xF79D, 0xF79D, 0xF79D, 0xF79D, 0xF79D, 0xF79D, 0xF79D, 0xF79D, 0xF79D, 0xF79D,
  0xF79D, 0xF79D, 0xF79D, 0xF79D, 0xF79D, 0xF79D, 0xF79D, 0xF79D, 0xF79D, 0xF79D,
  0xF79D, 0xF79D, 0xF79D, 0xF79D, 0xF79D, 0xF79D, 0xF79D, 0xF79D, 0xF79D, 0xF79D,
  0xF79D, 0xF79D, 0xF79D, 0xF79D, 0xF79D, 0xF79D, 0xF79D, 0xF79D, 0xF79D, 0xF79D,
  0xF79D, 0xF79D, 0xF79D, 0xF79D, 0xF79D, 0xF79D, 0xF79D, 0xF79D, 0xF79D, 0xF79D,
  0xF79D, 0xF79D, 0xF77C, 0xF79D, 0xDEDA, 0x62EE, 0x0826, 0x1088, 0x3A4C, 0x63F1,
  0x8D35, 0x9DD7, 0xA638, 0xA658, 0x8617, 0x65B5, 0x5D74, 0x5D13, 0x5491, 0x438F,
  0x2A2C, 0x10C8, 0x0805, 0x41CB, 0xBDD7, 0xF79D, 0xF79D, 0xF79D, 0xF79D, 0xF79D,
  0xF79D, 0xF79D, 0xF79D, 0xF79D, 0xF79D, 0xF79D, 0xF79D, 0xF79D, 0xF79D, 0xF79D,
  0xF77C, 0xF79D, 0x7BD1, 0x10C8, 0xB699, 0xCF1B, 0xCEFB, 0xCF1B, 0xC6FB, 0xC6FB,
  0xC6FB, 0xCEFB, 0xC6FB, 0xCEFB, 0xCEFB, 0xCEFB, 0xCEFB, 0xCEFB, 0xCEFB, 0xC6FB,
  0xC6FB, 0xC6FB, 0xCF1B, 0x9658, 0x65D6, 0x65B5, 0x65B5, 0x65B5, 0x6595, 0x65F5,
  0x5CD2, 0x0848, 0x8C73, 0xF79D, 0xF77C, 0xF79D, 0xF79D, 0xF79D, 0xF79D, 0xF79D,
  0xF79D, 0xF79D, 0xF79D, 0xF79D, 0xF79D, 0xF79D, 0xF79D, 0xF79D, 0xF79D, 0xF79D,
  0xF79D, 0xF79D, 0xF79D, 0xF79D, 0xF79D, 0xF79D, 0xF79D, 0xF79D, 0xF79D, 0xF79D,
  0xF79D, 0xF79D, 0xF79D, 0xF79D, 0xF79D, 0xF79D, 0xF79D, 0xF79D, 0xF79D, 0xF79D,
  0xF79D, 0xF79D, 0xF79D, 0xF79D, 0xF79D, 0xF79D, 0xF79D, 0xF79D, 0xF79D, 0xF79D,
  0xF79D, 0xF79D, 0xF79D, 0xF79D, 0xF79D, 0xF79D, 0xF79D, 0xF79D, 0xF79D, 0xF79D,
  0xF79D, 0xF79D, 0xF79D, 0xF79D, 0xF79D, 0xF79D, 0xF79D, 0xF79D, 0xF79D, 0xF79D,
  0xF79D, 0xF79D, 0xF79D, 0xF79D, 0xD69A, 0x7BD2, 0x318A, 0x0846, 0x0867, 0x10C8,
  0x1129, 0x196A, 0x1969, 0x1929, 0x10E8, 0x1087, 0x0847, 0x0846, 0x314A, 0x7370,
  0xBDF8, 0xF79D, 0xF79D, 0xF79D, 0xF79D, 0xF79D, 0xF79D, 0xF79D, 0xF79D, 0xF79D,
  0xF79D, 0xF79D, 0xF79D, 0xF79D, 0xF79D, 0xF79D, 0xF79D, 0xF79D, 0xF79D, 0xF79D,
  0xDEDA, 0x0868, 0x6370, 0xDFBD, 0xC6DA, 0xC6FB, 0xCEFB, 0xCEFB, 0xCEFB, 0xCEFB,
  0xC6FB, 0xC6FB, 0xCEFB, 0xCEFB, 0xCEFB, 0xC6FB, 0xC6FB, 0xC6FB, 0xC6FB, 0xCF1B,
  0xC6DA, 0x6DD5, 0x65B5, 0x65B5, 0x65B5, 0x65B5, 0x65D5, 0x6DF5, 0x1949, 0x20E8,
  0xEF5C, 0xF79D, 0xF79D, 0xF79D, 0xF79D, 0xF79D, 0xF79D, 0xF79D, 0xF79D, 0xF79D,
  0xF79D, 0xF79D, 0xF79D, 0xF79D, 0xF79D, 0xF79D, 0xF79D, 0xF79D, 0xF79D, 0xF79D,
  0xF79D, 0xF79D, 0xF79D, 0xF79D, 0xF79D, 0xF79D, 0xF79D, 0xF79D, 0xF79D, 0xF79D,
  0xF79D, 0xF79D, 0xF79D, 0xF79D, 0xF79D, 0xF79D, 0xF79D, 0xF79D, 0xF79D, 0xF79D,
  0xF79D, 0xF79D, 0xF79D, 0xF79D, 0xF79D, 0xF79D, 0xF79D, 0xF79D, 0xF79D, 0xF79D,
  0xF79D, 0xF79D, 0xF79D, 0xF79D, 0xF79D, 0xF79D, 0xF79D, 0xF79D, 0xF79D, 0xF79D,
  0xF79D, 0xF79D, 0xF79D, 0xF79D, 0xF79D, 0xF79D, 0xF79D, 0xF79D, 0xF79D, 0xF79D,
  0xF79D, 0xF79D, 0xF79D, 0xF79D, 0xF79D, 0xE6FB, 0xBDD8, 0x9CF4, 0x8C32, 0x83D1,
  0x7391, 0x7BD1, 0x8C32, 0x9CD4, 0xBDB7, 0xDEDA, 0xF79D, 0xF79D, 0xF79D, 0xF79D,
  0xF79D, 0xF79D, 0xF79D, 0xF79D, 0xF79D, 0xF79D, 0xF79D, 0xF79D, 0xF79D, 0xF79D,
  0xF79D, 0xF79D, 0xF79D, 0xF79D, 0xF79D, 0xF79D, 0xF79D, 0xF79D, 0xF79D, 0x7BD1,
  0x0867, 0x8514, 0xD79D, 0xC6FB, 0xC6FA, 0xCEFB, 0xCEFB, 0xC6FB, 0xCEFB, 0xCEFB,
  0xCEFB, 0xC6FB, 0xC6FB, 0xC6FB, 0xC6FB, 0xC6FB, 0xCEFB, 0xCEFB, 0x8617, 0x65D5,
  0x65B5, 0x6595, 0x6595, 0x65F5, 0x6DF6, 0x324D, 0x0807, 0xBDD7, 0xF79D, 0xF79D,
  0xF79D, 0xF79D, 0xF79D, 0xF79D, 0xF79D, 0xF79D, 0xF79D, 0xF79D, 0xF79D, 0xF79D,
  0xF79D, 0xF79D, 0xF79D, 0xF79D, 0xF79D, 0xF79D, 0xF79D, 0xF79D, 0xF79D, 0xF79D,
  0xF79D, 0xF79D, 0xF79D, 0xF79D, 0xF79D, 0xF79D, 0xF79D, 0xF79D, 0xF79D, 0xF79D,
  0xF79D, 0xF79D, 0xF79D, 0xF79D, 0xF79D, 0xF79D, 0xF79D, 0xF79D, 0xF79D, 0xF79D,
  0xF79D, 0xF79D, 0xF79D, 0xF79D, 0xF79D, 0xF79D, 0xF79D, 0xF79D, 0xF79D, 0xF79D,
  0xF79D, 0xF79D, 0xF79D, 0xF79D, 0xF79D, 0xF79D, 0xF79D, 0xF79D, 0xF79D, 0xF79D,
  0xF79D, 0xF79D, 0xF79D, 0xF79D, 0xF79D, 0xF79D, 0xF79D, 0xF79D, 0xF79D, 0xF79D,
  0xF79D, 0xF77C, 0xF79D, 0xF79D, 0xF79D, 0xF79D, 0xF79D, 0xF79D, 0xF79D, 0xF79D,
  0xF79D, 0xF79D, 0xF79D, 0xF79D, 0xF79D, 0xF77C, 0xF79D, 0xF79D, 0xF79D, 0xF79D,
  0xF79D, 0xF79D, 0xF79D, 0xF79D, 0xF79D, 0xF79D, 0xF79D, 0xF79D, 0xF79D, 0xF79D,
  0xF79D, 0xF79D, 0xF79D, 0xF79D, 0xF79D, 0xF79D, 0xF79D, 0xF77C, 0x4A4B, 0x0867,
  0x7C73, 0xD77C, 0xD75C, 0xC6FB, 0xC6DA, 0xC6DA, 0xC6FB, 0xC6FB, 0xC6FB, 0xC6FB,
  0xC6FB, 0xC6FB, 0xCEFB, 0xCEFB, 0xC6DA, 0x8617, 0x65D5, 0x6595, 0x65B5, 0x65D5,
  0x6616, 0x5CD2, 0x1128, 0x0826, 0xA515, 0xF79D, 0xF79D, 0xF79D, 0xF79D, 0xF79D,
  0xF79D, 0xF79D, 0xF79D, 0xF79D, 0xF79D, 0xF79D, 0xF79D, 0xF79D, 0xF79D, 0xF79D,
  0xF79D, 0xF79D, 0xF79D, 0xF79D, 0xF79D, 0xF79D, 0xF79D, 0xF79D, 0xF79D, 0xF79D,
  0xF79D, 0xF79D, 0xF79D, 0xF79D, 0xF79D, 0xF79D, 0xF79D, 0xF79D, 0xF79D, 0xF79D,
  0xF79D, 0xF79D, 0xF79D, 0xF79D, 0xF79D, 0xF79D, 0xF79D, 0xF79D, 0xF79D, 0xF79D,
  0xF79D, 0xF79D, 0xF79D, 0xF79D, 0xF79D, 0xF79D, 0xF79D, 0xF79D, 0xF79D, 0xF79D,
  0xF79D, 0xF79D, 0xF79D, 0xF79D, 0xF79D, 0xF79D, 0xF79D, 0xF79D, 0xF79D, 0xF79D,
  0xF79D, 0xF79D, 0xF79D, 0xF79D, 0xF79D, 0xF79D, 0xF79D, 0xF79D, 0xF79D, 0xF79D,
  0xF79D, 0xF79D, 0xF79D, 0xF77C, 0xF77C, 0xF77C, 0xF77C, 0xF77C, 0xF77C, 0xF77C,
  0xF79D, 0xF79D, 0xF79D, 0xF79D, 0xF79D, 0xF79D, 0xF79D, 0xF79D, 0xF79D, 0xF79D,
  0xF79D, 0xF79D, 0xF79D, 0xF79D, 0xF79D, 0xF79D, 0xF79D, 0xF79D, 0xF79D, 0xF79D,
  0xF79D, 0xF79D, 0xF79D, 0xF79D, 0xF79D, 0xF79D, 0xF77C, 0x6B50, 0x0849, 0x31EC,
  0x9555, 0xC6FB, 0xD77C, 0xD75C, 0xCF3C, 0xCF1B, 0xCF1B, 0xCF1B, 0xCEFB, 0xCEFB,
  0xBEDA, 0x9E78, 0x6DF6, 0x65F6, 0x65F6, 0x6E16, 0x6DF5, 0x54B2, 0x2A4C, 0x0847,
  0x2929, 0xBDD6, 0xF79D, 0xF79D, 0xF79D, 0xF79D, 0xF79D, 0xF79D, 0xF79D, 0xF79D,
  0xF79D, 0xF79D, 0xF79D, 0xF79D, 0xF79D, 0xF79D, 0xF79D, 0xF79D, 0xF79D, 0xF79D,
  0xF79D, 0xF79D, 0xF79D, 0xF79D, 0xF79D, 0xF79D, 0xF79D, 0xF79D, 0xF79D, 0xF79D,
  0xF79D, 0xF79D, 0xF79D, 0xF79D, 0xF79D, 0xF79D, 0xF79D, 0xF79D, 0xF79D, 0xF79D,
  0xF79D, 0xF79D, 0xF79D, 0xF79D, 0xF79D, 0xF79D, 0xF79D, 0xF79D, 0xF79D, 0xF79D,
  0xF79D, 0xF79D, 0xF79D, 0xF79D, 0xF79D, 0xF79D, 0xF79D, 0xF79D, 0xF79D, 0xF79D,
  0xF79D, 0xF79D, 0xF79D, 0xF79D, 0xF79D, 0xF79D, 0xF79D, 0xF79D, 0xF79D, 0xF79D,
  0xF79D, 0xF79D, 0xF79D, 0xF79D, 0xF79D, 0xF79D, 0xF79D, 0xF79D, 0xF79D, 0xF79D,
  0xF79D, 0xF79D, 0xF79D, 0xF79D, 0xF79D, 0xF79D, 0xF79D, 0xF79D, 0xF79D, 0xF79D,
  0xF79D, 0xF79D, 0xF79D, 0xF79D, 0xF79D, 0xF79D, 0xF79D, 0xF79D, 0xF79D, 0xF79D,
  0xF79D, 0xF79D, 0xF79D, 0xF79D, 0xF79D, 0xF79D, 0xF79D, 0xF79D, 0xF79D, 0xF79D,
  0xF79D, 0xF79D, 0xF79D, 0xF79D, 0xF79D, 0xF79D, 0xAD56, 0x294A, 0x0847, 0x10E7,
  0x4B0E, 0x7CB3, 0x9DD7, 0xAE99, 0xB6B9, 0xAED9, 0x9E99, 0x8637, 0x7616, 0x65F6,
  0x65B5, 0x5533, 0x4C51, 0x330E, 0x1989, 0x0847, 0x18A9, 0x8412, 0xEF5C, 0xF79D,
  0xF79D, 0xF79D, 0xF79D, 0xF79D, 0xF79D, 0xF79D, 0xF79D, 0xF79D, 0xF79D, 0xF79D,
  0xF79D, 0xF79D, 0xF79D, 0xF79D, 0xF79D, 0xF79D, 0xF79D, 0xF79D, 0xF79D, 0xF79D,
  0xF79D, 0xF79D, 0xF79D, 0xF79D, 0xF79D, 0xF79D, 0xF79D, 0xF79D, 0xF79D, 0xF79D,
  0xF79D, 0xF79D, 0xF79D, 0xF79D, 0xF79D, 0xF79D, 0xF79D, 0xF79D, 0xF79D, 0xF79D,
  0xF79D, 0xF79D, 0xF79D, 0xF79D, 0xF79D, 0xF79D, 0xF79D, 0xF79D, 0xF79D, 0xF79D,
  0xF79D, 0xF79D, 0xF79D, 0xF79D, 0xF79D, 0xF79D, 0xF79D, 0xF79D, 0xF79D, 0xF79D,
  0xF79D, 0xF79D, 0xF79D, 0xF79D, 0xF79D, 0xF79D, 0xF79D, 0xF79D, 0xF79D, 0xF79D,
  0xF79D, 0xF79D, 0xF79D, 0xF79D, 0xF79D, 0xF79D, 0xF79D, 0xF79D, 0xF79D, 0xF79D,
  0xF79D, 0xF79D, 0xF79D, 0xF79D, 0xF79D, 0xF79D, 0xF79D, 0xF79D, 0xF79D, 0xF79D,
  0xF79D, 0xF79D, 0xF79D, 0xF79D, 0xF79D, 0xF79D, 0xF79D, 0xF79D, 0xF79D, 0xF79D,
  0xF79D, 0xF79D, 0xF79D, 0xF79D, 0xF79D, 0xF79D, 0xF79D, 0xF79D, 0xF79D, 0xF79D,
  0xF79D, 0xF79D, 0xF79D, 0xF79D, 0xF79D, 0xF79D, 0xB596, 0x5AAD, 0x18C7, 0x0867,
  0x10A8, 0x1109, 0x1969, 0x21EA, 0x220B, 0x220B, 0x21EB, 0x196A, 0x1108, 0x0887,
  0x0826, 0x18A7, 0x4A4C, 0x9CD4, 0xEF3B, 0xF79D, 0xF79D, 0xF79D, 0xF79D, 0xF79D,
  0xF79D, 0xF79D, 0xF79D, 0xF79D, 0xF79D, 0xF79D, 0xF79D, 0xF79D, 0xF79D, 0xF79D,
  0xF79D, 0xF79D, 0xF79D, 0xF79D, 0xF79D, 0xF79D, 0xF79D, 0xF79D, 0xF79D, 0xF79D,
  0xF79D, 0xF79D, 0xF79D, 0xF79D, 0xF79D, 0xF79D, 0xF79D, 0xF79D, 0xF79D, 0xF79D,
  0xF79D, 0xF79D, 0xF79D, 0xF79D, 0xF79D, 0xF79D, 0xF79D, 0xF79D, 0xF79D, 0xF79D,
  0xF79D, 0xF79D, 0xF79D, 0xF79D, 0xF79D, 0xF79D, 0xF79D, 0xF79D, 0xF79D, 0xF79D,
  0xF79D, 0xF79D, 0xF79D, 0xF79D, 0xF79D, 0xF79D, 0xF79D, 0xF79D, 0xF79D, 0xF79D,
  0xF79D, 0xF79D, 0xF79D, 0xF79D, 0xF79D, 0xF79D, 0xF79D, 0xF79D, 0xF79D, 0xF79D,
  0xF79D, 0xF79D, 0xF79D, 0xF79D, 0xF79D, 0xF79D, 0xF79D, 0xF79D, 0xF79D, 0xF79D,
  0xF79D, 0xF79D, 0xF79D, 0xF79D, 0xF79D, 0xF79D, 0xF79D, 0xF79D, 0xF79D, 0xF79D,
  0xF79D, 0xF79D, 0xF79D, 0xF79D, 0xF79D, 0xF79D, 0xF79D, 0xF79D, 0xF79D, 0xF79D,
  0xF79D, 0xF79D, 0xF79D, 0xF79D, 0xF79D, 0xF79D, 0xF79D, 0xF79D, 0xF79D, 0xF79D,
  0xF79D, 0xF79D, 0xF79D, 0xF79D, 0xF79D, 0xF79D, 0xEF7C, 0xC618, 0x9494, 0x7350,
  0x4A4C, 0x41EA, 0x318A, 0x318A, 0x41CC, 0x4A0C, 0x630F, 0x8C53, 0xBDD7, 0xE73B,
  0xF79D, 0xF79D, 0xF79D, 0xF77C, 0xF79D, 0xF79D, 0xF79D, 0xF79D, 0xF79D, 0xF79D,
  0xF79D, 0xF79D, 0xF79D, 0xF79D, 0xF79D, 0xF79D, 0xF79D, 0xF79D, 0xF79D, 0xF79D,
  0xF79D, 0xF79D, 0xF79D, 0xF79D, 0xF79D, 0xF79D, 0xF79D, 0xF79D, 0xF79D, 0xF79D,
  0xF79D, 0xF79D, 0xF79D, 0xF79D, 0xF79D, 0xF79D, 0xF79D, 0xF79D, 0xF79D, 0xF79D,
  0xF79D, 0xF79D, 0xF79D, 0xF79D, 0xF79D, 0xF79D, 0xF79D, 0xF79D, 0xF79D, 0xF79D,
  0xF79D, 0xF79D, 0xF79D, 0xF79D, 0xF79D, 0xF79D, 0xF79D, 0xF79D, 0xF79D, 0xF79D,
  0xF79D, 0xF79D, 0xF79D, 0xF79D, 0xF79D, 0xF79D, 0xF79D, 0xF79D, 0xF79D, 0xF79D,
  0xF79D, 0xF79D, 0xF79D, 0xF79D, 0xF79D, 0xF79D, 0xF79D, 0xF79D, 0xF79D, 0xF79D,
  0xF79D, 0xF79D, 0xF79D, 0xF79D, 0xF79D, 0xF79D, 0xF79D, 0xF79D, 0xF79D, 0xF79D,
  0xF79D, 0xF79D, 0xF79D, 0xF79D, 0xF79D, 0xF79D, 0xF79D, 0xF79D, 0xF79D, 0xF79D,
  0xF79D, 0xF79D, 0xF79D, 0xF79D, 0xF79D, 0xF79D, 0xF79D, 0xF79D, 0xF79D, 0xF79D,
  0xF79D, 0xF79D, 0xF79D, 0xF79D, 0xF79D, 0xF79D, 0xF79D, 0xF79D, 0xF79D, 0xF79D,
  0xF79D, 0xF79D, 0xF79D, 0xF79D, 0xF79D, 0xF79D, 0xF79D, 0xF79D, 0xF79D, 0xF79D,
  0xF79D, 0xF79D, 0xF79D, 0xF79D, 0xF79D, 0xF79D, 0xF79D, 0xF79D, 0xF79D, 0xF79D,
  0xF79D, 0xF79D, 0xF79D, 0xF79D, 0xF79D, 0xF79D, 0xF79D, 0xF79D, 0xF79D, 0xF79D,
  0xF79D, 0xF79D, 0xF79D, 0xF79D, 0xF79D, 0xF79D, 0xF79D, 0xF79D, 0xF79D, 0xF79D,
  0xF79D, 0xF79D, 0xF79D, 0xF79D, 0xF79D, 0xF79D, 0xF79D, 0xF79D, 0xF79D, 0xF79D,
  0xF79D, 0xF79D, 0xF79D, 0xF79D, 0xF79D, 0xF79D, 0xF79D, 0xF79D, 0xF79D, 0xF79D,
  0xF79D, 0xF79D, 0xF79D, 0xF79D, 0xF79D, 0xF79D, 0xF79D, 0xF79D, 0xF79D, 0xF79D,
  0xF79D, 0xF79D, 0xF79D, 0xF79D, 0xF79D, 0xF79D, 0xF79D, 0xF79D, 0xF79D, 0xF79D,
  0xF79D, 0xF79D, 0xF79D, 0xF79D, 0xF79D, 0xF79D, 0xF79D, 0xF79D, 0xF79D, 0xF79D,
  0xF79D, 0xF79D, 0xF79D, 0xF79D, 0xF79D, 0xF79D, 0xF79D, 0xF79D, 0xF79D, 0xF79D,
  0xF79D, 0xF79D, 0xF79D, 0xF79D, 0xF79D, 0xF79D, 0xF79D, 0xF79D, 0xF79D, 0xF79D,
  0xF79D, 0xF79D, 0xF79D, 0xF79D, 0xF79D, 0xF79D, 0xF79D, 0xF79D, 0xF79D, 0xF79D,
  0xF79D, 0xF79D, 0xF79D, 0xF79D, 0xF79D, 0xF79D, 0xF79D, 0xF79D, 0xF79D, 0xF79D,
  0xF79D, 0xF79D, 0xF79D, 0xF79D, 0xF79D, 0xF79D, 0xF79D, 0xF79D, 0xF79D, 0xF79D,
  0xF79D, 0xF79D, 0xF79D, 0xF79D, 0xF79D, 0xF79D, 0xF79D, 0xF79D, 0xF79D, 0xF79D,
  0xF79D, 0xF79D, 0xF79D, 0xF79D, 0xF79D, 0xF79D, 0xF79D, 0xF79D, 0xF79D, 0xF79D,
  0xF79D, 0xF79D, 0xF79D, 0xF79D, 0xF79D, 0xF79D, 0xF79D, 0xF79D, 0xF79D, 0xF79D,
  0xF79D, 0xF79D, 0xF79D, 0xF79D, 0xF79D, 0xF79D, 0xF79D, 0xF79D, 0xF79D, 0xF79D,
  0xF79D, 0xF79D, 0xF79D, 0xF79D, 0xF79D, 0xF79D, 0xF79D, 0xF79D, 0xF79D, 0xF79D,
  0xF79D, 0xF79D, 0xF79D, 0xF79D, 0xF79D, 0xF79D, 0xF79D, 0xF79D, 0xF79D, 0xF79D,
  0xF79D, 0xF79D, 0xF79D, 0xF79D, 0xF79D, 0xF79D, 0xF79D, 0xF79D, 0xF79D, 0xF79D,
  0xF79D, 0xF79D, 0xF79D, 0xF79D, 0xF79D, 0xF79D, 0xF79D, 0xF79D, 0xF79D, 0xF79D,
  0xF79D, 0xF79D, 0xF79D, 0xF79D, 0xF79D, 0xF79D, 0xF79D, 0xF79D, 0xF79D, 0xF79D,
  0xF79D, 0xF79D, 0xF79D, 0xF79D, 0xF79D, 0xF79D, 0xF79D, 0xF79D, 0xF79D, 0xF79D,
  0xF79D, 0xF79D, 0xF79D, 0xF79D, 0xF79D, 0xF79D, 0xF79D, 0xF79D, 0xF79D, 0xF79D,
  0xF79D, 0xF79D, 0xF79D, 0xF79D, 0xF79D, 0xF79D, 0xF79D, 0xF79D, 0xF79D, 0xF79D,
  0xF79D, 0xF79D, 0xF79D, 0xF79D, 0xF79D, 0xF79D, 0xF79D, 0xF79D, 0xF79D, 0xF79D,
  0xF79D, 0xF79D, 0xF79D, 0xF79D, 0xF79D, 0xF79D, 0xF79D, 0xF79D, 0xF79D, 0xF79D,
  0xF79D, 0xF79D, 0xF79D, 0xF79D, 0xF79D, 0xF79D, 0xF79D, 0xF79D, 0xF79D, 0xF79D,
  0xF79D, 0xF79D, 0xF79D, 0xF79D, 0xF79D, 0xF79D, 0xF79D, 0xF79D, 0xF79D, 0xF79D,
  0xF79D, 0xF79D, 0xF79D, 0xF79D, 0xF79D, 0xF79D, 0xF79D, 0xF79D, 0xF79D, 0xF79D,
  0xF79D, 0xF79D, 0xF79D, 0xF79D, 0xF79D, 0xF79D, 0xF79D, 0xF79D, 0xF79D, 0xF79D,
  0xF79D, 0xF79D, 0xF79D, 0xF79D, 0xF79D, 0xF79D, 0xF79D, 0xF79D, 0xF79D, 0xF79D,
  0xF79D, 0xF79D, 0xF79D, 0xF79D, 0xF79D, 0xF79D, 0xF79D, 0xF79D, 0xF79D, 0xF79D,
  0xF79D, 0xF79D, 0xF79D, 0xF79D, 0xF79D, 0xF79D, 0xF79D, 0xF79D, 0xF79D, 0xF79D,
  0xF79D, 0xF79D, 0xF79D, 0xF79D, 0xF79D, 0xF79D, 0xF79D, 0xF79D, 0xF79D, 0xF79D,
  0xF79D, 0xF79D, 0xF79D, 0xF79D, 0xF79D, 0xF79D, 0xF79D, 0xF79D, 0xF79D, 0xF79D,
  0xF79D, 0xF79D, 0xF79D, 0xF79D, 0xF79D, 0xF79D, 0xF79D, 0xF79D, 0xF79D, 0xF79D,
  0xF79D, 0xF79D, 0xF79D, 0xF79D, 0xF79D, 0xF79D, 0xF79D, 0xF79D, 0xF79D, 0xF79D,
  0xF79D, 0xF79D, 0xF79D, 0xF79D, 0xF79D, 0xF79D, 0xF79D, 0xF79D, 0xF79D, 0xF79D,
  0xF79D, 0xF79D, 0xF79D, 0xF79D, 0xF79D, 0xF79D, 0xF79D, 0xF79D, 0xF79D, 0xF79D,
  0xF79D, 0xF79D, 0xF79D, 0xF79D, 0xF79D, 0xF79D, 0xF79D, 0xF79D, 0xF79D, 0xF79D,
  0xF79D, 0xF79D, 0xF79D, 0xF79D, 0xF79D, 0xF79D, 0xF79D, 0xF79D, 0xF79D, 0xF79D,
  0xF79D, 0xF79D, 0xF79D, 0xF79D, 0xF79D, 0xF79D, 0xF79D, 0xF79D, 0xF79D, 0xF79D,
  0xF79D, 0xF79D, 0xF79D, 0xF79D, 0xF79D, 0xF79D, 0xF79D, 0xF79D, 0xF79D, 0xF79D,
  0xF79D, 0xF79D, 0xF79D, 0xF79D, 0xF79D, 0xF79D, 0xF79D, 0xF79D, 0xF79D, 0xF79D,
  0xF79D, 0xF79D, 0xF79D, 0xF79D, 0xF79D, 0xF79D, 0xF79D, 0xF79D, 0xF79D, 0xF79D,
  0xF79D, 0xF79D,
};

const lv_img_dsc_t memo_mascot_large = {
  .header = {.cf = LV_IMG_CF_TRUE_COLOR, .always_zero = 0, .reserved = 0, .w = 138, .h = 164},
  .data_size = sizeof(memo_mascot_large_pixels),
  .data = reinterpret_cast<const uint8_t *>(memo_mascot_large_pixels),
};

LV_ATTRIBUTE_MEM_ALIGN static const uint16_t memo_mascot_small_pixels[] = {
  0xF79D, 0xF79D, 0xF79D, 0xF79D, 0xF79D, 0xF79D, 0xF79D, 0xF79D, 0xF79D, 0xF79D,
  0xF79D, 0xF79D, 0xF79D, 0xF79D, 0xF79D, 0xF79D, 0xF79D, 0xF79D, 0xF79D, 0xF79D,
  0xF79D, 0xF79D, 0xF79D, 0xF79D, 0xF79D, 0xF79D, 0xF79D, 0xF79D, 0xF79D, 0xF79D,
  0xF79D, 0xF79D, 0xF79D, 0xF79D, 0xF79D, 0xF79D, 0xF79D, 0xF79D, 0xF79D, 0xF79D,
  0xF79D, 0xF79D, 0xF79D, 0xF79D, 0xF79D, 0xF79D, 0xF79D, 0xF79D, 0xF79D, 0xF79D,
  0xF79D, 0xF79D, 0xF79D, 0xF79D, 0xF79D, 0xF79D, 0xF79D, 0xF79D, 0xF79D, 0xF79D,
  0xF79D, 0xF79D, 0xF79D, 0xF79D, 0xF79D, 0xF79D, 0xF79D, 0xF79D, 0xF79D, 0xF79D,
  0xF79D, 0xF79D, 0xF79D, 0xF79D, 0xF79D, 0xF79D, 0xF79D, 0xF79D, 0xF79D, 0xF79D,
  0xF79D, 0xF79D, 0xF79D, 0xF79D, 0xF79D, 0xF79D, 0xF79D, 0xF79D, 0xF79D, 0xF79D,
  0xF79D, 0xF79D, 0xF79D, 0xF79D, 0xF79D, 0xF79D, 0xF79D, 0xF79D, 0xF79D, 0xF79D,
  0xF79D, 0xF79D, 0xF79D, 0xF79D, 0xF79D, 0xF79D, 0xF79D, 0xF79D, 0xF79D, 0xF79D,
  0xF79D, 0xF79D, 0xF79D, 0xF79D, 0xF79D, 0xF79D, 0xF79D, 0xF79D, 0xF79D, 0xF79D,
  0xF79D, 0xF79D, 0xF79D, 0xF79D, 0xF79D, 0xF79D, 0xF79D, 0xF79D, 0xF79D, 0xF79D,
  0xF79D, 0xF79D, 0xF79D, 0xF79D, 0xF79D, 0xF79D, 0xF79D, 0xF79D, 0xF79D, 0xF79D,
  0xF79D, 0xF79D, 0xF79D, 0xF79D, 0xF79D, 0xF79D, 0xF79D, 0xF79D, 0xF79D, 0xF79D,
  0xF79D, 0xF79D, 0xF79D, 0xF79D, 0xF79D, 0xF79D, 0xF79D, 0xF79D, 0xF79D, 0xF79D,
  0xF79D, 0xF79D, 0xF79D, 0xF79D, 0xF79D, 0xF79D, 0xF79D, 0xF79D, 0xF79D, 0xF79D,
  0xF79D, 0xF79D, 0xF79D, 0xF79D, 0xF79D, 0xF79D, 0xF79D, 0xF79D, 0xF79D, 0xF79D,
  0xF79D, 0xF79D, 0xF79D, 0xF79D, 0xF79D, 0xF79D, 0xF79D, 0xF79D, 0xF79D, 0xF79D,
  0xF79D, 0xF79D, 0xF79D, 0xF79D, 0xF79D, 0xF79D, 0xF79D, 0xF79D, 0xF79D, 0xF79D,
  0xF79D, 0xF79D, 0xF79D, 0xF79D, 0xF79D, 0xF79D, 0xF79D, 0xF79D, 0xF79D, 0xF79D,
  0xF79D, 0xF79D, 0xF79D, 0xF79D, 0xF79D, 0xF79D, 0xF79D, 0xF79D, 0xF79D, 0xF79D,
  0xF79D, 0xF79D, 0xF79D, 0xF79D, 0xF79D, 0xF79D, 0xF79D, 0xF79D, 0xF79D, 0xF79D,
  0xF79D, 0xF79D, 0xF79D, 0xF79D, 0xF79D, 0xF79D, 0xF79D, 0xF79D, 0xF79D, 0xF79D,
  0xF79D, 0xF79D, 0xF79D, 0xF79D, 0xF79D, 0xF79D, 0xF79D, 0xF79D, 0xF79D, 0xF79D,
  0xF79D, 0xF79D, 0xF79D, 0xF79D, 0xF79D, 0xF79D, 0xF79D, 0xF79D, 0xF79D, 0xF79D,
  0xF79D, 0xF79D, 0xF79D, 0xF79D, 0xF79D, 0xF79D, 0xF79D, 0xF79D, 0xF79D, 0xF79D,
  0xF79D, 0xF79D, 0xF79D, 0xF79D, 0xF79D, 0xF79D, 0xF79D, 0xF79D, 0xF79D, 0xF79D,
  0xF79D, 0xF79D, 0xF79D, 0xF79D, 0xF79D, 0xF79D, 0xF79D, 0xF79D, 0xF79D, 0xF79D,
  0x8C73, 0x5A4B, 0x6A6B, 0x62AD, 0xD679, 0xF79D, 0xF79D, 0xF79D, 0xF79D, 0xF79D,
  0xF79D, 0xF79D, 0xF79D, 0xF79D, 0xF79D, 0xF79D, 0xF79D, 0xF79D, 0xF79D, 0xF79D,
  0xF79D, 0xF79D, 0xF79D, 0xF79D, 0xF79D, 0xF79D, 0xF79D, 0xF79D, 0xF79D, 0xF79D,
  0xF79D, 0xF79D, 0xF79D, 0xF79D, 0xF79D, 0xF79D, 0xF79D, 0xF79D, 0xF79D, 0xF79D,
  0xF79D, 0xF79D, 0xF79D, 0xF79D, 0xF79D, 0xF79D, 0xF79D, 0xF79D, 0xF79D, 0xF79D,
  0xF79D, 0xF79D, 0xF79D, 0xF79D, 0xF79D, 0xF79D, 0xF79D, 0xF79D, 0xF79D, 0xF79D,
  0xF79D, 0xF79D, 0xF79D, 0x9CD4, 0x8B4E, 0xFE14, 0xFC8E, 0xDBED, 0x5A2C, 0xEF3B,
  0xF79D, 0xF79D, 0xF79D, 0xF79D, 0xF79D, 0xF79D, 0xF79D, 0xF79D, 0xF79D, 0xF79D,
  0xF79D, 0xF79D, 0xF79D, 0xF79D, 0xF79D, 0xF79D, 0xF79D, 0xF79D, 0xF79D, 0xF79D,
  0xF79D, 0xF79D, 0xF79D, 0xF79D, 0xF79D, 0xF79D, 0xF79D, 0xF79D, 0xF79D, 0xF79D,
  0xF79D, 0xF79D, 0xF79D, 0xF79D, 0xF79D, 0xF79D, 0xF79D, 0xF79D, 0xF79D, 0xF79D,
  0xF79D, 0xF79D, 0xF79D, 0xF79D, 0xF79D, 0xF79D, 0xF79D, 0xF79D, 0xF79D, 0xF79D,
  0xF79D, 0xF79D, 0xF79D, 0xF79D, 0xF79D, 0xF79D, 0xF77C, 0x5A4B, 0xFD92, 0xFD51,
  0xF42D, 0xFCEF, 0xB2CB, 0x9CF5, 0xF79D, 0xF77C, 0xF79D, 0xF79D, 0xF79D, 0xF79D,
  0xF79D, 0xF79D, 0xF79D, 0xF79D, 0xF79D, 0xF79D, 0xF79D, 0xF79D, 0xF79D, 0xF79D,
  0xF79D, 0xF79D, 0xF79D, 0xF79D, 0xF79D, 0xF79D, 0xF79D, 0xF79D, 0xF79D, 0xF79D,
  0xF79D, 0xF79D, 0xF79D, 0xF79D, 0xF79D, 0xF79D, 0xF79D, 0xF79D, 0xF79D, 0xF79D,
  0xF79D, 0xF79D, 0xF79D, 0xF79D, 0xF79D, 0xF79D, 0xF79D, 0xF79D, 0xF79D, 0xF79D,
  0xF79D, 0xF79D, 0xF79D, 0xF79D, 0xF79D, 0xF79D, 0xF79D, 0xF79D, 0xF79D, 0xF79D,
  0xEF5C, 0x6A6B, 0xFC8E, 0xFC6E, 0xFC6E, 0xFC8E, 0xCAEB, 0x8433, 0xF79D, 0xF77C,
  0xF79D, 0xF79D, 0xF79D, 0xF79D, 0xF79D, 0xF79D, 0xF79D, 0xF79D, 0xF79D, 0xF79D,
  0xF79D, 0xF79D, 0xF79D, 0xF79D, 0xF79D, 0xF79D, 0xF79D, 0xF79D, 0xF79D, 0xF79D,
  0xF79D, 0xF79D, 0xF79D, 0xF79D, 0xF79D, 0xF79D, 0xF79D, 0xF79D, 0xF79D, 0xF79D,
  0xF79D, 0xF79D, 0xF79D, 0xF79D, 0xF79D, 0xF79D, 0xF79D, 0xF79D, 0xF79D, 0xF79D,
  0xF79D, 0xF79D, 0xF79D, 0xF79D, 0xF79D, 0xF79D, 0xF79D, 0xF79D, 0xF79D, 0xF79D,
  0xF79D, 0xF79D, 0xF79D, 0xF79D, 0xF79D, 0x628D, 0xE38C, 0xF3EC, 0xFC2D, 0xFC0C,
  0x81E9, 0xB597, 0xF79D, 0xF79D, 0xF79D, 0xF79D, 0xF79D, 0xF79D, 0xF79D, 0xF79D,
  0xF79D, 0xF79D, 0xF79D, 0xF79D, 0xF79D, 0xF79D, 0xF79D, 0xF79D, 0xF79D, 0xF79D,
  0xF79D, 0xF79D, 0xF79D, 0xF79D, 0xF79D, 0xF79D, 0xF79D, 0xF79D, 0xF79D, 0xF79D,
  0xF79D, 0xF79D, 0xF79D, 0xF79D, 0xF79D, 0xF79D, 0xF79D, 0xF79D, 0xF79D, 0xF79D,
  0xF79D, 0xF79D, 0xF79D, 0xF79D, 0xF79D, 0xF79D, 0xF79D, 0xF79D, 0xF79D, 0xF79D,
  0xF79D, 0xF79D, 0xF79D, 0xF79D, 0xF79D, 0xF79D, 0xF79D, 0xF77C, 0xF79C, 0xC638,
  0x49EB, 0x6B6F, 0xB2AA, 0xA26A, 0x6B2F, 0xF79D, 0xF79D, 0xF79D, 0xF79D, 0xF79D,
  0xF79D, 0xF79D, 0xF79D, 0xF79D, 0xF79D, 0xF79D, 0xF79D, 0xF79D, 0xF79D, 0xF79D,
  0xF79D, 0xF79D, 0xF79D, 0xF79D, 0xF79D, 0xF79D, 0xF79D, 0xF79D, 0xF79D, 0xF79D,
  0xF79D, 0xF79D, 0xF79D, 0xF79D, 0xF79D, 0xF79D, 0xF79D, 0xF79D, 0xF79D, 0xF79D,
  0xF79D, 0xF79D, 0xF79D, 0xF79D, 0xF79D, 0xF79D, 0xF79D, 0xF79D, 0xF79D, 0xF79D,
  0xF79D, 0xF79D, 0xF79D, 0xF79D, 0xF79D, 0xF79D, 0xF79D, 0xF79D, 0xF79D, 0xF79D,
  0xF79D, 0xF79D, 0xF79D, 0xCE58, 0x7C32, 0x9618, 0x52AE, 0xAD56, 0xF79D, 0xF79D,
  0xF79D, 0xF79D, 0xF79D, 0xF79D, 0xF79D, 0xF79D, 0xF79D, 0xF79D, 0xF79D, 0xF79D,
  0xF79D, 0xF79D, 0xF79D, 0xF79D, 0xF79D, 0xF79D, 0xF79D, 0xF79D, 0xF79D, 0xF79D,
  0xF79D, 0xF79D, 0xF79D, 0xF79D, 0xF79D, 0xF79D, 0xF79D, 0xF79D, 0xF79D, 0xF79D,
  0xF79D, 0xF79D, 0xF79D, 0xF79D, 0xF79D, 0xF79D, 0xF79D, 0xF79D, 0xF79D, 0xF79D,
  0xF79D, 0xF79D, 0xF79D, 0xF79D, 0xF79D, 0xF79D, 0xF79D, 0xF79D, 0xF79D, 0xF79D,
  0xF79D, 0xF79D, 0xF77C, 0xF79D, 0xF79D, 0xB597, 0x8412, 0x4A4C, 0xA5B7, 0x53D0,
  0x6B50, 0xE6FA, 0xF79D, 0xF79D, 0xF79D, 0xF79D, 0xF79D, 0xF79D, 0xF79D, 0xF79D,
  0xF79D, 0xF79D, 0xF79D, 0xF79D, 0xF79D, 0xF79D, 0xF79D, 0xF79D, 0xF79D, 0xF79D,
  0xF79D, 0xF79D, 0xF79D, 0xF79D, 0xF79D, 0xF79D, 0xF79D, 0xF79D, 0xF79D, 0xF79D,
  0xF79D, 0xF79D, 0xF79D, 0xF79D, 0xF79D, 0xF79D, 0xF79D, 0xF79D, 0xF79D, 0xF79D,
  0xF79D, 0xF79D, 0xF79D, 0xF79D, 0xF79D, 0xF79D, 0xF79D, 0xF79D, 0xF79D, 0xF79D,
  0xF79D, 0xF79D, 0xF77C, 0xF79D, 0xF79D, 0xF79D, 0xF79D, 0xCE59, 0x632F, 0x7C53,
  0xB5D7, 0xBE59, 0xC6FB, 0xB638, 0x6452, 0x32CD, 0x6B70, 0xEF3C, 0xF79D, 0xF79D,
  0xF77C, 0xF79D, 0xF79D, 0xF79D, 0xF79D, 0xF79D, 0xF79D, 0xF79D, 0xF79D, 0xF79D,
  0xF79D, 0xF79D, 0xF79D, 0xF79D, 0xF79D, 0xF79D, 0xF79D, 0xF79D, 0xF79D, 0xF79D,
  0xF79D, 0xF79D, 0xF79D, 0xF79D, 0xF79D, 0xF79D, 0xF79D, 0xF79D, 0xF79D, 0xF79D,
  0xF79D, 0xF79D, 0xF79D, 0xF79D, 0xF79D, 0xF79D, 0xF79D, 0xF79D, 0xF79D, 0xF79D,
  0xF79D, 0xF79D, 0xF79D, 0xF79D, 0xF79D, 0xF79D, 0xF79D, 0xF79C, 0xCE58, 0x9CD4,
  0x7BD1, 0x2949, 0x6390, 0xBE59, 0xC6BA, 0xBEBA, 0xBE9A, 0xCEFB, 0xA699, 0x5D95,
  0x336F, 0x318B, 0xD6B9, 0xF79D, 0xF79D, 0xF79D, 0xF79D, 0xF79D, 0xF79D, 0xF79D,
  0xF79D, 0xF79D, 0xF79D, 0xF79D, 0xF79D, 0xF79D, 0xF79D, 0xF79D, 0xF79D, 0xF79D,
  0xF79D, 0xF79D, 0xF79D, 0xF79D, 0xF79D, 0xF79D, 0xF79D, 0xF79D, 0xF79D, 0xF79D,
  0xF79D, 0xF79D, 0xF79D, 0xF79D, 0xF79D, 0xF79D, 0xF79D, 0xF79D, 0xF79D, 0xF79D,
  0xF79D, 0xF79D, 0xF79D, 0xF79D, 0xF79D, 0xF79D, 0xF79D, 0xF79D, 0xF79D, 0xC5F7,
  0x7391, 0x5ACE, 0x7390, 0xA515, 0xCE38, 0xE6FA, 0xD678, 0xB575, 0x9CD3, 0x94B3,
  0x8C92, 0x8C93, 0x8452, 0x8472, 0xA513, 0x9493, 0x630E, 0x5AEE, 0x9493, 0xE71B,
  0xF79D, 0xF79D, 0xF79D, 0xF79D, 0xF79D, 0xF79D, 0xF79D, 0xF79D, 0xF79D, 0xF79D,
  0xF79D, 0xF79D, 0xF79D, 0xF79D, 0xF79D, 0xF79D, 0xF79D, 0xF79D, 0xF79D, 0xF79D,
  0xF79D, 0xF79D, 0xF79D, 0xF79D, 0xF79D, 0xF79D, 0xF79D, 0xF79D, 0xF79D, 0xF79D,
  0xF79D, 0xF79D, 0xF79D, 0xF79D, 0xF79D, 0xF79D, 0xF79D, 0xF79D, 0xF79C, 0xF79D,
  0xF79D, 0xB5B6, 0x5AAE, 0x6B50, 0xC618, 0xFFBC, 0xFFFD, 0xFFFD, 0xFFFC, 0xFFFC,
  0xFFFC, 0xFFFD, 0xFFFD, 0xFFFD, 0xFFFD, 0xFFFD, 0xFFFC, 0xFFFC, 0xFFFD, 0xFFFD,
  0xFFFC, 0xEF3A, 0xA4F4, 0x52AD, 0x7BD1, 0xEF3B, 0xF79D, 0xF79D, 0xF79D, 0xF79D,
  0xF79D, 0xF79D, 0xF79D, 0xF79D, 0xF79D, 0xF79D, 0xF79D, 0xF79D, 0xF79D, 0xF79D,
  0xF79D, 0xF79D, 0xF79D, 0xF79D, 0xF79D, 0xF79D, 0xF79D, 0xF79D, 0xF79D, 0xF79D,
  0xF79D, 0xF79D, 0xF79D, 0xF79D, 0xF79D, 0xF79D, 0xF79D, 0xF79D, 0xF79D, 0xF79D,
  0xF79D, 0xF79D, 0xF79D, 0xEF3B, 0x630F, 0x6350, 0xDEDB, 0xFFFE, 0xFFFE, 0xFFFE,
  0xFFDD, 0xFFBB, 0xFFBB, 0xFFBB, 0xFFBB, 0xFFBB, 0xFFBB, 0xFFBB, 0xFFBB, 0xFFBB,
  0xFFBB, 0xFFBB, 0xFFBB, 0xFF9B, 0xFFBB, 0xFFFC, 0xFFFD, 0xFFDC, 0xAD55, 0x4A4D,
  0xAD75, 0xF79D, 0xF79D, 0xF79D, 0xF79D, 0xF79D, 0xF79D, 0xF79D, 0xF79D, 0xF79D,
  0xF79D, 0xF79D, 0xF79D, 0xF79D, 0xF79D, 0xF79D, 0xF79D, 0xF79D, 0xF79D, 0xF79D,
  0xF79D, 0xF79D, 0xF79D, 0xF79D, 0xF79D, 0xF79D, 0xF79D, 0xF79D, 0xF79D, 0xF79D,
  0xF79D, 0xF79D, 0xF79D, 0xF79D, 0xF77C, 0xF79D, 0xC617, 0x4A4C, 0xBDD8, 0xFFFE,
  0xFFFD, 0xFFDE, 0xFFDF, 0xFFFE, 0xFFDD, 0xFFBB, 0xFFBB, 0xFFBB, 0xFFBB, 0xFFBB,
  0xFFBC, 0xFFBC, 0xFFBC, 0xFFBC, 0xFFBB, 0xFFBC, 0xFFBB, 0xFFBC, 0xFFBB, 0xFFBB,
  0xFFBB, 0xFFBB, 0xFFFD, 0xF77B, 0x6B2E, 0x7BB1, 0xF79D, 0xF79D, 0xF79D, 0xF79D,
  0xF79D, 0xF79D, 0xF79D, 0xF79D, 0xF79D, 0xF79D, 0xF79D, 0xF79D, 0xF79D, 0xF79D,
  0xF79D, 0xF79D, 0xF79D, 0xF79D, 0xF79D, 0xF79D, 0xF79D, 0xF79D, 0xF79D, 0xF79D,
  0xF79D, 0xF79D, 0xF79D, 0xF79D, 0xF79D, 0xF79D, 0xF79D, 0xF77C, 0xF79D, 0xB595,
  0x4A6D, 0xE73C, 0xFFFD, 0xFF9B, 0xFFDD, 0xFFDD, 0xFFBC, 0xFFBB, 0xFFBB, 0xFFBB,
  0xFFBB, 0xFFBB, 0xFFBB, 0xFFBB, 0xFFBB, 0xFFBB, 0xFFBC, 0xFFBC, 0xFFBC, 0xFFBC,
  0xFFBC, 0xFFBB, 0xFFBC, 0xFFDC, 0xFFBC, 0xFFBB, 0xFF9B, 0xFFDC, 0xFFFD, 0x9451,
  0x5ACE, 0xF79D, 0xF79D, 0xF79D, 0xF79D, 0xF79D, 0xF79D, 0xF79D, 0xF79D, 0xF79D,
  0xF79D, 0xF79D, 0xF79D, 0xF79D, 0xF79D, 0xF79D, 0xF79D, 0xF79D, 0xF79D, 0xF79D,
  0xF79D, 0xF79D, 0xF79D, 0xF79D, 0xF79D, 0xF79D, 0xF79D, 0xF79D, 0xF79D, 0xF79D,
  0xF79D, 0xF79D, 0xBDD6, 0x4A6D, 0xF7BD, 0xFFFC, 0xF79B, 0xFFBB, 0xFFFC, 0xFFFC,
  0xFFFC, 0xFFFC, 0xFFFD, 0xFFFD, 0xFFFD, 0xFFFD, 0xFFFC, 0xFFFC, 0xFFFC, 0xFFDC,
  0xFFBB, 0xFFBB, 0xFFBB, 0xFFBB, 0xFFBC, 0xFFBC, 0xFFBC, 0xFFBB, 0xFFBB, 0xFFBB,
  0xFFBB, 0xFFBB, 0xFFBB, 0xFFFC, 0x9C71, 0x630F, 0xF79D, 0xF77C, 0xF79D, 0xF79D,
  0xF79D, 0xF79D, 0xF79D, 0xF79D, 0xF79D, 0xF79D, 0xF79D, 0xF79D, 0xF79D, 0xF79D,
  0xF79D, 0xF79D, 0xF79D, 0xF79D, 0xF79D, 0xF79D, 0xF79D, 0xF79D, 0xF79D, 0xF79D,
  0xF79D, 0xF79D, 0xF79D, 0xF79D, 0xF79D, 0xDEB9, 0x422C, 0xEF7C, 0xFFDC, 0xFFDC,
  0xFFFD, 0xFFDC, 0xF75A, 0xDEB9, 0xCE57, 0xC616, 0xBDF6, 0xBDF6, 0xBDF7, 0xC617,
  0xCE57, 0xDEB8, 0xEF19, 0xF77B, 0xFFDC, 0xFFFC, 0xFFFD, 0xFFFC, 0xFFBB, 0xFFBB,
  0xFFBB, 0xFFBB, 0xFFBB, 0xFFBB, 0xFFBB, 0xFFBB, 0xFFBB, 0xFFBB, 0xFFFB, 0x83CF,
  0x83F1, 0xF79D, 0xF79D, 0xF79D, 0xF79D, 0xF79D, 0xF79D, 0xF79D, 0xF79D, 0xF79D,
  0xF79D, 0xF79D, 0xF79D, 0xF79D, 0xF79D, 0xF79D, 0xF79D, 0xF79D, 0xF79D, 0xF79D,
  0xF79D, 0xF79D, 0xF79D, 0xF79D, 0xF79D, 0xF79D, 0xF79D, 0xF79C, 0xF79D, 0x4A6D,
  0xD699, 0xFFFD, 0xFFFC, 0xDEB9, 0x94F3, 0x7451, 0x6C52, 0x7CB3, 0x84F4, 0x8535,
  0x8D35, 0x8D55, 0x8D55, 0x8D35, 0x8514, 0x84D4, 0x7C93, 0x7452, 0x7452, 0x8492,
  0xAD95, 0xDEB9, 0xFFDC, 0xFFFC, 0xFFBB, 0xFFBB, 0xFFBB, 0xFFBB, 0xFFBB, 0xFFBB,
  0xFFBB, 0xFFBC, 0xFF9B, 0xFF58, 0x5A8D, 0xC5F7, 0xF79D, 0xF79D, 0xF79D, 0xF79D,
  0xF79D, 0xF79D, 0xF79D, 0xF79D, 0xF79D, 0xF79D, 0xF79D, 0xF79D, 0xF79D, 0xF79D,
  0xF79D, 0xF79D, 0xF79D, 0xF79D, 0xF79D, 0xF79D, 0xF79D, 0xF79D, 0xF79D, 0xF79D,
  0xF79D, 0xF79D, 0x9492, 0x9493, 0xFFFE, 0xFF9B, 0x8C92, 0x6411, 0x9DD7, 0xC6FB,
  0xDF7C, 0xE79D, 0xEFBD, 0xEF9D, 0xEF9D, 0xEF9D, 0xEFBD, 0xEFBD, 0xEF9D, 0xEFBD,
  0xE79D, 0xDF5C, 0xCF1B, 0xB679, 0x9596, 0x7472, 0x7411, 0xC617, 0xFFFC, 0xFFBB,
  0xFFBB, 0xFFBB, 0xFFBB, 0xFFBB, 0xFFBB, 0xFFBB, 0xFFBB, 0xFF7A, 0xDE55, 0x4A4C,
  0xF79C, 0xF79D, 0xF79D, 0xF79D, 0xF79D, 0xF79D, 0xF79D, 0xF79D, 0xF79D, 0xF79D,
  0xF79D, 0xF79D, 0xF79D, 0xF79D, 0xF79D, 0xF79D, 0xF79D, 0xF79D, 0xF79D, 0xF79D,
  0xF79D, 0xF79D, 0xF79D, 0xF79D, 0xF79D, 0xEF3B, 0x4A6D, 0xFFBD, 0xF79B, 0x73F1,
  0x8D76, 0xE79D, 0xEF7D, 0xE73C, 0xE73C, 0xDF3C, 0xDF3C, 0xDF3C, 0xDF3C, 0xDF3C,
  0xDF3C, 0xDF3C, 0xDF3C, 0xDF3C, 0xDF3C, 0xE75C, 0xE75C, 0xEF7D, 0xEF9D, 0xE79D,
  0xBEBA, 0x6C72, 0x8C92, 0xFFDC, 0xFFBB, 0xFFBB, 0xFFBB, 0xFFBC, 0xFFBB, 0xFFBB,
  0xFFDC, 0xF759, 0xFF58, 0x8C10, 0xA4F4, 0xF79D, 0xF77C, 0xF79D, 0xF79D, 0xF79D,
  0xF79D, 0xF79D, 0xF79D, 0xF79D, 0xF79D, 0xF79D, 0xF79D, 0xF79D, 0xF79D, 0xF79D,
  0xF79D, 0xF79D, 0xF79D, 0xF79D, 0xF79D, 0xF79D, 0xF79D, 0xF77C, 0xF79D, 0x8C52,
  0xAD35, 0xFFFE, 0x8C52, 0x8D76, 0xEFBD, 0xE73C, 0xEF9D, 0xEFBD, 0xE75C, 0xE73C,
  0xE75C, 0xE75C, 0xE73C, 0xE73C, 0xE75C, 0xE75C, 0xE73C, 0xE75C, 0xE75C, 0xE75C,
  0xE75C, 0xE75C, 0xDF1C, 0xE73C, 0xEF7C, 0xEFBD, 0x8535, 0x8C92, 0xFFFC, 0xFFBB,
  0xFFBB, 0xFFBB, 0xFFBB, 0xFFBB, 0xFFBB, 0xFF7A, 0xFF38, 0xF6F8, 0x526D, 0xF79C,
  0xF79D, 0xF79D, 0xF79D, 0xF79D, 0xF79D, 0xF79D, 0xF79D, 0xF79D, 0xF79D, 0xF79D,
  0xF79D, 0xF79D, 0xF79D, 0xF79D, 0xF79D, 0xF79D, 0xF79D, 0xF79D, 0xF79D, 0xF79D,
  0xF79D, 0xF79D, 0xF79D, 0x4A8D, 0xFFBD, 0xD677, 0x6C52, 0xEFBD, 0xDF3C, 0xE77C,
  0xAD96, 0x8473, 0xD6FB, 0xE75C, 0xE73C, 0xDF3C, 0xE75C, 0xE73C, 0xE73C, 0xE73C,
  0xE73C, 0xE75C, 0xE75C, 0xE75C, 0xE75C, 0xDF3C, 0xEFBD, 0xE75C, 0xE75C, 0xE73C,
  0xEFBD, 0x7493, 0xC5F7, 0xFFFC, 0xFFBB, 0xFFBB, 0xFFBB, 0xFFBB, 0xFFFC, 0xFFDB,
  0xD615, 0xE675, 0x7B8F, 0xBDD7, 0xF79D, 0xF79D, 0xF79D, 0xF79D, 0xF79D, 0xF79D,
  0xF79D, 0xF79D, 0xF79D, 0xF79D, 0xF79D, 0xF79D, 0xF79D, 0xF79D, 0xF79D, 0xF79D,
  0xF79D, 0xF79D, 0xF79D, 0xF79D, 0xF79D, 0xF79D, 0x52AD, 0x73B0, 0xFFFE, 0x7C31,
  0xB699, 0xE75C, 0xE77D, 0xC658, 0x6BB0, 0xA556, 0xCEDA, 0xE75C, 0xDF3C, 0xE73C,
  0xE75C, 0xE75C, 0xE73C, 0xE73C, 0xE75C, 0xE75C, 0xDF3C, 0xE79D, 0xB5D7, 0x5B0F,
  0x8432, 0xE75C, 0xE75C, 0xE73C, 0xE75C, 0xC6DB, 0x7431, 0xFFDC, 0xFFBB, 0xFFBB,
  0xFFBB, 0xFFFC, 0xDED9, 0x738F, 0x7BD0, 0x8432, 0x52AD, 0x5ACE, 0xF79D, 0xF77C,
  0xF79D, 0xF79D, 0xF79D, 0xF79D, 0xF79D, 0xF79D, 0xF79D, 0xF79D, 0xF79D, 0xF79D,
  0xF79D, 0xF79D, 0xF79D, 0xF79D, 0xF79D, 0xF79D, 0xF79D, 0xF79D, 0xF79D, 0x8C93,
  0x2169, 0xCE37, 0xF77B, 0x7452, 0xE79D, 0xDF3C, 0xE75C, 0xDF1B, 0xEF9D, 0xEFBD,
  0xE75C, 0xDF3C, 0xE75C, 0xE75C, 0xE75C, 0xE75C, 0xE73C, 0xE75C, 0xE73C, 0xDF3C,
  0xDF3C, 0xE75C, 0xDF1B, 0xDF1B, 0x8CB4, 0xCE99, 0xE77D, 0xE73C, 0xE73C, 0xE79D,
  0x7CB3, 0xDEB9, 0xFFFC, 0xFF9B, 0xFFFC, 0xDEB9, 0x6B4F, 0xC699, 0xD75C, 0xD75C,
  0xD75C, 0x6350, 0x9CD4, 0xF79D, 0xF79D, 0xF79D, 0xF79D, 0xF79D, 0xF79D, 0xF79D,
  0xF79D, 0xF79D, 0xF79D, 0xF79D, 0xF79D, 0xF79D, 0xF79D, 0xF79D, 0xF79D, 0xF79D,
  0xF79D, 0xF79D, 0xDEBA, 0x634F, 0x73D0, 0xF79B, 0xC5F6, 0x9555, 0xEFBD, 0xDF3C,
  0xDF3C, 0xE77D, 0xE77C, 0xE77C, 0xE77C, 0xDF3C, 0xE75C, 0xE75C, 0xE75C, 0xE75C,
  0xE75C, 0xE75C, 0xE75C, 0xE75C, 0xDF3C, 0xDF3C, 0xE77C, 0xEF9D, 0xEF9D, 0xE75C,
  0xE75C, 0xE75C, 0xE73C, 0xEF9D, 0x9DB6, 0xAD55, 0xFFFD, 0xFFBB, 0xFFDC, 0x7390,
  0xEF3C, 0xE79D, 0xC6DA, 0xA679, 0x7595, 0x8E57, 0x4ACD, 0xDEBA, 0xF79D, 0xF79D,
  0xF79D, 0xF79D, 0xF79D, 0xF79D, 0xF79D, 0xF79D, 0xF79D, 0xF79D, 0xF79D, 0xF79D,
  0xF79D, 0xF79D, 0xF79D, 0xF79D, 0xF77C, 0xF79D, 0x9CD4, 0x7C52, 0x73D1, 0xFFFD,
  0x94D3, 0xAE38, 0xEF7D, 0xDF3C, 0xE77D, 0xC679, 0x52AE, 0x52AE, 0xC659, 0xE77D,
  0xDF3C, 0xE75C, 0xE75C, 0xE75C, 0xE75C, 0xE75C, 0xE75C, 0xE75C, 0xDF3C, 0xEF9D,
  0xCE99, 0xC679, 0xEF9D, 0xDF3C, 0xE75C, 0xE75C, 0xDF3C, 0xE77C, 0xB659, 0x94D3,
  0xFFFC, 0xFFFD, 0xBDB5, 0x9CF4, 0xFFBD, 0xD71B, 0x9638, 0x43F0, 0x4BF0, 0x43AF,
  0x3B6F, 0x8C53, 0xF79D, 0xF79D, 0xF79D, 0xF79D, 0xF79D, 0xF79D, 0xF79D, 0xF79D,
  0xF79D, 0xF79D, 0xF79D, 0xF79D, 0xF79D, 0xF79D, 0xF79D, 0xF79D, 0xF77C, 0xF79D,
  0x7BF1, 0x84D4, 0x7BF1, 0xFFFD, 0x7C52, 0xCEDB, 0xE75C, 0xDF3C, 0xE77D, 0x298A,
  0xBDB8, 0xC619, 0x29AA, 0xEF9D, 0xDF3C, 0xE75C, 0xDF3C, 0xDF3C, 0xE75C, 0xDF3C,
  0xE75C, 0xDF3C, 0xEF9D, 0x9D15, 0x52AE, 0x39EC, 0x73F1, 0xEF9D, 0xDF3C, 0xE75C,
  0xE75C, 0xE75C, 0xBEBA, 0x8493, 0xFFFC, 0xFFFD, 0x8411, 0xBE79, 0xCF1B, 0xC71B,
  0x43D0, 0x7514, 0xC73B, 0xBEDA, 0x430E, 0x426D, 0xF79D, 0xF79D, 0xF79D, 0xF79D,
  0xF79D, 0xF79D, 0xF79D, 0xF79D, 0xF79D, 0xF79D, 0xF79D, 0xF79D, 0xF79D, 0xF79D,
  0xF79D, 0xF79D, 0xF79D, 0xF79D, 0x73D1, 0x7CB4, 0x8451, 0xFFFD, 0x7432, 0xD73C,
  0xDF3C, 0xEF9D, 0xBE18, 0x0006, 0xA516, 0xA535, 0x0026, 0xCE9A, 0xE77C, 0xDF3C,
  0xE75C, 0xE75C, 0xE75C, 0xE75C, 0xDF3C, 0xE75C, 0xD6FB, 0x18E8, 0xFFFF, 0xCE7A,
  0x0005, 0xBE38, 0xEF9D, 0xDF3C, 0xE75C, 0xE75C, 0xC6DB, 0x8492, 0xFFFC, 0xFFBB,
  0x7BF1, 0xCEFB, 0xCF1B, 0x9E17, 0x43B0, 0xBEFB, 0xB69A, 0xC71B, 0x6CB3, 0x1909,
  0xF79D, 0xF79D, 0xF79D, 0xF79D, 0xF79D, 0xF79D, 0xF79D, 0xF79D, 0xF79D, 0xF79D,
  0xF79D, 0xF79D, 0xF79D, 0xF79D, 0xF79D, 0xF79D, 0xF79C, 0xF79D, 0x73F1, 0x4BF1,
  0x9493, 0xFFFC, 0x7431, 0xDF5C, 0xDF1B, 0xEF9D, 0xA555, 0x0847, 0x0026, 0x0006,
  0x0867, 0xC659, 0xE79D, 0xDF3C, 0xE73C, 0xDF3C, 0xE75C, 0xE75C, 0xDF3C, 0xEFBD,
  0xA556, 0x0026, 0x8412, 0x630F, 0x0026, 0x8473, 0xF7BE, 0xDF3C, 0xDF3C, 0xE75C,
  0xC6DB, 0x8493, 0xFFFC, 0xF77B, 0x7BF1, 0xCF1B, 0xD73C, 0x7D55, 0x5431, 0xC71B,
  0xB69A, 0xBEDA, 0x6514, 0x10E8, 0xF79D, 0xF79D, 0xF79D, 0xF79D, 0xF79D, 0xF79D,
  0xF79D, 0xF79D, 0xF79D, 0xF79D, 0xF79D, 0xF79D, 0xF79D, 0xF79D, 0xF79D, 0xF79D,
  0xF77C, 0xF79D, 0x8C73, 0x336F, 0x9CD3, 0xFFFC, 0x7452, 0xDF5C, 0xDF5C, 0xE79D,
  0xB639, 0x0847, 0x0867, 0x0847, 0x18E8, 0xD71B, 0xE75C, 0xDF3C, 0xDF3C, 0xDF3C,
  0xDF3C, 0xDF3C, 0xDF3C, 0xEFBD, 0x9D15, 0x0027, 0x0005, 0x0006, 0x0047, 0x7C32,
  0xF7BD, 0xDF3C, 0xE73C, 0xE75C, 0xBEBA, 0x8493, 0xFFFC, 0xF77B, 0x7BF1, 0xCF3B,
  0xCF3C, 0x7534, 0x5C52, 0xC71B, 0xBEBA, 0xA699, 0x54D3, 0x2129, 0xF79D, 0xF79D,
  0xF79D, 0xF79D, 0xF79D, 0xF79D, 0xF79D, 0xF79D, 0xF79D, 0xF79D, 0xF79D, 0xF79D,
  0xF79D, 0xF79D, 0xF79D, 0xF79D, 0xF79D, 0xF79D, 0xC618, 0x19AA, 0x94B2, 0xFFFD,
  0x7432, 0xD73C, 0xEDF5, 0xFD31, 0xF636, 0x52AE, 0x0026, 0x0847, 0x7C32, 0xEFBD,
  0xDF1B, 0xE75C, 0xE77D, 0xDF3C, 0xE77C, 0xEF9D, 0xDF3C, 0xE77D, 0xBE38, 0x0867,
  0x0867, 0x0867, 0x0846, 0xADF8, 0xEFBE, 0xDF3C, 0xDF3C, 0xEF7C, 0xB679, 0x94D3,
  0xFFFC, 0xFFBB, 0x73B0, 0xBEDA, 0xDF5C, 0x95F7, 0x4BD0, 0xBF1B, 0xAE59, 0x7E77,
  0x43B0, 0x39CB, 0xF79D, 0xF79D, 0xF79D, 0xF79D, 0xF79D, 0xF79D, 0xF79D, 0xF79D,
  0xF79D, 0xF79D, 0xF79D, 0xF79D, 0xF79D, 0xF79D, 0xF79D, 0xF79D, 0xF79D, 0xF79D,
  0xF79D, 0x420B, 0x8412, 0xFFFD, 0x7C31, 0xC6DB, 0xFCF0, 0xFCAE, 0xFCCE, 0xE678,
  0x9515, 0xA576, 0xE77C, 0xE75C, 0xDF1B, 0x634F, 0xC679, 0xE77D, 0xCE9A, 0x7C12,
  0xDF1B, 0xDF3C, 0xEF9D, 0x6BB1, 0x0847, 0x0847, 0x6370, 0xEEFA, 0xE698, 0xE75C,
  0xE75C, 0xEF7D, 0xA5D7, 0xA534, 0xFFFC, 0xFFFC, 0x8431, 0x6514, 0x9E78, 0x8637,
  0x43AF, 0x5CD3, 0x6DF6, 0x5513, 0x220B, 0x8412, 0xF79D, 0xF79D, 0xF79D, 0xF79D,
  0xF79D, 0xF79D, 0xF79D, 0xF79D, 0xF79D, 0xF79D, 0xF79D, 0xF79D, 0xF79D, 0xF79D,
  0xF79D, 0xF79D, 0xF79D, 0xF79D, 0xF79D, 0xC617, 0x738F, 0xFFFE, 0x9D14, 0x9DD7,
  0xEF3B, 0xF593, 0xED94, 0xE73B, 0xEFBE, 0xEF9D, 0xDF3C, 0xDF3C, 0xE77C, 0xADB7,
  0x5AEE, 0x636F, 0x5AEE, 0x9D35, 0xE77D, 0xDF3C, 0xDF5C, 0xE77D, 0xB5F8, 0xB5F8,
  0xF5B4, 0xFC6E, 0xFC8E, 0xF511, 0xE73C, 0xE79D, 0x84F4, 0xD658, 0xFFFC, 0xFFFC,
  0xD638, 0x330E, 0x6E77, 0x6DD5, 0x6574, 0x3B6E, 0x43AF, 0x43F0, 0x324B, 0xDEDA,
  0xF79D, 0xF79D, 0xF79D, 0xF79D, 0xF79D, 0xF79D, 0xF79D, 0xF79D, 0xF79D, 0xF79D,
  0xF79D, 0xF79D, 0xF79D, 0xF79D, 0xF79D, 0xF79D, 0xF79D, 0xF79D, 0xF79D, 0xDEB9,
  0x736F, 0xFFFE, 0xE6D8, 0x6C11, 0xE7BE, 0xE77D, 0xDF7D, 0xDF3C, 0xDF1B, 0xDF1B,
  0xDF3C, 0xDF3C, 0xDF3C, 0xEF9D, 0xE77C, 0xCEBA, 0xDF3C, 0xEFBD, 0xDF3C, 0xDF3C,
  0xDF3C, 0xDF3C, 0xEF7D, 0xEF9D, 0xF4F0, 0xFC8E, 0xFC8E, 0xF4F0, 0xE73C, 0xCF3C,
  0x7431, 0xFF9B, 0xFFDC, 0xFFBB, 0xFFFC, 0x8C31, 0x338F, 0x6DF6, 0x6E16, 0x7636,
  0x5D95, 0x32EE, 0x7391, 0xF79D, 0xF79D, 0xF79D, 0xF79D, 0xF79D, 0xF79D, 0xF79D,
  0xF79D, 0xF79D, 0xF79D, 0xF79D, 0xF79D, 0xF79D, 0xF79D, 0xF79D, 0xF79D, 0xF79D,
  0xF79D, 0xF79D, 0xF79D, 0xE71B, 0x6B70, 0xFFFC, 0xFFFC, 0xA534, 0x7473, 0xCF3C,
  0xE75C, 0xEF9D, 0xEF9D, 0xEF9D, 0xEF9D, 0xEF9D, 0xEF7D, 0xE75C, 0xE75C, 0xE77C,
  0xDF3C, 0xDF3B, 0xDF3C, 0xDF3C, 0xDF3C, 0xDF3C, 0xDF3C, 0xDF3C, 0xDF1B, 0xEE36,
  0xEE57, 0xE71B, 0xEFBD, 0x8D56, 0xA534, 0xFFFD, 0xFFBB, 0xFFBB, 0xFFBB, 0xFFDC,
  0x9430, 0x3AAC, 0x4390, 0x3B4E, 0x532D, 0x9410, 0x8412, 0xF79D, 0xF79D, 0xF79D,
  0xF79D, 0xF79D, 0xF79D, 0xF79D, 0xF79D, 0xF79D, 0xF79D, 0xF79D, 0xF79D, 0xF79D,
  0xF79D, 0xF79D, 0xF79D, 0xF79D, 0xF79D, 0xF79C, 0xF79D, 0xF79D, 0x5AEE, 0xFFFC,
  0xFFFC, 0xAD34, 0x632D, 0x8492, 0x8CB2, 0x94D4, 0x9D35, 0xA576, 0xADB7, 0xB5F8,
  0xC659, 0xCE9A, 0xD6DB, 0xDF1C, 0xDF5C, 0xE77D, 0xE77D, 0xEF9D, 0xEF9D, 0xDF3C,
  0xDF3C, 0xDF3C, 0xE73C, 0xE77D, 0xE79D, 0xE79D, 0xA618, 0x7C31, 0xFFBC, 0xFFBB,
  0xFFBB, 0xFFBB, 0xFFBB, 0xFFBB, 0xFFFC, 0xE697, 0xBD32, 0xC553, 0xF6F7, 0xEED7,
  0x6B4F, 0xF79D, 0xF79D, 0xF79D, 0xF79D, 0xF79D, 0xF79D, 0xF79D, 0xF79D, 0xF79D,
  0xF79D, 0xF79D, 0xF79D, 0xF79D, 0xF79D, 0xF79D, 0xF79D, 0xF79D, 0xF79D, 0xF79D,
  0xE71B, 0x630F, 0x5ACD, 0xFF9B, 0xFFDC, 0x9CD2, 0xFFB8, 0xFFD8, 0xFF77, 0xF737,
  0xE6D6, 0xD675, 0xC5F4, 0xB593, 0xAD32, 0xA4F2, 0x9CD2, 0x94B2, 0x94B2, 0x94D3,
  0x94F4, 0x9D14, 0xA576, 0xEF9D, 0xE79D, 0xEF9D, 0xE77C, 0xD73C, 0xBE99, 0x84F4,
  0x7C31, 0xF77B, 0xFFDC, 0xFFBB, 0xFFBB, 0xFFBB, 0xFFBB, 0xFFBB, 0xFFBB, 0xFFFC,
  0xFFBA, 0xFF38, 0xF6F7, 0xF718, 0x630E, 0xEF5C, 0xF79D, 0xF79D, 0xF79D, 0xF79D,
  0xF79D, 0xF79D, 0xF79D, 0xF79D, 0xF79D, 0xF79D, 0xF79D, 0xF79D, 0xF79D, 0xF79D,
  0xF79D, 0xF79D, 0xF79D, 0xDEDA, 0x528D, 0xDEDA, 0x9CB2, 0xE719, 0xFFBB, 0x9CB1,
  0xF757, 0xFF98, 0xFFB8, 0xFFB8, 0xFFD8, 0xFFD9, 0xFFF9, 0xFFF9, 0xFFF9, 0xFFF9,
  0xFFF9, 0xFFD9, 0xFFB8, 0xFF98, 0xF737, 0xEF57, 0x83EF, 0x6C52, 0x8D35, 0x84D4,
  0x84B3, 0x7C72, 0x8C93, 0xBDD6, 0xFFDC, 0xFFDC, 0xFFBB, 0xFFBB, 0xFFBB, 0xFFBB,
  0xFFBB, 0xFFBB, 0xFFBB, 0xFFBB, 0xFFBB, 0xF6F8, 0xEEB7, 0xFF79, 0x7B8E, 0xC617,
  0xF79D, 0xF79D, 0xF79D, 0xF79D, 0xF79D, 0xF79D, 0xF79D, 0xF79D, 0xF79D, 0xF79D,
  0xF79D, 0xF79D, 0xF79D, 0xF79D, 0xF79D, 0xF79D, 0xEF5C, 0x528D, 0xDEFA, 0xFFFC,
  0x6B0D, 0xBDB6, 0xFFFC, 0x9C90, 0xFF78, 0xFF98, 0xFF98, 0xFF98, 0xFF98, 0xFF98,
  0xFF78, 0xFF77, 0xFF77, 0xFF78, 0xFF78, 0xFF98, 0xFF98, 0xFFB8, 0xFF98, 0xFFF9,
  0xA4D1, 0xB553, 0xDE98, 0xDEB8, 0xEF1A, 0xFF7B, 0xFFFC, 0xFFFD, 0xFFFC, 0xFFFC,
  0xFFDC, 0xFFBB, 0xFFBB, 0xFFBB, 0xFFBB, 0xFFBB, 0xFFBB, 0xFFBB, 0xFFDC, 0xF759,
  0xEED7, 0xFF58, 0xACF2, 0x8C53, 0xF79D, 0xF79D, 0xF79D, 0xF79D, 0xF79D, 0xF79D,
  0xF79D, 0xF79D, 0xF79D, 0xF79D, 0xF79D, 0xF79D, 0xF79D, 0xF79D, 0xF79D, 0xF79D,
  0x7390, 0xC617, 0xFFFD, 0xE6D8, 0xC5F6, 0x8411, 0x7B8E, 0x9470, 0xFFD9, 0xFF98,
  0xFF98, 0xFF98, 0xFF98, 0xFF98, 0xFF98, 0xFF98, 0xFF98, 0xFF98, 0xFF98, 0xFF98,
  0xFF98, 0xFF98, 0xFF98, 0xFFD8, 0xA4D1, 0xEED7, 0xFFFC, 0xFFFC, 0xFFDC, 0xFFFD,
  0xFFFC, 0xEF39, 0xDEB8, 0xDEB8, 0xEF3A, 0xFFBB, 0xFFBB, 0xFFBB, 0xFFBB, 0xFFBB,
  0xFFBB, 0xFFBB, 0xFFDC, 0xFF7A, 0xEED7, 0xFF38, 0xD5F5, 0x6B2F, 0xF79D, 0xF79D,
  0xF79D, 0xF79D, 0xF79D, 0xF79D, 0xF79D, 0xF79D, 0xF79D, 0xF79D, 0xF79D, 0xF79D,
  0xF79D, 0xF79D, 0xF79D, 0xCE58, 0x6B6F, 0xFFFD, 0xFF9A, 0xFFFD, 0xCE77, 0x9CB2,
  0x9472, 0x6B4F, 0xCE55, 0xFFD9, 0xFF98, 0xFF98, 0xFF98, 0xFF98, 0xFF98, 0xFF98,
  0xFF98, 0xFF98, 0xFF98, 0xFF98, 0xFF98, 0xFF98, 0xFF98, 0xFFB8, 0x9CB1, 0xF718,
  0xFFFD, 0xFFFC, 0xFFFC, 0xC616, 0x8C52, 0x9492, 0xA513, 0xB595, 0xD677, 0xFFBB,
  0xFFDB, 0xFFDC, 0xFFFC, 0xFFFC, 0xFF7A, 0xFFBB, 0xFFDC, 0xFF9B, 0xEED7, 0xF717,
  0xE696, 0x5ACE, 0xF79D, 0xF79D, 0xF79D, 0xF79D, 0xF79D, 0xF79D, 0xF79D, 0xF79D,
  0xF79D, 0xF79D, 0xF79D, 0xF79D, 0xF79D, 0xF79D, 0xF79D, 0x7390, 0xCE58, 0xFFFC,
  0xFFDC, 0xDE98, 0x9CB3, 0xFFDE, 0xFFFD, 0xF79B, 0x83F0, 0xEF37, 0xFFB8, 0xFF98,
  0xFF98, 0xFF98, 0xFF98, 0xFF98, 0xFF98, 0xFF98, 0xFF98, 0xFF98, 0xFF98, 0xFF98,
  0xFF78, 0xFFF9, 0x9450, 0xACF2, 0xAD54, 0xC5F6, 0x9CD3, 0x9CD3, 0xE719, 0xFFFC,
  0xFFFC, 0xFFFC, 0xFFFC, 0xFFDC, 0xFFBB, 0xEF7B, 0xE6D9, 0xDE98, 0xF779, 0xFFBB,
  0xFFDC, 0xFF9B, 0xEEF7, 0xF6F7, 0xF6F7, 0x5AAD, 0xF79D, 0xF79D, 0xF79D, 0xF79D,
  0xF79D, 0xF79D, 0xF79D, 0xF79D, 0xF79D, 0xF79D, 0xF79D, 0xF79D, 0xF79D, 0xF79D,
  0xF79D, 0x5ACD, 0xF77B, 0xFFDB, 0xFFFC, 0xAD34, 0xEF3A, 0xFFFC, 0xF77A, 0xFFFD,
  0xB554, 0xC5B3, 0xFFF9, 0xFF98, 0xFF98, 0xFF98, 0xFF98, 0xFF98, 0xFF98, 0xFF98,
  0xFF98, 0xFF98, 0xFF98, 0xFF98, 0xFFD9, 0xD675, 0x6B2E, 0xAD76, 0xC5F7, 0xAD34,
  0x52ED, 0xDF5B, 0xFFFD, 0xFF9B, 0xFFBB, 0xFFBB, 0xFFBB, 0xFFBC, 0xCD73, 0xC42F,
  0xCC0E, 0xCB8C, 0xDE97, 0xFFDC, 0xFFBC, 0xFFBB, 0xEEF7, 0xEED7, 0xF717, 0x5AAD,
  0xF79D, 0xF79D, 0xF79D, 0xF79D, 0xF79D, 0xF79D, 0xF79D, 0xF79D, 0xF79D, 0xF79D,
  0xF79D, 0xF79D, 0xF79D, 0xF79D, 0xF79D, 0x5ACD, 0xFFDC, 0xFFBB, 0xFFBB, 0xA514,
  0xFFBB, 0xFFBB, 0xFFBB, 0xFFFC, 0xB553, 0xBD72, 0xFFF9, 0xFF78, 0xFF98, 0xFF98,
  0xFF98, 0xFF98, 0xFF98, 0xFF98, 0xFF98, 0xFF98, 0xFF98, 0xFF98, 0xF778, 0x7BCF,
  0xF77C, 0xFFFF, 0xFFFC, 0xFFFD, 0xEF1A, 0x7C52, 0xF7DC, 0xFFDC, 0xFFBB, 0xFFBB,
  0xFFDB, 0xF79B, 0xCC6F, 0xFC8E, 0xFC8E, 0xD36B, 0xD656, 0xFFFC, 0xFFBB, 0xFF9B,
  0xEED7, 0xEED7, 0xF718, 0x5AAC, 0xF79D, 0xF79D, 0xF79D, 0xF79D, 0xF79D, 0xF79D,
  0xF79D, 0xF79D, 0xF79D, 0xF79D, 0xF79D, 0xF79D, 0xF79D, 0xF79D, 0xF79D, 0x5ACD,
  0xFFBB, 0xFFDC, 0xFFBB, 0x94D3, 0xFFDB, 0xFFBB, 0xFF9B, 0xFFDB, 0x8BEE, 0xDE53,
  0xFFD9, 0xFF98, 0xFF98, 0xFF98, 0xFF98, 0xFF98, 0xFF98, 0xFF98, 0xFF98, 0xFF98,
  0xFF98, 0xFFF9, 0xCE14, 0xA514, 0xFFFD, 0xF79B, 0xFFBB, 0xF79B, 0xFFFD, 0x94B3,
  0xC6B9, 0xFFFD, 0xFFBB, 0xFFBB, 0xFFBB, 0xFFFC, 0xCD53, 0xEBCC, 0xFC4D, 0xB38C,
  0xF77A, 0xFFDC, 0xFFDC, 0xFF9A, 0xEED7, 0xEED7, 0xF718, 0x5AAD, 0xF79D, 0xF79D,
  0xF79D, 0xF79D, 0xF79D, 0xF79D, 0xF79D, 0xF79D, 0xF79D, 0xF79D, 0xF79D, 0xF79D,
  0xF79D, 0xF79D, 0xF79D, 0x5AAD, 0xEEF8, 0xFFBB, 0xFFFD, 0x94F4, 0xD636, 0xFFFB,
  0xFFBA, 0xB532, 0x93EC, 0xFFD7, 0xFF98, 0xFF98, 0xFF98, 0xFF98, 0xFF98, 0xFF98,
  0xFF98, 0xFF98, 0xFF98, 0xFF98, 0xFF98, 0xFFF9, 0xC5D3, 0xAD54, 0xFFFD, 0xFF9B,
  0xFFBB, 0xFFBB, 0xFFFD, 0xA534, 0xB617, 0xFFFD, 0xFFBB, 0xFFBB, 0xFFBB, 0xFFBB,
  0xF7BC, 0xC4D1, 0xC2CA, 0xCDB4, 0xFFDB, 0xFFBB, 0xFFDC, 0xFF7A, 0xEED7, 0xEEF7,
  0xF717, 0x5AAD, 0xF79D, 0xF79D, 0xF79D, 0xF79D, 0xF79D, 0xF79D, 0xF79D, 0xF79D,
  0xF79D, 0xF79D, 0xF79D, 0xF79D, 0xF79D, 0xF79D, 0xF79D, 0x8412, 0xAD13, 0xFF99,
  0xF739, 0xC677, 0x5B8F, 0xACF2, 0x7BEF, 0x7B4B, 0xFF55, 0xFFB8, 0xFF98, 0xFF98,
  0xFF98, 0xFF98, 0xFF98, 0xFF98, 0xFF98, 0xFF98, 0xFF98, 0xFF98, 0xFF98, 0xFFD8,
  0xE6D5, 0x8BEE, 0xFFFC, 0xFFBB, 0xFFBB, 0xFFBB, 0xFFFD, 0xA534, 0xADF7, 0xFFFC,
  0xFFBB, 0xFFBB, 0xFFBB, 0xFFBB, 0xFFFC, 0xF77A, 0xD615, 0xF718, 0xFFBB, 0xFFBB,
  0xFFDC, 0xF739, 0xEED7, 0xEEF7, 0xF6F7, 0x5AAD, 0xF79D, 0xF79D, 0xF79D, 0xF79D,
  0xF79D, 0xF79D, 0xF79D, 0xF79D, 0xF79D, 0xF79D, 0xF79D, 0xF79D, 0xF79D, 0xF79D,
  0xF79D, 0xEF3B, 0x528C, 0xE697, 0xFF99, 0xFF38, 0x9636, 0x4CF3, 0x1A2B, 0xCDF3,
  0xFFF9, 0xFF78, 0xFF98, 0xFF98, 0xFF98, 0xFF98, 0xFF98, 0xFF98, 0xFF98, 0xFF98,
  0xFF98, 0xFF98, 0xFF98, 0xFF98, 0xFFF8, 0x940D, 0xB533, 0xFFFB, 0xFFBB, 0xFF9B,
  0xFFFC, 0x8C51, 0xBEBA, 0xFFFC, 0xFFBB, 0xFFDB, 0xFFDC, 0xFFDB, 0xF739, 0xFF18,
  0xE696, 0xEF19, 0xFFDC, 0xFFBB, 0xFFBB, 0xF718, 0xEED7, 0xFF38, 0xD5F4, 0x528D,
  0xF79D, 0xF79D, 0xF79D, 0xF79D, 0xF79D, 0xF79D, 0xF79D, 0xF79D, 0xF79D, 0xF79D,
  0xF79D, 0xF79D, 0xF79D, 0xF79D, 0xF79D, 0xF79D, 0xD699, 0x5AAD, 0xA4D2, 0xD615,
  0xBD52, 0x638E, 0x5ACC, 0xEF17, 0xFFB8, 0xFF98, 0xFF98, 0xFF98, 0xFF98, 0xFF98,
  0xFF98, 0xFF98, 0xFF98, 0xFF98, 0xFF98, 0xFF98, 0xFF98, 0xFF98, 0xFFF9, 0xD634,
  0x522A, 0xA4B1, 0xE696, 0xFF79, 0xC573, 0x5C11, 0xD75B, 0xFFFC, 0xFFBB, 0xFF9B,
  0xF75A, 0xEEF8, 0xFF58, 0xCDD4, 0xBD53, 0xFFDC, 0xFFBB, 0xFFDC, 0xFF9A, 0xEED7,
  0xF718, 0xEED7, 0x5BCF, 0x7390, 0xF79D, 0xF79D, 0xF79D, 0xF79D, 0xF79D, 0xF79D,
  0xF79D, 0xF79D, 0xF79D, 0xF79D, 0xF79D, 0xF79D, 0xF79D, 0xF79D, 0xF79D, 0xF79D,
  0xF79D, 0xEF5C, 0xA4F5, 0x5AEE, 0x6B0D, 0xDDF4, 0xA4D1, 0xFF98, 0xFF98, 0xFF98,
  0xFF98, 0xFF98, 0xFF98, 0xFF98, 0xFF98, 0xFF98, 0xFF98, 0xFF98, 0xFF98, 0xFF98,
  0xFF98, 0xFF98, 0xFFF9, 0xB573, 0xC5D4, 0xB532, 0x7B6E, 0x528C, 0x4BF0, 0x65D5,
  0xDED7, 0xF718, 0xF6F7, 0xF6F7, 0xFF38, 0xFF38, 0xB512, 0x9450, 0xF77A, 0xFFDC,
  0xFFBB, 0xFFDC, 0xF739, 0xFF17, 0xDE35, 0x7512, 0x334F, 0xB575, 0xF79D, 0xF79D,
  0xF79D, 0xF79D, 0xF79D, 0xF79D, 0xF79D, 0xF79D, 0xF79D, 0xF79D, 0xF79D, 0xF79D,
  0xF79D, 0xF79D, 0xF79D, 0xF79D, 0xF79D, 0xF79D, 0xF79D, 0xE71B, 0x83D0, 0xE6D7,
  0xAD32, 0xFFF9, 0xFF78, 0xFF98, 0xFF98, 0xFF98, 0xFF98, 0xFF98, 0xFF98, 0xFF98,
  0xFF98, 0xFF98, 0xFF98, 0xFF98, 0xFF78, 0xFF98, 0xFFF9, 0x9470, 0xE696, 0xFFBA,
  0xFF17, 0x7BCF, 0x3B6F, 0xB5D5, 0xF6F7, 0xF717, 0xF717, 0xE6B6, 0xBD94, 0x83CF,
  0xA4B1, 0xFF9A, 0xFFDC, 0xFFBB, 0xFFBB, 0xFFDC, 0xFF17, 0xBD93, 0x5CB2, 0x65F6,
  0x3A8D, 0xEF3B, 0xF79D, 0xF79D, 0xF79D, 0xF79D, 0xF79D, 0xF79D, 0xF79D, 0xF79D,
  0xF79D, 0xF79D, 0xF79D, 0xF79D, 0xF79D, 0xF79D, 0xF79D, 0xF79D, 0xF79D, 0xF79D,
  0xF77C, 0xF79D, 0x630F, 0x7BAF, 0xFF77, 0xFFF9, 0xFFD8, 0xFFB8, 0xFFB8, 0xFF98,
  0xFF98, 0xFF98, 0xFF78, 0xFF78, 0xFF98, 0xFF98, 0xFF98, 0xFF98, 0xAD52, 0xCE12,
  0x9C6E, 0x9470, 0xFF58, 0xFF9B, 0xF759, 0xFF58, 0xC573, 0x8BEF, 0x83AE, 0x83F0,
  0x83CF, 0x83CE, 0x9C70, 0xDE55, 0xFFDB, 0xFFBB, 0xFFBB, 0xFFFC, 0xFFFD, 0xDE97,
  0x84F2, 0x5513, 0x6E36, 0x5492, 0x7BB1, 0xF79D, 0xF79D, 0xF79D, 0xF79D, 0xF79D,
  0xF79D, 0xF79D, 0xF79D, 0xF79D, 0xF79D, 0xF79D, 0xF79D, 0xF79D, 0xF79D, 0xF79D,
  0xF79D, 0xF79D, 0xF79D, 0xF79D, 0xF79D, 0xF79D, 0xC618, 0x3189, 0xBDD4, 0xCDD3,
  0xDE75, 0xEF16, 0xF757, 0xFF98, 0xFFB8, 0xFFD8, 0xFFF9, 0xFFF9, 0xFFF9, 0xFFD9,
  0xFFF9, 0xEF37, 0xD5F2, 0xDDEF, 0x83AC, 0xEED7, 0xF739, 0xFFDC, 0xFFDB, 0xF77A,
  0xFF79, 0xFF38, 0xEEB6, 0xDE56, 0xE676, 0xF6F8, 0xFF99, 0xFFDB, 0xFFDC, 0xFFFC,
  0xFFFC, 0xDEF9, 0xBE17, 0x6D33, 0x5D95, 0x6DD5, 0x6DD5, 0x322C, 0xDEDA, 0xF79D,
  0xF79D, 0xF79D, 0xF79D, 0xF79D, 0xF79D, 0xF79D, 0xF79D, 0xF79D, 0xF79D, 0xF79D,
  0xF79D, 0xF79D, 0xF79D, 0xF79D, 0xF79D, 0xF79D, 0xF79D, 0xF79D, 0xF79D, 0xF79D,
  0xF79D, 0x7BD1, 0x2ACE, 0x4C92, 0x430D, 0x738E, 0x942F, 0xA4B0, 0xACF1, 0xB532,
  0xB552, 0xBD93, 0xC5F4, 0xD655, 0xDED6, 0xA4B0, 0x9BEB, 0x9C4F, 0xE6B7, 0xF6F7,
  0xFF9A, 0xFFBB, 0xFFBB, 0xFFBB, 0xFFBB, 0xFF9B, 0xFF9A, 0xFFBB, 0xFFDB, 0xFFFC,
  0xFFFC, 0xFFFC, 0xEF5A, 0xCE78, 0xB617, 0xB638, 0x8617, 0x65F6, 0x65B5, 0x6E36,
  0x3B0E, 0x9CD4, 0xF79D, 0xF79D, 0xF79D, 0xF79D, 0xF79D, 0xF79D, 0xF79D, 0xF79D,
  0xF79D, 0xF79D, 0xF79D, 0xF79D, 0xF79D, 0xF79D, 0xF79D, 0xF79D, 0xF79D, 0xF79D,
  0xF79D, 0xF79D, 0xF79D, 0xF79D, 0xF79D, 0xF79D, 0x6B70, 0x4C32, 0x6E77, 0x6595,
  0x7D54, 0x9554, 0x9D33, 0xAD33, 0xB532, 0xBD53, 0xBD53, 0xBD53, 0xB512, 0xACD1,
  0xD615, 0xFF58, 0xFF58, 0xFFBB, 0xFFFC, 0xFFFC, 0xFFFC, 0xFFFC, 0xFFFD, 0xFFFD,
  0xFFFC, 0xFFBC, 0xEF3A, 0xD698, 0xC637, 0xB5F7, 0xAE18, 0xBE99, 0xC6FB, 0x8E78,
  0x6DD6, 0x65B5, 0x6E36, 0x3B6F, 0x7BB0, 0xF79D, 0xF79D, 0xF79D, 0xF79D, 0xF79D,
  0xF79D, 0xF79D, 0xF79D, 0xF79D, 0xF79D, 0xF79D, 0xF79D, 0xF79D, 0xF79D, 0xF79D,
  0xF79D, 0xF79D, 0xF79D, 0xF79D, 0xF79D, 0xF79D, 0xF79D, 0xF79D, 0xF79D, 0xF79D,
  0xF79D, 0x7BB1, 0x32CD, 0x65B5, 0x96B9, 0xB6DA, 0xBEDA, 0xBE9A, 0xBE79, 0xB658,
  0xB637, 0xBE17, 0xBE16, 0xC656, 0xC615, 0xC5F5, 0xCE57, 0xD698, 0xD698, 0xD698,
  0xCE78, 0xCE57, 0xC637, 0xBE17, 0xB5F7, 0xB617, 0xB618, 0xB659, 0xBEBA, 0xCF1B,
  0xCF3C, 0xAEB9, 0x75D6, 0x65D5, 0x6E16, 0x65B5, 0x32CD, 0x83F1, 0xF79D, 0xF79D,
  0xF79D, 0xF79D, 0xF79D, 0xF79D, 0xF79D, 0xF79D, 0xF79D, 0xF79D, 0xF79D, 0xF79D,
  0xF79D, 0xF79D, 0xF79D, 0xF79D, 0xF79D, 0xF79D, 0xF79D, 0xF79D, 0xF79D, 0xF79D,
  0xF79D, 0xF79D, 0xF79D, 0xF79D, 0xF79D, 0xF79D, 0xB576, 0x3A2C, 0x3B8F, 0x5D54,
  0x8E78, 0xAEFA, 0xC6FB, 0xCF1B, 0xCF1B, 0xCEFB, 0xC6DB, 0xBEBA, 0xBEBA, 0xBE9A,
  0xB679, 0xB659, 0xB659, 0xB659, 0xB679, 0xB699, 0xBEBA, 0xC6DA, 0xC6FB, 0xCF3C,
  0xD73C, 0xD73C, 0xC6FA, 0xA679, 0x7DF6, 0x6DF6, 0x6E16, 0x6DF6, 0x4C52, 0x3A4C,
  0xAD55, 0xF79D, 0xF79D, 0xF79D, 0xF79D, 0xF79D, 0xF79D, 0xF79D, 0xF79D, 0xF79D,
  0xF79D, 0xF79D, 0xF79D, 0xF79D, 0xF79D, 0xF79D, 0xF79D, 0xF79D, 0xF79D, 0xF79D,
  0xF79D, 0xF79D, 0xF79D, 0xF79D, 0xF79D, 0xF79D, 0xF79D, 0xF79D, 0xF79D, 0xF79D,
  0xF79D, 0x6B2E, 0xA490, 0x5AED, 0x3B2E, 0x4492, 0x5D74, 0x7E57, 0x9699, 0xAEDA,
  0xBEDA, 0xC6FA, 0xC6FB, 0xCEFB, 0xCF1B, 0xCF1B, 0xCF1B, 0xCF1B, 0xCEFB, 0xCF1B,
  0xCEFB, 0xC6FB, 0xC6DA, 0xB6B9, 0xA678, 0x8E37, 0x7616, 0x6E37, 0x6E16, 0x5554,
  0x3BD0, 0x2A0B, 0x7BB1, 0xEF3B, 0xF79D, 0xF79D, 0xF79D, 0xF79D, 0xF79D, 0xF79D,
  0xF79D, 0xF79D, 0xF79D, 0xF79D, 0xF79D, 0xF79D, 0xF79D, 0xF79D, 0xF79D, 0xF79D,
  0xF79D, 0xF79D, 0xF79D, 0xF79D, 0xF79D, 0xF79D, 0xF79D, 0xF79D, 0xF79D, 0xF79D,
  0xF79D, 0xF79D, 0xF79D, 0xF79D, 0xDEDA, 0x6B6F, 0xFFFD, 0xFF39, 0xC573, 0x83CF,
  0x52ED, 0x3B2E, 0x3BD0, 0x4C92, 0x5534, 0x65B5, 0x7637, 0x8658, 0x8E78, 0x9698,
  0x9699, 0x9699, 0x9698, 0x8E78, 0x8E78, 0x7E57, 0x7637, 0x6E16, 0x6616, 0x5D95,
  0x4CD3, 0x3BD0, 0x3B0D, 0x52EC, 0xA4D1, 0x730D, 0xD6B9, 0xF79D, 0xF77C, 0xF79D,
  0xF79D, 0xF79D, 0xF79D, 0xF79D, 0xF79D, 0xF79D, 0xF79D, 0xF79D, 0xF79D, 0xF79D,
  0xF79D, 0xF79D, 0xF79D, 0xF79D, 0xF79D, 0xF79D, 0xF79D, 0xF79D, 0xF79D, 0xF79D,
  0xF79D, 0xF79D, 0xF79D, 0xF79D, 0xF79D, 0xF79D, 0xF79D, 0xF79D, 0xCE38, 0x8C52,
  0xFFFD, 0xF79B, 0xFFFC, 0xFFBA, 0xF6F7, 0xD5D4, 0xACB1, 0x83AF, 0x632D, 0x52ED,
  0x32AD, 0x3B2E, 0x43D0, 0x4C31, 0x4C72, 0x5492, 0x5492, 0x4451, 0x3BF0, 0x3BB0,
  0x3B6F, 0x3B0D, 0x42ED, 0x530D, 0x736E, 0x9C71, 0xD5D4, 0xF6F7, 0xFFDA, 0xACF2,
  0x9CD4, 0xF79D, 0xF77C, 0xF79D, 0xF79D, 0xF79D, 0xF79D, 0xF79D, 0xF79D, 0xF79D,
  0xF79D, 0xF79D, 0xF79D, 0xF79D, 0xF79D, 0xF79D, 0xF79D, 0xF79D, 0xF79D, 0xF79D,
  0xF79D, 0xF79D, 0xF79D, 0xF79D, 0xF79D, 0xF79D, 0xF79D, 0xF79D, 0xF79D, 0xF79D,
  0xF79D, 0xF79D, 0xB596, 0x7C32, 0xF7DC, 0xFFFC, 0xFFFC, 0xFFDC, 0xFFDB, 0xFF99,
  0xFF78, 0xFF78, 0xFF17, 0xC656, 0x3A4C, 0xBDB6, 0xBDD7, 0xAD55, 0xA4D4, 0x9CD4,
  0x83F1, 0x4A0A, 0xACD1, 0xB4F2, 0xC574, 0xD5F5, 0xE697, 0xFF18, 0xFF79, 0xFF58,
  0xF718, 0xEED7, 0xFF38, 0xC594, 0x8C73, 0xF79D, 0xF77C, 0xF79D, 0xF79D, 0xF79D,
  0xF79D, 0xF79D, 0xF79D, 0xF79D, 0xF79D, 0xF79D, 0xF79D, 0xF79D, 0xF79D, 0xF79D,
  0xF79D, 0xF79D, 0xF79D, 0xF79D, 0xF79D, 0xF79D, 0xF79D, 0xF79D, 0xF79D, 0xF79D,
  0xF79D, 0xF79D, 0xF79D, 0xF79D, 0xF79D, 0xF79D, 0xBDD7, 0x63B0, 0xDF9C, 0xD71B,
  0xDF3A, 0xE75A, 0xE77A, 0xDF3A, 0xBE56, 0xA615, 0x7595, 0x65F6, 0x3AEE, 0xE71B,
  0xF79D, 0xF79D, 0xF79D, 0xF79D, 0xC617, 0xA4F3, 0xFFFE, 0xFFFC, 0xFFFC, 0xFFFC,
  0xFFDC, 0xFFBB, 0xFF9B, 0xF759, 0xEED7, 0xEEF7, 0xFF58, 0xBD74, 0x8433, 0xF79D,
  0xF77C, 0xF79D, 0xF79D, 0xF79D, 0xF79D, 0xF79D, 0xF79D, 0xF79D, 0xF79D, 0xF79D,
  0xF79D, 0xF79D, 0xF79D, 0xF79D, 0xF79D, 0xF79D, 0xF79D, 0xF79D, 0xF79D, 0xF79D,
  0xF79D, 0xF79D, 0xF79D, 0xF79D, 0xF79D, 0xF79D, 0xF79D, 0xF79D, 0xF79D, 0xF79D,
  0xE6FA, 0x52EE, 0xE7BD, 0xCEFB, 0xBEBA, 0xBEDA, 0xBEBA, 0xBEBA, 0x75D6, 0x5D95,
  0x5DB5, 0x65F6, 0x428D, 0xF77C, 0xF79C, 0xF77C, 0xF77C, 0xF79C, 0xA515, 0x8C93,
  0xF7FC, 0xFFFC, 0xFFFC, 0xFFFC, 0xFFDC, 0xFFFC, 0xFFFC, 0xFFFD, 0xFF58, 0xE6B6,
  0xBE97, 0x5472, 0x8C53, 0xF79D, 0xF77C, 0xF79D, 0xF79D, 0xF79D, 0xF79D, 0xF79D,
  0xF79D, 0xF79D, 0xF79D, 0xF79D, 0xF79D, 0xF79D, 0xF79D, 0xF79D, 0xF79D, 0xF79D,
  0xF79D, 0xF79D, 0xF79D, 0xF79D, 0xF79D, 0xF79D, 0xF79D, 0xF79D, 0xF79D, 0xF79D,
  0xF79D, 0xF79D, 0xF79D, 0xF79D, 0xF79D, 0x7BF1, 0x6BF1, 0xD79D, 0xD77C, 0xD75C,
  0xD73C, 0xCF3B, 0x7E37, 0x6E36, 0x6DF6, 0x3B0E, 0x9CB4, 0xF79D, 0xF79D, 0xF79D,
  0xF79D, 0xF79D, 0xAD35, 0x7432, 0xDF7C, 0xD71A, 0xD73A, 0xE75A, 0xE75B, 0xE75A,
  0xDF5A, 0xD73A, 0xA657, 0x6D95, 0x65F6, 0x43F0, 0xA515, 0xF79D, 0xF77C, 0xF79D,
  0xF79D, 0xF79D, 0xF79D, 0xF79D, 0xF79D, 0xF79D, 0xF79D, 0xF79D, 0xF79D, 0xF79D,
  0xF79D, 0xF79D, 0xF79D, 0xF79D, 0xF79D, 0xF79D, 0xF79D, 0xF79D, 0xF79D, 0xF79D,
  0xF79D, 0xF79D, 0xF79D, 0xF79D, 0xF79D, 0xF79D, 0xF79D, 0xF79D, 0xF79D, 0xF79C,
  0x7BB1, 0x530F, 0x84B4, 0x9576, 0x95B7, 0x6514, 0x54F3, 0x43D0, 0x3A8C, 0x9C94,
  0xF79D, 0xF79D, 0xF79D, 0xF79D, 0xF79D, 0xF79D, 0xCE58, 0x5B2F, 0xEFBE, 0xCEFB,
  0xBEDA, 0xC6DA, 0xBEDA, 0xBEDA, 0xBEDA, 0xC6DB, 0x6DD6, 0x65B5, 0x7636, 0x326D,
  0xDEDA, 0xF79D, 0xF79D, 0xF79D, 0xF79D, 0xF79D, 0xF79D, 0xF79D, 0xF79D, 0xF79D,
  0xF79D, 0xF79D, 0xF79D, 0xF79D, 0xF79D, 0xF79D, 0xF79D, 0xF79D, 0xF79D, 0xF79D,
  0xF79D, 0xF79D, 0xF79D, 0xF79D, 0xF79D, 0xF79D, 0xF79D, 0xF79D, 0xF79D, 0xF79D,
  0xF79D, 0xF79D, 0xF79D, 0xF79D, 0xF79D, 0xD679, 0x9494, 0x7BD1, 0x6B90, 0x6B90,
  0x83F2, 0xAD35, 0xEF3B, 0xF79D, 0xF79D, 0xF79D, 0xF79D, 0xF79D, 0xF79D, 0xF79D,
  0xF79D, 0x632F, 0x84F4, 0xDFBD, 0xD73C, 0xCF1B, 0xCF1B, 0xCEFB, 0xD71B, 0xA699,
  0x6E16, 0x6E16, 0x43B0, 0x8412, 0xF79D, 0xF79D, 0xF79D, 0xF79D, 0xF79D, 0xF79D,
  0xF79D, 0xF79D, 0xF79D, 0xF79D, 0xF79D, 0xF79D, 0xF79D, 0xF79D, 0xF79D, 0xF79D,
  0xF79D, 0xF79D, 0xF79D, 0xF79D, 0xF79D, 0xF79D, 0xF79D, 0xF79D, 0xF79D, 0xF79D,
  0xF79D, 0xF79D, 0xF79D, 0xF79D, 0xF79D, 0xF79D, 0xF79D, 0xF79D, 0xF79D, 0xF79D,
  0xF79D, 0xF79D, 0xF79D, 0xF79D, 0xF79D, 0xF79D, 0xF79D, 0xF79D, 0xF79D, 0xF79D,
  0xF79D, 0xF79D, 0xF79D, 0xF79D, 0xF79D, 0xE71B, 0x632F, 0x6BB1, 0x9D96, 0xB679,
  0xBEDA, 0xAEB9, 0x8E17, 0x5D74, 0x4C72, 0x3AAD, 0x8412, 0xF79D, 0xF79D, 0xF79D,
  0xF79D, 0xF79D, 0xF79D, 0xF79D, 0xF79D, 0xF79D, 0xF79D, 0xF79D, 0xF79D, 0xF79D,
  0xF79D, 0xF79D, 0xF79D, 0xF79D, 0xF79D, 0xF79D, 0xF79D, 0xF79D, 0xF79D, 0xF79D,
  0xF79D, 0xF79D, 0xF79D, 0xF79D, 0xF79D, 0xF79D, 0xF79D, 0xF79D, 0xF79D, 0xF79D,
  0xF79D, 0xF79D, 0xF79D, 0xF79D, 0xF77C, 0xF79C, 0xF79C, 0xF79C, 0xF79C, 0xF77C,
  0xF79D, 0xF79D, 0xF79D, 0xF79D, 0xF79D, 0xF79D, 0xF79D, 0xF79D, 0xF79D, 0xF79D,
  0xF79D, 0xAD35, 0x6B70, 0x52CE, 0x428C, 0x326C, 0x3A8D, 0x52EE, 0x83F1, 0xD699,
  0xF79D, 0xF79D, 0xF79D, 0xF79D, 0xF79D, 0xF79D, 0xF79D, 0xF79D, 0xF79D, 0xF79D,
  0xF79D, 0xF79D, 0xF79D, 0xF79D, 0xF79D, 0xF79D, 0xF79D, 0xF79D, 0xF79D, 0xF79D,
  0xF79D, 0xF79D, 0xF79D, 0xF79D, 0xF79D, 0xF79D, 0xF79D, 0xF79D, 0xF79D, 0xF79D,
  0xF79D, 0xF79D, 0xF79D, 0xF79D, 0xF79D, 0xF79D, 0xF79D, 0xF79D, 0xF79D, 0xF79D,
  0xF79D, 0xF79D, 0xF79D, 0xF79D, 0xF79D, 0xF79D, 0xF79D, 0xF79D, 0xF79D, 0xF79D,
  0xF79D, 0xF79D, 0xF79D, 0xF79D, 0xF79D, 0xF79D, 0xF79D, 0xF79D, 0xF79D, 0xF79D,
  0xF79D, 0xF79D, 0xF79D, 0xF79D, 0xF79D, 0xF79D, 0xF79D, 0xF79D, 0xF79D, 0xF79D,
  0xF79D, 0xF79D, 0xF79D, 0xF79D, 0xF79D, 0xF79D, 0xF79D, 0xF79D, 0xF79D, 0xF79D,
  0xF79D, 0xF79D, 0xF79D, 0xF79D, 0xF79D, 0xF79D, 0xF79D, 0xF79D, 0xF79D, 0xF79D,
  0xF79D, 0xF79D, 0xF79D, 0xF79D, 0xF79D, 0xF79D, 0xF79D, 0xF79D, 0xF79D, 0xF79D,
  0xF79D, 0xF79D, 0xF79D, 0xF79D, 0xF79D, 0xF79D, 0xF79D, 0xF79D, 0xF79D, 0xF79D,
  0xF79D, 0xF79D, 0xF79D, 0xF79D, 0xF79D, 0xF79D, 0xF79D, 0xF79D, 0xF79D, 0xF79D,
  0xF79D, 0xF79D, 0xF79D, 0xF79D, 0xF79D, 0xF79D, 0xF79D, 0xF79D, 0xF79D, 0xF79D,
  0xF79D, 0xF79D, 0xF79D, 0xF79D, 0xF79D, 0xF79D, 0xF79D, 0xF79D, 0xF79D, 0xF79D,
  0xF79D, 0xF79D, 0xF79D, 0xF79D, 0xF79D, 0xF79D, 0xF79D, 0xF79D, 0xF79D, 0xF79D,
  0xF79D, 0xF79D, 0xF79D, 0xF79D, 0xF79D, 0xF79D, 0xF79D, 0xF79D, 0xF79D, 0xF79D,
  0xF79D, 0xF79D, 0xF79D, 0xF79D, 0xF79D, 0xF79D, 0xF79D, 0xF79D, 0xF79D, 0xF79D,
  0xF79D, 0xF79D, 0xF79D, 0xF79D, 0xF79D, 0xF79D, 0xF79D, 0xF79D, 0xF79D, 0xF79D,
  0xF79D, 0xF79D, 0xF79D, 0xF79D, 0xF79D, 0xF79D, 0xF79D, 0xF79D, 0xF79D, 0xF79D,
  0xF79D, 0xF79D, 0xF79D, 0xF79D, 0xF79D, 0xF79D, 0xF79D, 0xF79D, 0xF79D, 0xF79D,
  0xF79D, 0xF79D, 0xF79D, 0xF79D, 0xF79D, 0xF79D, 0xF79D, 0xF79D, 0xF79D, 0xF79D,
  0xF79D, 0xF79D, 0xF79D, 0xF79D, 0xF79D, 0xF79D, 0xF79D, 0xF79D, 0xF79D, 0xF79D,
  0xF79D, 0xF79D, 0xF79D, 0xF79D, 0xF79D, 0xF79D, 0xF79D, 0xF79D, 0xF79D, 0xF79D,
  0xF79D, 0xF79D, 0xF79D, 0xF79D, 0xF79D, 0xF79D, 0xF79D, 0xF79D, 0xF79D, 0xF79D,
  0xF79D, 0xF79D, 0xF79D, 0xF79D, 0xF79D, 0xF79D, 0xF79D, 0xF79D, 0xF79D, 0xF79D,
  0xF79D, 0xF79D, 0xF79D, 0xF79D, 0xF79D, 0xF79D, 0xF79D, 0xF79D, 0xF79D, 0xF79D,
  0xF79D, 0xF79D, 0xF79D, 0xF79D, 0xF79D, 0xF79D, 0xF79D, 0xF79D, 0xF79D, 0xF79D,
  0xF79D, 0xF79D, 0xF79D, 0xF79D,
};

const lv_img_dsc_t memo_mascot_small = {
  .header = {.cf = LV_IMG_CF_TRUE_COLOR, .always_zero = 0, .reserved = 0, .w = 64, .h = 76},
  .data_size = sizeof(memo_mascot_small_pixels),
  .data = reinterpret_cast<const uint8_t *>(memo_mascot_small_pixels),
};
